#رقم	مشكول	غيرمشكول	جذر	وزن	صنف	أصل	معرفة	جنس	مؤنث 	مذكر	عدد	الجمع	مفرد	التأنيث	التثنية	ج, مؤ, س,	ج, مذ, س,	المنقوص	تنوين النصب	نسب	إض. لف.	ـو	ك	كال	ها	هم	تنون النصب	
2	أَذْلَفٌ		ذلف		صفة مشبهة			مذكر	ذَلْفَاءُ		مفرد	ذُلْفٌ			DnN													". ""وَلَدٌ أَذْلَفُ"": صَغُرَ أَنْفُهُ وَاسْتَوَتْ أَرْنَبَتُهُ."
3	ذَلْفَاءُ		ذلف		صفة مشبهة			مؤنث			مفرد	ذَلْفَاوَاتٌ			Dw					Rw								
4	ذُلْفٌ		ذلف		صفة مشبهة			مذكر			جمع		أَذْلَفٌ						Tn									
5	ذَلْفَاوَاتٌ		ذلف		صفة مشبهة			مؤنث			جمع		ذَلْفَاءُ						Tn									
6	أَبْرَشٌ		برش		صفة مشبهة			مذكر	برشاء		مفرد	برش			DnN												Non	الأَبْرَش : الذي في لونه بَرَشٌ، أي نقط يخالف لونها لون جلده مؤ بَرْشَاء ج  برْشٌ.
7	بَرْشَاءُ		برش		صفة مشبهة			مؤنث			مفرد	بَرْشَاوَاتٌ			Dw					Rw							Non	
8	بُرْشٌ		برش		صفة مشبهة			مذكر			جمع		أَبْرَشٌ						Tn									
9	بَرْشَاوَاتٌ		برش		صفة مشبهة			مؤنث			جمع		بَرْشَاءُ						Tn									
10	أَنْسَى		نسي		صفة مشبهة			مذكر	نَسْياء		مفرد	نسْيٌ			Dy												Non	.: عِرْقٌ في السَّاقِ السفْلَى، عِرْقٌ مِن الوَرِكِ إلى الكَعْبِ.
11	نَسْيَاءُ		نسي		صفة مشبهة			مؤنث			مفرد	نَسْيَاوَاتٌ			Dw					Rw							Non	
12	نُسْيٌ		نسي		صفة مشبهة			مذكر			جمع		أَنْسَى						Tn									
13	نَسْيَاوَاتٌ		نسي		صفة مشبهة			مؤنث			جمع		نَسْيَاءُ						Tn									
14	أنْمَر		نمر		صفة مشبهة			مذكر	نَمْرَاء		مفرد	نمْرٌ			DnN												Non	"أنْمَر - ج: نمْرٌ، مؤَنّث: نَمْرَاء. [ن م ر]. ""فَرَسٌ أَنْمَر "": فِيهِ نمْرَةٌ بَيْضَاء وَأخْرَى عَلَى أَيِّ لَوْنٍ كَانَ.   ""ثَوْبٌ أَنْمَر""."
15	نَمْرَاءُ		نمر		صفة مشبهة			مؤنث			مفرد	نَمْرَاوَاتٌ			Dw					Rw							Non	
16	نُمْرٌ		نمر		صفة مشبهة			مذكر			جمع		أنْمَر						Tn									
17	نَمْرَاوَاتٌ		نمر		صفة مشبهة			مؤنث			جمع		نَمْرَاءُ						Tn									
18	أَرْعَن		رعن		صفة مشبهة			مذكر	رَعْنَاء		مفرد	رعْنٌ			DnN												Non	". 1. ""وَلَدٌ أَرْعَن"" : أَحْمَق، أَهْوَج. 2. ""جَبَلٌ أَرْعَن"" : طَوِيلٌ وَذو أنوفٍ عِظَامٍ شَاخِصَةٍ. 3. ""رَجلٌ أَرْعَن"" : طَوِيل الأَنْفِ. 4.""جَيْشٌ أَرْعَن"" : عَظِيمٌ وَضَخْمٌ، جَرَّارٌ."
19	رَعْنَاءُ		رعن		صفة مشبهة			مؤنث			مفرد	رَعْنَاوَاتٌ			Dw												Non	
20	رُعْنٌ		رعن		صفة مشبهة			مذكر			جمع		أَرْعَن						Tn									
21	رَعْنَاوَاتٌ		رعن		صفة مشبهة			مؤنث			جمع		رَعْنَاءُ						Tn									
22	أَعْصَم		عصم		صفة مشبهة			مذكر	عَصْماء		مفرد	عصْمٌ			DnN												Non	"أَعْصَم-أَعْصَم [ع ص م]. ""غَزَالٌ أَعْصَم"" : ذِرَاعَاه فِيهِمَا بَيَاضٌ وَسَائِره أَسْوَد."
23	عَصْمَاءُ		عصم		صفة مشبهة			مؤنث			مفرد	عَصْمَاوَاتٌ			Dw					Rw							Non	
24	عُصْمٌ		عصم		صفة مشبهة			مذكر			جمع		أَعْصَم						Tn									
25	عَصْمَاوَاتٌ		عصم		صفة مشبهة			مؤنث			جمع		عَصْمَاءُ						Tn									
26	أَطْحَل		طحل		صفة مشبهة			مذكر	طَحْلاء		مفرد	طحْلٌ			DnN												Non	". ""غبارٌ أَطْحَل"" : لَوْنه كَلَوْنِ الرَّمادِ. بَيْنَ الْغبْرَةِ والبَياضِ. وَأَغْدو على القوتِ الزَّهيدِ كَما غَدا*أزَلّ تَهـاداه التَّنائِـف أَطْحَـل (الشنفرى)."
27	طَحْلَاءُ		طحل		صفة مشبهة			مؤنث			مفرد	طَحْلَاوَاتٌ			Dw					Rw							Non	
28	طُحْلٌ		طحل		صفة مشبهة			مذكر			جمع		أَطْحَل						Tn									
29	طَحْلَاوَاتٌ		طحل		صفة مشبهة			مؤنث			جمع		طَحْلَاءُ						Tn									
30	أعْفَر		أعفر		صفة مشبهة			مذكر	عَفْراء		مفرد	عفْرٌ			DnN												Non	ج: عفْرٌ. مؤ: عَفْراء. (صف). 1. : ما علاه التّراب. 2.: الغَزَال الَّذِي يَعْلو بَيَاضَه حمْرَةٌ.
31	عَفْرَاء		عفر		صفة مشبهة			مؤنث		أَعْفَر	مفرد	عَفْرَاوَاتٌ			Dw					Rw							Non	. 1. : الأَرْض البَيْضَاء. 2. : اللَّيْلَة الثَّالِثَة عَشْرَةَ مِنَ الشَّهْرِ.
32	عُفْرٌ		عفر		صفة مشبهة			مذكر			جمع		أعْفَر						Tn									
33	عَفْرَاوَاتٌ		عفر		صفة مشبهة			مؤنث			جمع		عَفْرَاء						Tn									
34	أبْرَص		برص		صفة مشبهة			مذكر	بَرْصَاء		مفرد	برْصٌ			DnN												Non	"(صف). ""رَجلٌ أَبْرَص"" : مصَابٌ بِالبَرَصِ وَهوَ مَرَضٌ غَيْر معْدٍ يصِيب جِلْدَ الإنْسَانِ. ن. بَرَصٌ ."
35	بَرْصاء		برص		صفة مشبهة			مؤنث		أَبْرَص	مفرد	بَرْصَاوَاتٌ			Dw					Rw							Non	". 1.""حَيَّةٌ بَرْصاء"" : جِلْدها بِهِ لمَع بَياضٍ. 2.""أَرْضٌ بَرْصاء"" : لَمْ يَبْقَ بِها نَباتٌ وَلا زَرْعٌ."
36	بُرْصٌ		برص		صفة مشبهة			مذكر			جمع		أبْرَص						Tn									
37	بَرْصَاوَاتٌ		برص		صفة مشبهة			مؤنث			جمع		بَرْصاء						Tn									
38	بَرْصَى		برص		صفة مشبهة			مؤنث			مفرد	بَرْصَاوَاتٌ															Non	
39	أَبْكَم		بكم		صفة مشبهة			مذكر	بَكْمَاء		مفرد	بكْمٌ			DnN												Non	"(صف). ""وَلَدٌ أَبْكَم"" : أخْرَس، لاَ يَتَكَلَّم."
40	بَكْمَاءُ		بكم		صفة مشبهة			مؤنث			مفرد	بَكْمَاوَاتٌ			Dw					Rw							Non	
41	بُكْمٌ		بكم		صفة مشبهة			مذكر			جمع		أَبْكَم						Tn									
42	بَكْمَاوَاتٌ		بكم		صفة مشبهة			مؤنث			جمع		بَكْمَاءُ						Tn									
43	بَكْمَى		بكم		صفة مشبهة			مؤنث			مفرد	بَكْمَاوَاتٌ															Non	
44	أَبْلَد		بلد		صفة مشبهة			مذكر			مفرد				DnN												Non	"أَبْلَد-أَبْلَد [ب ل د] (صف). ""مِنْ أَبْلَدِ النَّاسِ"" : غَيْر ذَكِيٍّ، بَلِيدٌ، غَبِيٌّ."
45	أَبْلَق		بلق		صفة مشبهة			مذكر	بَلْقَاء		مفرد	بلْقٌ			DnN												Non	"(صف). ""هوَ أَبْلَق"" : فِي لَوْنِهِ سَوَادٌ وَبَيَاضٌ ."
46	بَلْقَاء		بلق		صفة مشبهة			مؤنث		أبْلَق	مفرد	بَلْقَاوَاتٌ			Dw					Rw							Non	"(صف). ""اِمْرَأةٌ بَلْقَاء"" : فِي لَوْنِهَا سَوَادٌ وَبَيَاضٌ."
47	بُلْقٌ		بلق		صفة مشبهة			مذكر			جمع		أَبْلَق						Tn									
48	بَلْقَاوَاتٌ		بلق		صفة مشبهة			مؤنث			جمع		بَلْقَاء						Tn									
49	أَبْلَه		بله		صفة مشبهة			مذكر	بَلْهَاء		مفرد	بلْهٌ			DnN												Non	"(صف). ""هوَ رَجلٌ أَبْلَه"" : مَنْ كَانَ بِعَقْلِهِ ضَعْفٌ، أَحْمَق. """
50	بَلْهَاءُ		بله		صفة مشبهة			مؤنث			مفرد	بَلْهَاوَاتٌ			Dw					Rw							Non	
51	بُلْهٌ		بله		صفة مشبهة			مذكر			جمع		أَبْلَه						Tn									
52	بَلْهَاوَاتٌ		بله		صفة مشبهة			مؤنث			جمع		بَلْهَاءُ						Tn									
53	بَلْهَى		بله		صفة مشبهة			مؤنث			مفرد																Non	
54	أَبْيَض		بيض		صفة مشبهة			مذكر	بَيْضَاء		مفرد	بيضٌ			DnN												Non	"(صف). 1.""يَرْتَدِي قمِيصاً أَبْيَضَ"" : مَا كَان لَوْنه البَيَاضَ، لَوْن البَيْضَةِ وَالحَلِيبِ وَالثَّلْجِ. 2.""كَانَ مَوْته مَوْتاً أَبْيَضَ"": الْمَوْت الفجَائِيّ الَّذِي يَأْتي فَجْأَةً. 3.""بَدَأَ الخَيْط الأَبْيَض يَنْبَلِج مِن وَسَطِ السَّوَادِ"" : بَيَاض الفَجْرِ وَأَشِعَّته. 4.""اليَد البَيْضَاء"" : الإِنْعَام، الإحْسَان. 5. ""وَانْتَهَتِ الْمَعَارِك بِالسِّلاَحِ الأَبْيَضِ"" : بِالسَّكَاكِينِ وَالسّيوفِ. 6. ""كَانَ سَمَرنَا فِي لَيْلَةٍ بَيْضَاءَ"" : فِي لَيْلَةٍ مقْمِرَةٍ. 7. ""هوَ أَبْيَض الوَجْهِ"": متَهَلِّلٌ، نَقِىّ السَّرِيرَةِ لاَ عيوبَ فِيهِ. ""عَرَفْته أَبْيَضَ لاَ عَيْبَ فِيهِ""."
55	بَيْضاء		بيض		صفة مشبهة			مؤنث	بَيْضَاوَاتٌ	أبيض	مفرد	بِيضٌ			Dw					Rw							Non	". 1.""وَرَقَةٌ بَيْضاء"" : ما كانَ لَوْنه لَوْنَ الحَلِيبِ أو الثَّلْجِ. 2.""لَمْ يَكنْ يَرَى إِلاَّ سَراباً وَأَرْضاً بَيْضاءَ"" : أَرْضاً قاحِلَةً، لاَ زَرْعَ فِيها. 3.""كانَتْ لَه اليَد البَيْضاء على أَبْناءِ قَوْمِهِ"" : النِّعْمَة وَالإِحْسان دونَ مَنٍّ. 4.""كَانَتْ صَحيفَته بَيْضاءَ، لا أَحَدَ يشير إِلَيْهِ بِسوءٍ أَوْ لَوْمٍ"" : يَتَمَتَّع بِسمْعَةٍ طَيِّبَةٍ وَاحْتِرامٍ. 5.""قَضَى لَيْلَةً بَيْضاءَ أَمْسِ"" : الليلة ال"
56	بُيْضٌ		بيض		صفة مشبهة			مذكر			جمع		أَبْيَض						Tn									
57	بَيْضَاوَاتٌ		بيض		صفة مشبهة			مؤنث			جمع		بَيْضاء						Tn									
58	أَجْذَم		جذم		صفة مشبهة			مذكر	جَذْمَاء		مفرد	جذْمٌ;جَذْمَى			DnN												Non	"(صف) 1.""هوَ أجْذَم "": مصَابٌ بِدَاءِ الجذَامِ. 2.""رَجلٌ أَجْذَم"": مَقْطوع اليَدِ أَوْ أَطْرَافِ الأصَابِع."
59	جَذْمَاءُ		جذم		صفة مشبهة			مؤنث			مفرد	جَذْمَاوَاتٌ			Dw					Rw							Non	
60	جُذْمٌ		جذم		صفة مشبهة			مذكر			جمع		أَجْذَم						Tn									
61	جَذْمَاوَاتٌ		جذم		صفة مشبهة			مؤنث			جمع		جَذْمَاءُ						Tn									
62	جَذْمَى		جذم		صفة مشبهة			مؤنث			مفرد																Non	
63	أَجْرَب		جرب		صفة مشبهة			مذكر	جَرْبَاء		مفرد	جرْبٌ			DnN												Non	"(صف). ""رَجلٌ أجْرَب"" : مصَابٌ بِدَاءِ الجَرَبِ"
64	جَرْبَاء		جرب		صفة مشبهة			مؤنث		أَجْرَب	مفرد	جَرْبَاوَاتٌ			Dw					Rw							Non	"(صف). 1.""كَلْبَةٌ جَرْبَاء"": مصَابَةٌ بِدَاءِ الجَرَبِ. 2.""أَرْضٌ جَرْبَاء"" : أَرْضٌ بورٌ لاَ تنْبِت زَرْعاً."
65	جُرْبٌ		جرب		صفة مشبهة			مذكر			جمع		أَجْرَب						Tn									
66	جَرْبَاوَاتٌ		جرب		صفة مشبهة			مؤنث			جمع		جَرْبَاء						Tn									
67	جَرْبَى		جرب		صفة مشبهة			مؤنث			مفرد																Non	
68	أَجْرَد		جرد		صفة مشبهة			مذكر	جَرْدَاء		مفرد	جرْدٌ			DnN												Non	"(صف). 1.""رَجلٌ أَجْرَد"" : لاَ شَعْرَ عَلَى جَسَدِهِ. 2.""تَسَلَّقَ صَخْرَةً جَرْدَاءَ"" : مَلْسَاءَ."
69	جَرْدَاء		جرد		صفة مشبهة			مؤنث		أَجْرَد	مفرد	جَرْدَاوَاتٌ			Dw					Rw							Non	"(صف). ""مِنْطَقَةٌ لاَ توجَد بِهَا إِلاَّ الصّخور الجَرْدَاء"" : خَالِيَةٌ إِلاَّ مَا كَانَ مِنَ الصّخورِ الْمَلْسَاءِ."
70	جُرْدٌ		جرد		صفة مشبهة			مذكر			جمع		أَجْرَد						Tn									
71	جَرْدَاوَاتٌ		جرد		صفة مشبهة			مؤنث			جمع		جَرْدَاء						Tn									
72	أجَشّ		جشش		صفة مشبهة			مذكر	جَشَّاء		مفرد	جشٌّ			DnN												Non	"(صف). ""لاَ يحْسِن الغِنَاءَ لأَنَّ صَوْتَه أَجَشّ"" : غَلِيظ الصَّوْتِ. ""تغَنِّي بِصَوْتٍ أجَشَّ"" ""فَرَسٌ أَجَشّ"" ""رَعْدٌ أَجَشّ""."
73	جَشْاَء		جشش		صفة مشبهة			مؤنث			مفرد	جَشَّاوَاتٌ			Dw					Rw							Non	
74	جُشٌّ		جشش		صفة مشبهة			مذكر			جمع		أجَشّ						Tn									
75	جَشَّاوَاتٌ		جشش		صفة مشبهة			مؤنث			جمع		جَشْاَء						Tn									
76	أجْوَف		جوف		صفة مشبهة			مذكر	جَوْفَاء		مفرد	جوفٌ			DnN												Non	"(صف). 1.""صِهْرِيجٌ أجْوَف"": عَمِيقٌ وَذو جَوْفٍ وَاسِعٍ. 2. ""فِعْلٌ أجْوَف""، أَيْ مَا كَانَ عَيْنه حَرْفَ عِلَّةٍ : قالَ، سَارَ، بَاعَ، طَار، نَامَ."
77	جَوْفَاءُ		جوف		صفة مشبهة			مؤنث			مفرد	جَوْفَاوَاتٌ			Dw					Rw							Non	
78	جُوْفٌ		جوف		صفة مشبهة			مذكر			جمع		أجْوَف						Tn									
79	جَوْفَاوَاتٌ		جوف		صفة مشبهة			مؤنث			جمع		جَوْفَاءُ						Tn									
80	أَحْدَب		حدب		صفة مشبهة			مذكر	حَدْبَاء		مفرد	حدْبٌ			DnN												Non	"(صف). ""ولِدَ هَذَا الرَّجل أَحْدَبَ"" : مَنْ يَمِيل ظَهْره إِلَى أَعْلاَه كَأنَّه يَحْمِل صرَّةً، أَيْ فَوْقَ ظَهْرِهِ حَدَبَةٌ."
81	حَدْباء		حدب		صفة مشبهة			مؤنث		أَحْدَب	مفرد	حَدْبَاوَاتٌ			Dw					Rw							Non	". 1.""اِمْرَأَةٌ حَدْباء"" : مَنْ عَلاَ ظَهْرها وَدَخَلَ صَدْرها. 2.""سَنَةٌ حَدْباء"" : قاحِطَةٌ، سَنَة جَفافٍ."
82	حُدْبٌ		حدب		صفة مشبهة			مذكر			جمع		أَحْدَب						Tn									
83	حَدْبَاوَاتٌ		حدب		صفة مشبهة			مؤنث			جمع		حَدْباء						Tn									
84	حَدْبَى		حدب		صفة مشبهة			مؤنث			مفرد	حَدْبَاوَاتٌ															Non	
85	أَحْرَش		حرش		صفة مشبهة			مذكر	حَرْشَاء		مفرد	حرْشٌ			DnN												Non	"(صف). ""مَا يَزَال الجِلْد أَحْرَشَ"" : غلِيظاً خَشِناً."
86	حَرْشَاءُ		حرش		صفة مشبهة			مؤنث			مفرد	حَرْشَاوَاتٌ			Dw					Rw							Non	
87	حُرْشٌ		حرش		صفة مشبهة			مذكر			جمع		أَحْرَش						Tn									
88	حَرْشَاوَاتٌ		حرش		صفة مشبهة			مؤنث			جمع		حَرْشَاءُ						Tn									
89	أحْمَر		حمر		صفة مشبهة			مذكر	حَمْرَاء		مفرد	حمْر			DnN												Non	"(صف). 1. ""لَبِسَ قَمِيصًا أحْمَرَ"" : مَا كَان لَوْنه الحمْرَة، مَا يشْبِه الدَّمَ. 2. ""لَوْن كسْوَتِهَا أحْمَر قَاتِمٌ"" : حمْرَتهَا قَاتِمَةٌ. 3. ""وَضَعَتِ الْمَرْأَة أحْمَرَ الشِّفَاهِ عَلَى شَفَتَيْهَا"": مَسْحوقٌ لِلزِّينَةِ."
90	حَمْرَاء		حمر		صفة مشبهة			مؤنث		أَحْمَرَ	مفرد	حَمْرَاوَاتٌ			Dw					Rw							Non	". 1. ""اِرْتَفَعَتِ الرَّايَات الحمْر"" : الرَّايَات الْمَصْبوغَة بِاللَّوْنِ الأحْمَرِ. 2. ""سَنَةٌ حَمْرَاء"" : قَاحِلَةٌ لاَ زَرْعَ وَلاَ نَبَاتَ فيها. 3.""اِنْتَشَرَتْ بقَعٌ حمْرٌ فِي جِسْمِهِ"" : نقَطٌ محَمَّرَةٌ بِلَوْنِ الدَّمِ. ""كَانَتِ النِّسَاء وَالفَتَيَات مخْتَلِفَاتِ السِّنِّ وَاللَّوْنِ، فِيهِنَّ الحَمْرَاوَات وَالسَّوْدَاوَات"" (ع. غلاب). 4. ""لَيْلَةٌ حَمْراء"" : لَيْلَةٌ مَاجِنَةٌ. 5. ""الأَشِعَّة تحْتَ الحَمْرَاءِ"" : الأشِعَّة غَيْر الْمَرْئِيَّةِ."
91	حُمْرٌ		حمر		صفة مشبهة			مذكر			جمع		أحْمَر						Tn									
92	حَمْرَاوَاتٌ		حمر		صفة مشبهة			مؤنث			جمع		حَمْرَاء						Tn									
93	أحْمَق		حمق		صفة مشبهة			مذكر	حَمْقَاء		مفرد	حمْق;حَمْقَى			DnN												Non	"(صف). ""إنه أَحْمَق الحَيِّ "" : رَجلٌ قَلِيل العَقْلِ فَاسِد الرَّأْيِ، يَأْتِي بِأعْمَالٍ لاَ مَعْنَى لَهَا. ""نَظَرَ بَعْض الحكَمَاءِ إِلَى أَحْمَقَ عَلَى حَجَرٍ فَقَالَ: حَجَرٌ عَلَى حَجَرٍ""(الأبشيهي) ""يَتَصَرَّف تَصَرّفَ الغَبِيّ الأَحْمَقِ"" ""كل مَنْ رَآها يَعْتَقِد أنَّهَا حَمْقَاء""."
94	حَمْقَاء		حمق		صفة مشبهة			مؤنث		أَحْمَق	مفرد	حَمْقَاوَاتٌ			Dw					Rw							Non	". 1.""اِمْرَاةٌ حَمْقَاء"" : بِنْت حمْقٍ. 2. ""البَقْلَة الحَمْقَاء"" (نب).: نَبَاتٌ عشْبِيٌّ لَحْمِيٌّ مِنْ فَصِيلَةِ الرِّجْلِيَّاتِ."
95	حُمْقٌ		حمق		صفة مشبهة			مذكر			جمع		أحْمَق						Tn									
96	حَمْقَاوَاتٌ		حمق		صفة مشبهة			مؤنث			جمع		حَمْقَاء						Tn									
97	حَمْقَى		حمق		صفة مشبهة			مؤنث			مفرد	حَمْقَاوَاتٌ															Non	
98	أَحْوَر		حور		صفة مشبهة			مذكر	حَوْرَاء		مفرد	حورٌ			DnN												Non	"(صف). ""وَلَدٌ أَحْوَر"" : وَلدٌ اشْتَدَّ بَيَاض بَيَاضِ عَيْنَيْهِ مَعَ سَوَادِ سَوَادِهِمَا. ""اِمْرَأَةٌ حَوْرَاء""."
99	حَوْرَاء		حور		صفة مشبهة			مؤنث			مفرد	حورٌ			Dw					Rw							Non	". 1. ""اِمْرَأةٌ حَوْرَاء"" : بَيْضَاء. 2. ""عَيْنٌ حَوْرَاء"" : إذَا اشْتَدَّ بَيَاض بَيَاضِهَا وَسَواد سَوَادِهَا."
100	حُوْرٌ		حور		صفة مشبهة			مذكر			جمع		أَحْوَر						Tn									
101	حَوْرَاوَاتٌ		حور		صفة مشبهة			مؤنث			جمع		حَوْرَاء						Tn									
102	أحْوَل		حول		صفة مشبهة			مذكر	حَوْلاَء		مفرد	حولٌ			DnN												Non	"(صف). ""وَلَدٌ أحْوَل"" : مَنْ كَان بعَيْنَيْهِ حَوَلٌ منْذ صِغَرِه، أيْ عَيْنَاه تَنْظرَانِ فِي اتِّجَاهَيْنِ فِي آنٍ وَاحِدٍ."
103	حَوْلاَء		حول		صفة مشبهة			مؤنث		أَحْوَل	مفرد	حَوْرَاوَاتٌ			Dw					Rw							Non	.: مَنْ بِهَا حَوَلٌ.
104	حُوْلٌ		حول		صفة مشبهة			مذكر			جمع		أحْوَل						Tn									
105	حَوْلَاوَاتٌ		حول		صفة مشبهة			مؤنث			جمع		حَوْلاَء						Tn									
106	حَوْلَى		حول		صفة مشبهة			مؤنث			مفرد	حَوْلَاوَاتٌ															Non	
107	أخرَس		خرس		صفة مشبهة			مذكر	خَرْسَاء		مفرد	خرْسٌ			DnN												Non	"(صف). 1. ""وَلَدٌ أخْرَس"" : مَنِ انْعَقَدَ لِسَانه عَنِ الكَلاَمِ، الأَبْكَم. 2. ""مَرَّتْ سَحَاب"
108	خَرْسَاء		خرس		صفة مشبهة			مؤنث		أخْرَسَ	مفرد	خَرْسَاوَاتٌ			Dw					Rw							Non	". ""ولِدَتْ خَرْسَاءَ"" : مَعْقودٌ لِسَانهَا، لاَ تَنْطِق ."
109	خُرْسٌ		خرس		صفة مشبهة			مذكر			جمع		أخرَس						Tn									
110	خَرْسَاوَاتٌ		خرس		صفة مشبهة			مؤنث			جمع		خَرْسَاء						Tn									
111	خَرْسَى		خرس		صفة مشبهة			مؤنث			مفرد	خَرْسَاوَاتٌ															Non	
112	أَخْشَن		خشن		صفة مشبهة			مذكر	خَشْنَاء		مفرد	خشْنٌ			DnN												Non	"(صف). 1. ""رَجلٌ أخْشَن"" : دَمِيم الحَالِ. 2.""هوَ أخْشَن الجَانِبِ"" : صَعْبه، لاَ يطَاق. 3.""كَتِيبَةٌ خَشْنَاء"" : كثِيرَة السِّلاَحِ. "
113	خَشْنَاءُ		خشن		صفة مشبهة			مؤنث			مفرد	خَشْنَاوَاتٌ			Dw					Rw							Non	
114	خُشْنٌ		خشن		صفة مشبهة			مذكر			جمع		أَخْشَن						Tn									
115	خَشْنَاوَاتٌ		خشن		صفة مشبهة			مؤنث			جمع		خَشْنَاءُ						Tn									
116	أَخْضَرُ		خضر		صفة مشبهة			مذكر	خَضْرَاء		مفرد	خضْرٌ			DnN												Non	"(صف). 1. ""يَحْمِل كِتَاباً لَوْن غِلافِهِ أَخْضَر"" : لَوْنه لَوْن الخضْرَةِ. ""لَمْ تَكنْ تَرَى إِلاَّ الأَرَاضِيَ الخضْرَ"" : أَيْ مَكْسوَّةً بِالنَّبَاتَاتِ. 2. ""أَتَتِ النار عَلَى الأَخْضَرِ وَاليَابِسِ"" : أَهْلَكَتْ، أَتْلَفَتْ كلَّ شَيْءٍ . 3. ""حَاوَلَ أَنْ يشْعِل النَّارَ فِي شَجَرَةٍ خَضْرَاءَ"" : طَريَّة."
117	خَضْرَاء		خضر		صفة مشبهة			مؤنث		أَخْضَر	مفرد	خَضْرَاوَاتٌ			Dw					Rw							Non	". 1. ""لَمْ نَكنْ نَرَى إِلاَّ الخَضْرَاءَ بِمخْتَلِفِ الحقولِ"" : خضَر البقولِ، وَهِيَ أَنْوَاع النَّبَاتَاتِ العشْبِيَّةِ الَّتِي يَغْتَذِي الإِنْسَان بِهَا. "" تَجَنَّبوا مِنْ خَضْرَائِكمْ ذَوَاتَ الرِّيحِ"" : يَعْنِي الثّـومَ والبَصَلَ. 2.""القبَّة الخَضْراء"" : السَّماء. 3.""اِنْتَشَرَ جنْد الخَضْرَاءِ فِي البِقَاعِ"" : الكَتِيبَة العَظِيمَة يَعْلوهَا سَوَاد الحَدِيدِ. 4.""خَضْرَاء الدِّمَنِ"" : يكَنَّى بِهَا "
118	خُضْرٌ		خضر		صفة مشبهة			مذكر			جمع		أَخْضَرُ						Tn									
119	خَضْرَاوَاتٌ		خضر		صفة مشبهة			مؤنث			جمع		خَضْرَاء						Tn									
120	أَدْهَم		دهم		صفة مشبهة			مذكر	دَهْمَاء		مفرد	دهْمٌ			DnN												Non	"(صف). ""جَوَادٌ أَدْهَم"" : أَسْوَد. ""وَصَلَ الخَبير عَلَى ظَهْرِ جوادٍ أدْهَمَ"".(أحمد التوفيق)."
121	دَهْمَاءُ		دهم		صفة مشبهة			مؤنث			مفرد	دَهْمَاوَاتٌ			Dw					Rw							Non	
122	دُهْمٌ		دهم		صفة مشبهة			مذكر			جمع		أَدْهَم						Tn									
123	دَهْمَاوَاتٌ		دهم		صفة مشبهة			مؤنث			جمع		دَهْمَاءُ						Tn									
124	أَذْقَن		ذقن		صفة مشبهة			مذكر	ذَقْنَاءُ		مفرد	ذقْنٌ			DnN												Non	"(صف). ""رَجلٌ أَذْقَن"" : طَوِيل الذَّقَنِ."
125	ذَقْنَاءُ		ذقن		صفة مشبهة			مؤنث			مفرد	ذَقْنَاوَاتٌ			Dw					Rw							Non	
126	ذُقْنٌ		ذقن		صفة مشبهة			مذكر			جمع		أَذْقَن						Tn									
127	ذَقْنَاوَاتٌ		ذقن		صفة مشبهة			مؤنث			جمع		ذَقْنَاءُ						Tn									
128	أَرْقَش		رقش		صفة مشبهة			مذكر	رَقْشَاء		مفرد	رقْشٌ			DnN												Non	"(صف). ""حَيَوَانٌ أَرْقَش"": منَقَّطٌ بِسَوَادٍ وَبَيَاضٍ. ""حَيَّةٌ رَقْشَاء"" ."
129	رَقْشاء		رقش		صفة مشبهة			مؤنث		أَرْقَش	مفرد	رَقْشَاوَاتٌ			Dw					Rw							Non	". ""حَيَّةٌ رَقْشاء"" : الحَيَّة الْمنَقَّطَة بِسَوادٍ وَبَياضٍ."
130	رُقْشٌ		رقش		صفة مشبهة			مذكر			جمع		أَرْقَش						Tn									
131	رَقْشَاوَاتٌ		رقش		صفة مشبهة			مؤنث			جمع		رَقْشاء						Tn									
132	أَرْقط		رقط		صفة مشبهة			مذكر	رَقْطَاء		مفرد	رقْطٌ			DnN												Non	"(صف). ""حَيَوَانٌ أَرْقَط"" : جِلْده مرَكَّبٌ مِنْ لَوْنَيْنِ، إِمَّا بِهِ بَيَاضٌ تخَالِطه نقَطٌ سودٌ أَوْ عَكْس ذَلِكَ. ""حَيَّة رَقْطَاء""."
133	رَقْطَاءُ		رقط		صفة مشبهة			مؤنث			مفرد	رَقْطَاوَاتٌ			Dw					Rw							Non	
134	رُقْطٌ		رقط		صفة مشبهة			مذكر			جمع		أَرْقط						Tn									
135	رَقْطَاوَاتٌ		رقط		صفة مشبهة			مؤنث			جمع		رَقْطَاءُ						Tn									
136	أَزْرَق		زرق		صفة مشبهة			مذكر	زَرْقَاء		مفرد	زرْقٌ			DnN												Non	"(صف). ""تَأَمَّلْ لَوْنَ السَّمَاءِ، إِنَّه أَزْرَق"" : مَا كَانَ لَوْنه الزّرْقَةَ. ""دَخَلَ العمَّال بِبِذْلَتِهِم الزَّرْقَاءِ""."
137	زَرْقاء		زرق		صفة مشبهة			مؤنث		أَزْرَق	مفرد	زَرْقَاوَاتٌ			Dw					Rw							Non	". 1.""كانَتِ السَّماء زَرْقاءَ"" : لَوْنها أَزْرَق زرْقَةَ السَّمَاءِ، صافِيَة الأَديمِ. 2.""نَظَرَ إلى الزَّرْقاءِ، القبَّةِ الزَّرْقَاءِ"" : السَّماءِ. 3.""تَناوَلَ الزَّرْقاءَ"" : الْخَمْرَ. 4.""الرِّجال الزّرْق"" : صِفَةٌ تطْلَق على بَعْضِ سكَّانِ الصَّحْراءِ وَمَنْ يَلْبَس مِنْهمْ أَلْبِسَةً زَرْقاءَ."
138	زُرْقٌ		زرق		صفة مشبهة			مذكر			جمع		أَزْرَق						Tn									
139	زَرْقَاوَاتٌ		زرق		صفة مشبهة			مؤنث			جمع		زَرْقاء						Tn									
140	أَزْعَر		زعر		صفة مشبهة			مذكر	زَعْرَاء		مفرد	زعْرٌ			DnN												Non	"(صف). ""رَجلٌ أَزْعَر"" : قَلِيل الشَّعَرِ متَفَرِّقه.الأَزْعَر : القليل الشَّعر المتفرقه؛ يبحث الأزعر عن علاج لشعره علّه يزداد ويكثف مؤزَعْراء ج زعْرٌ. "
141	زَعْرَاءُ		زعر		صفة مشبهة			مؤنث			مفرد	زَعْرَاوَاتٌ			Dw					Rw							Non	
142	زُعْرٌ		زعر		صفة مشبهة			مذكر			جمع		أَزْعَر						Tn									
143	زَعْرَاوَاتٌ		زعر		صفة مشبهة			مؤنث			جمع		زَعْرَاءُ						Tn									
144	زَعْرَى		زعر		صفة مشبهة			مؤنث			مفرد	زَعْرَاوَاتٌ															Non	
145	أشْرَس		شرس		صفة مشبهة			مذكر	شَرْساء		مفرد	شرْسٌ			DnN												Non	"(صف). ""النَّمِر أَشْرَس الحَيَواناتِ"" : أَعْنَفها."
146	شَرْسَاءُ		شرس		صفة مشبهة			مؤنث			مفرد	شَرْسَاوَاتٌ			Dw					Rw							Non	
147	شُرْسٌ		شرس		صفة مشبهة			مذكر			جمع		أشْرَس						Tn									
148	شَرْسَاوَاتٌ		شرس		صفة مشبهة			مؤنث			جمع		شَرْسَاءُ						Tn									
149	أَشْعَث		شعث		صفة مشبهة			مذكر	شَعْثاء		مفرد	شعْثٌ			DnN												Non	"(صف). ""أَشْعَث الشَّعْرِ"": مغْبَرٌّ، متَلَبِّدٌ."
150	شَعْثَاءُ		شعث		صفة مشبهة			مؤنث			مفرد	شَعْثَاوَاتٌ			Dw					Rw							Non	
151	شُعْثٌ		شعث		صفة مشبهة			مذكر			جمع		أَشْعَث						Tn									
152	شَعْثَاوَاتٌ		شعث		صفة مشبهة			مؤنث			جمع		شَعْثَاءُ						Tn									
153	شَعْوَاء		شعو		صفة مشبهة			مؤنث			مفرد	شعواوات;شعواءات			DwDz												Non	"شَعْوَاء-شَعْوَاء [ش ع و] (صف). 1.""شَنَّ عَلَيْهِ حَرْباً شَعْوَاءَ"": حَرْباً عَنِيفَةً مِنْ كلِّ جِهَةٍ. ""غَارَةٌ شَعْوَاء"". 2.""شَجَرَةٌ شَعْوَاء"" : منْتَشِرَة الأَغْصَانِ."
154	شَعْوَاوَاتٌ		شعو		صفة مشبهة			مؤنث			جمع		شَعْثَاوَاتٌ						Tn									
155	شَعْوَاءَاتٌ		شعو		صفة مشبهة			مؤنث			جمع		شَعْوَاء						Tn									
156	أَشْقَر		شقر		صفة مشبهة			مذكر	شَقْراء		مفرد	شقْرٌ			DnN												Non	"(صف). ""كانَ أَشْقَرَ اللَّوْنِ"" : مَنْ يَميل لَوْنه إلى الشّقْرَةِ، أَيْ مَنْ كانَتْ بَشَرَته حَمْراءَ، تَميل إلى البَياضِ مَعَ شَعْرٍ مذَهَّبٍ ناصِعٍ. ""كانَ مِنْ بَيْنِ السّيَّاحِ فَتاةٌ شَقْراء""."
157	شَقْرَاء		شقر		صفة مشبهة			مؤنث		أَشْقَر 	مفرد	شَقْرَاوَاتٌ			Dw					Rw							Non	"(صف). ""شَقْرَاء مِنْ بِلاَدِ الْغَرْبِ"" : مَنْ كَانَ لَوْن شَعْرِهَا يَمِيل إِلَى صفْرَةٍ ذَهَبِيَّةٍ، كَمَا تطْلَق هَذِهِ الصِّفَة عَلَى مَنْ تَخَلَّلَ بَيَاضَ جِسْمِهِ حمْرَةٌ صَافِيَةٌ."
158	شُقْرٌ		شقر		صفة مشبهة			مذكر			جمع		أَشْقَر						Tn									
159	شَقْرَاوَاتٌ		شقر		صفة مشبهة			مؤنث			جمع		شَقْرَاء						Tn									
160	أَشَلّ		شلل		صفة مشبهة			مذكر	شَلاَّء		مفرد	شلٌّ			DnN												Non	"(صف). ""رَجلٌ أَشَلّ"" : مصابٌ في عضْوٍ مِنْ أَعْضائِهِ بِالشَّلَلِ يَجْعَله عاجِزاً عَنِ الحَرَكَةِ. ""يَدٌ شَلاَّء""."
161	شَلْاَء		شلل		صفة مشبهة			مؤنث			مفرد				Dw					Rw							Non	
162	شُلٌّ		شلل		صفة مشبهة			مذكر			جمع		أَشَلّ						Tn									
163	شَلَّى		شلل		صفة مشبهة			مؤنث			مفرد																Non	
164	شَلَّاوَاتٌ		شلل		صفة مشبهة			مؤنث			جمع		شُلٌّ						Tn									
165	أَشَمّ		شمم		صفة مشبهة			مذكر	شمَّاء		مفرد	شمٌّ			DnN												Non	"(صف). 1.""يطِلّ على الْمَدينَةِ جَبَلٌ أَشَمّ"" : جَبَلٌ عالٍ. 2.""أَكَمَةٌ شَم"
166	شَمَّاء		شمم		صفة مشبهة			مؤنث		أَشَمّ	مفرد	شَمَّاوَاتٌ			Dw					Rw							Non	". ""جِبَالٌ شَمَّاء"" : عَالِيَةٌ، مرْتَفِعَةٌ."
167	شُمٌّ		شمم		صفة مشبهة			مذكر			جمع		أَشَمّ						Tn									
168	شَمَّاوَاتٌ		شمم		صفة مشبهة			مؤنث			جمع		شَمَّاء						Tn									
169	أَشْنَع		شنع		صفة مشبهة			مذكر	شَنْعَاءُ		مفرد	شُنْعٌ			DnN												Non	"أَشْنَع-أَشْنَع [ش ن ع] (صف). ج: شنْعٌ. مؤ: شَنْع الأشْنَع : المتصف بالقبح؛ هو أشنع ولكنه ذكيّ.- من الأيام: أكرهها وأعسرها؛ كان يوم الفراق أشنع الأيام مؤ شَنْعَاء ج شنْعٌ.
"
170	شَنْعَاءُ		شنع		صفة مشبهة			مؤنث			مفرد				Dw					Rw							Non	
171	شُنْعٌ		شنع		صفة مشبهة			مذكر			جمع		أَشْنَع						Tn									
172	شَنْعَى		شنع		صفة مشبهة			مؤنث			مفرد																Non	
173	شَنْعَاوَاتٌ		شنع		صفة مشبهة			مؤنث			جمع		شُنْعٌ						Tn									
174	أَشْهَب		شهب		صفة مشبهة			مذكر	شَهْباء		مفرد	شهْبٌ			DnN												Non	"(صف). ""وَلَدٌ أَشْهَب"": وَلَدٌ خالَطَ البَياض سَوادَ شَعْرِهِ."
175	شَهْبَاء		شهب		صفة مشبهة			مؤنث		أَشْهَب	مفرد	شَهْبَاوَاتٌ			Dw					Rw							Non	". 1.""اِمْرَأَةٌ شَهْبَاء"": مبَرْقَشَة اللَّوْنِ. 2.""سَنَةٌ شَهْبَاء"" : جَدْبَاء، سَنَةٌ عَرَفَتْ جَفَافاً. 3.""أَرْضٌ شَهْبَاء"" : قَاحِلَةٌ. 4.""جِبَالٌ شَهْبَاء"" : جِ"
176	شُهْبٌ		شهب		صفة مشبهة			مذكر			جمع		أَشْهَب						Tn									
177	شَهْبَاوَاتٌ		شهب		صفة مشبهة			مؤنث			جمع		شَهْبَاء						Tn									
178	أَشْوَس		شوس		صفة مشبهة			مذكر	شَوْساء		مفرد	شوسٌ;أَشاوِس			DnN												Non	"(صف). ""مجاهِدٌ أَشْوَس"": جَرِيءٌ، شجاعٌ شَديد المِراسِ في القِتالِ."
179	شَوْسَاءُ		شوس		صفة مشبهة			مؤنث			مفرد	أَشَاوِسُ			Dw					Rw							Non	
180	شُوْسٌ		شوس		صفة مشبهة			مذكر			جمع		أَشْوَس						Tn									
181	أَشَاوِسُ		شوس		صفة مشبهة			مذكر			جمع		شَوْسَاءُ														Non	
182	شَوْسَاوَاتٌ		شوس		صفة مشبهة			مؤنث			جمع		شُوْسٌ						Tn									
183	أَشْوَهُ		شوس		صفة مشبهة			مذكر	شَوْهَاءُ		مفرد	شُوْهٌ			DnN												Non	 رجل  أَشْوَه  قبيح الوجهِ . يقال :  شاهَ  وجْهه  يَشوه  وقد  شوَّهَه  الله
184	شَوْهَاءُ		شوه		صفة مشبهة			مؤنث			مفرد	شَوْهَاوَاتٌ			Dw					Rw							Non	"شَوْهَاء-شَوْهَاء [ش و هـ] (صف). ""اِمْرَأَةٌ شَوْهَاء"" : اِمْرَأَةٌ قَبِيحَة الْمَنْظَرِ."
185	شُوْهٌ		شوه		صفة مشبهة			مذكر			جمع		أَشْوَهُ						Tn									
186	شَوْهَاوَاتٌ		شوه		صفة مشبهة			مؤنث			جمع		شَوْهَاءُ						Tn									
187	شَوْهَى		شوه		صفة مشبهة			مؤنث			مفرد																Non	
188	أَشْيَب		شيب		صفة مشبهة			مذكر	شَيْبَاءُ		مفرد	شُيْبٌ			DnN												Non	"أَشْيَب-أَشْيَب [ش ي ب] (صف). ""رَجلٌ أَشْيَب"": مَنْ بِرَأْسِهِ شَيْبٌ."
189	شَيْبَاءُ		شيب		صفة مشبهة			مؤنث			مفرد	شَيْبَاوَاتٌ			Dw					Rw							Non	
190	شُيْبٌ		شيب		صفة مشبهة			مذكر			جمع		أَشْيَب						Tn									
191	شَيْبَاوَاتٌ		شيب		صفة مشبهة			مؤنث			جمع		شَيْبَاءُ						Tn									
192	أَصْفَر		صفر		صفة مشبهة			مذكر	صَفْراء		مفرد	صفْرٌ			DnN												Non	"(صف). 1.""قَميصٌ أَصْفَر"" : لَوْنه بِهِ صفْرَةٌ، أَيْ ما يشْبِه لَوْنَ محِّ البَيْضِ. ""يَصْبِغ بِأَلْوانٍ مخْتَلِفَةٍ: بِالأَحْمَرِ والأَخْضَرِ وَالأَصْفَرِ""."
193	صَفْرَاء		صفر		صفة مشبهة			مؤنث		أَصْفَر	مفرد	صَفْرَاوَاتٌ			Dw					Rw							Non	". 1.""عَادَتْ صَفْرَاءَ الوَجْهِ"" : عَادَتْ بِلَوْنٍ شَاحِبٍ. 2.""فِي جِيدِهَا الصَّفْرَاء"" : الذَّهَب. 3.""الصَّفْرَاء"" : سَائِلٌ مرٌّ جِدّاً يخْتَزَن فِي كِيسِ الْمَرَارَةِ، لَوْنه أَصْفَر. 4.""ضَحْك"
194	صُفْرٌ		صفر		صفة مشبهة			مذكر			جمع		أَصْفَر						Tn									
195	صَفْرَاوَاتٌ		صفر		صفة مشبهة			مؤنث			جمع		صَفْرَاء						Tn									
196	أَصْلَد		صلد		صفة مشبهة			مذكر	صَلْداء		مفرد	صلْدٌ			DnN												Non	"(صف). ""رَجلٌ أَصْلَد"" : شَديد الصَّلابَةِ."
197	صَلْدَاءُ		صلد		صفة مشبهة			مؤنث			مفرد	صَلْدَاوَاتٌ			Dw					Rw							Non	
198	صُلْدٌ		صلد		صفة مشبهة			مذكر			جمع		أَصْلَد						Tn									
199	صَلْدَاوَاتٌ		صلد		صفة مشبهة			مؤنث			جمع		صَلْدَاءُ						Tn									
200	أَصْلَع		صلع		صفة مشبهة			مذكر	صَلْعاء		مفرد	صلْعٌ			DnN												Non	"(صف). ""هو أَصْلَع"" : أَيْ فَقَدَ شَعْرَ رَأْسِهِ، ذو صَلْعَةٍ."
201	صَلْعَاء		صلع		صفة مشبهة			مؤنث		أَصْلَع	مفرد	صَلْعَاوَاتٌ			Dw					Rw							Non	". ""أَرْضٌ صَلْعَاء"" : أَرْضٌ جَرْدَاء لاَ شَجَرَ بِهَا."
202	صُلْعٌ		صلع		صفة مشبهة			مذكر			جمع		أَصْلَع						Tn									
203	صَلْعَاوَاتٌ		صلع		صفة مشبهة			مؤنث			جمع		صَلْعَاء						Tn									
204	صَلْعَى		صلع		صفة مشبهة			مؤنث			مفرد	صَلْعَاوَاتٌ															Non	
205	أَصَمّ		صمم		صفة مشبهة			مذكر	صَمَّاء		مفرد	صمٌّ			DnN												Non	"(صف). 1.""هوَ أَصَمّ أَبْكَم"" : لاَ يَسْمَع (أَطْرَش)، وَلاَ يَتَكَلَّم، أَخْرَس.هود آية 24 مَثَل الفَريقَيْنِ كَالأعْمَى والأَصَمِّ"
206	صَمَّاء		صمم		صفة مشبهة			مؤنث		أَصَمّ	مفرد	صَمَّاوَاتٌ			Dw					Rw							Non	"(صف). 1.""لَمْ يَعْرِفْ فِي الْبِدَايَةِ أَنَّهَا صَمَّاء"" : لاَ تَسْمَع. 2.""أَرْضٌ صَمَّاء"" : غَلِيظَةٌ يَابِسَةٌ. 3.""صَخْرَةٌ صَمَّ"
207	صُمٌّ		صمم		صفة مشبهة			مذكر			جمع		أَصَمّ						Tn									
208	صَمَّاوَاتٌ		صمم		صفة مشبهة			مؤنث			جمع		صَمَّاء						Tn									
209	أَصْهَب		صهب		صفة مشبهة			مذكر	صَهْباء		مفرد	صهْبٌ			DnN												Non	"(صف). ""رَجلٌ أَصْهَب"": مَنْ يخالِط بَياضَ بَشَرَتِهِ حمْرَةٌ ، ""اِمْ"
210	صَهْبَاء		صهب		صفة مشبهة			مؤنث		أَصْهَب	مفرد	صَهْبَاوَاتٌ			Dw					Rw							Non	". ""لاَ يَقْرب الصَّهْبَاءَ"" : الْخَمْرَ."
211	صُهْبٌ		صهب		صفة مشبهة			مذكر			جمع		أَصْهَب						Tn									
212	صَهْبَاوَاتٌ		صهب		صفة مشبهة			مؤنث			جمع		صَهْبَاء						Tn									
213	أَطْرَش		طرش		صفة مشبهة			مذكر	طَرْشاء		مفرد	طرْشٌ			DnN												Non	"(صف). ""إِنَّه أَطْرَش"" : لا يَسْمَع، أَصَمّ."
214	طَرْشَاء		طرش		صفة مشبهة			مؤنث		أَطْرَش	مفرد	طَرْشَاوَاتٌ			Dw					Rw							Non	. : الفَاقِدَة لِحَاسَّةِ السَّمْعِ.
215	طُرْشٌ		طرش		صفة مشبهة			مذكر			جمع		أَطْرَش						Tn									
216	طَرْشَاوَاتٌ		طرش		صفة مشبهة			مؤنث			جمع		طَرْشَاء						Tn									
217	طَرْشَى		طرش		صفة مشبهة			مؤنث			مفرد	طَرْشَاوَاتٌ															Non	
218	أَعْجَف		عجف		صفة مشبهة			مذكر	عَجْفاء		مفرد	عِجافٌ			DnN												Non	"(صف). 1.""حَيَوانٌ أَعْجَفٌ"" : مَهْزولٌ.يوسف آية 43إِنِّي أَرَى سَبْعَ بَقَراتٍ "
219	عَجْفَاء		عجف		صفة مشبهة			مؤنث		أَعْجَف	مفرد	عَجْفَاوَاتٌ			Dw					Rw							Non	". 1.""أَرْضٌ عَجْفَاء"": لاَ نَبَاتَ فِيهَا. 2.""لِثَةٌ عَجْفَاء "" : ظَمْأَى. 3. ""شَفَتَانِ عَجْفَاوَانِ"" : رَقِيقَتَانِ، لَطِيفَتَانِ."
220	عِجَافٌ		عجف		صفة مشبهة			مذكر			جمع		أَعْجَف						Tn									
221	عَجْفَاوَاتٌ		عجف		صفة مشبهة			مؤنث			جمع		عَجْفَاء						Tn									
222	عَجْفَى		عجف		صفة مشبهة			مؤنث			مفرد	عَجْفَاوَاتٌ															Non	
223	أَعْجَم		عجم		صفة مشبهة			مذكر	عَجْماء		مفرد	عجمٌ;أَعاجِم			DnN												Non	"(صف). 1.""رَجلٌ أَعْجَم"" : مَنْ لا يحْسِن النّطْقَ بِاللّغَةِ العَرَبِيَّةِ وَلا يفْصِح،"
224	عَجْمَاءُ		عجم		صفة مشبهة			مؤنث			مفرد	عَجْمَاوَاتٌ			Dw					Rw							Non	
225	عُجْمٌ		عجم		صفة مشبهة			مذكر			جمع		أَعْجَم						Tn									
226	عَجْمَاوَاتٌ		عجم		صفة مشبهة			مؤنث			جمع		عَجْمَاءُ						Tn									
227	أَعَاجِمُ		عجم		صفة مشبهة			مذكر			جمع		عُجْمٌ														Non	
228	أعْرَج		عرج		صفة مشبهة			مذكر	عَرْجَاء		مفرد	عرْجٌ			DnN												Non	"(صف). ""صَارَ أعْرَجَ منْذ حَادِثَةِ السَّيَّارَةِ"" : أصِيبَ فِي رِجْلِهِ وَأصْبَحَتْ خَطَوَات رِجْلَيْهِ متَفَاوِتَةً."
229	عَرْجَاء		عرج		صفة مشبهة			مؤنث		أَعْرَج	مفرد	عَرْجَاوَاتٌ			Dw					Rw							Non	". ""اِمْرَأَةٌ، شَاةٌ عَرْجَاء"": بِهَا عَرَجٌ، أَيْ تَغْمِز بِرِجْلِهَا وَهِيَ تَمْشِي."
230	عُرْجٌ		عرج		صفة مشبهة			مذكر			جمع		أعْرَج						Tn									
231	عَرْجَاوَاتٌ		عرج		صفة مشبهة			مؤنث			جمع		عَرْجَاء						Tn									
232	عَرْجَى		عرج		صفة مشبهة			مؤنث			مفرد	عَرْجَاوَاتٌ															Non	
233	أعْزَب		عزب		صفة مشبهة			مذكر	عَزْبَاء		مفرد	عزْبٌ			DnN												Non	"(صف). ""أخْتِي متَزَوِّجَةٌ وَأخِي أعْزَب"" : شَابٌّ لَمْ يَتَزَوَّجْ بَعْد. ""هَلْ أخْته مَازَالَتْ عَزْبَاءَ""."
234	عَزْبَاء		عزب		صفة مشبهة			مؤنث		أَعْزَب	مفرد	عَزْبَاوَاتٌ			Dw					Rw							Non	". ""فَتَاةٌ عَزْبَاء"" : لاَ زَوْجَ لَهَا."
235	عُزْبٌ		عزب		صفة مشبهة			مذكر			جمع		أعْزَب						Tn									
236	عَزْبَاوَاتٌ		عزب		صفة مشبهة			مؤنث			جمع		عَزْبَاء						Tn									
237	أَعْزَل		عزل		صفة مشبهة			مذكر	عَزْلاَء		مفرد	عزَّلٌ			DnN												Non	"(صف). ""كانَ أعْزَلَ لَمَّا حَاصَروه فِي بَيْتِهِ"" : لَمْ يَكنْ مَعَه سِلاَحٌ. o ""اِسْتَوْلَى الاِسْتِعْمَار عَلَى الْمَدِينَةِ بِالقوَّةِ وَأهْلهَا عزَّلٌ"" : لَمْ يَكنْ بِيَدِهِمْ سِلاَحٌ للِدِّفَاعِ عَنْ أنْفسِهِمْ."
238	عَزْلاَء		عزل		صفة مشبهة			مؤنث		أَعْزَل	مفرد	عَزْلَاوَاتٌ			Dw					Rw							Non	". ""كَانَتْ عَزْلاَءَ"" : لاَ سِلاَحَ مَعَهَا."
239	عُزْلٌ		عزل		صفة مشبهة			مذكر			جمع		أَعْزَل						Tn									
240	عَزْلَاوَاتٌ		عزل		صفة مشبهة			مؤنث			جمع		عَزْلاَء						Tn									
241	أعْسَر		عسر		صفة مشبهة			مذكر	عَسْرَاء		مفرد	عسْرٌ			DnN												Non	"(صف). ""منْذ صِغَرِهِ وَهوَ أعْسَر"" : يَكْتب وَيَأْكل وَيَشْتَغِل بِيَدِهِ اليسْرَى."
242	عَسْرَاء		عسر		صفة مشبهة			مؤنث		أَعْسَر	مفرد	عَسْرَاوَاتٌ			Dw					Rw							Non	". ""هِيَ عَسْرَاء"" : تَعْمَل بِيَدِهَا اليسْرَى."
243	عُسْرٌ		عسر		صفة مشبهة			مذكر			جمع		أعْسَر						Tn									
244	عَسْرَاوَاتٌ		عسر		صفة مشبهة			مؤنث			جمع		عَسْرَاء						Tn									
245	أعْشَى		عشو		صفة مشبهة			مذكر	عَشْوَاء		مفرد	عشْوٌ			DnN												Non	"(صف). ""رَجلٌ أَعْشَى"" : صَارَ بَصَره ضَعِيفاً."
246	عَشْوَاء		عشو		صفة مشبهة			مؤنث		أَعْشَى	مفرد	عشواوات;عشواءات			Dw					Rz							Non	". 1.""يَخْبِط خَبْطَ عَشْوَاءَ"" : يَتَصَرَّف عَلَى غَيْرِ عِلْمٍ وَلاَ بَصِيرَةٍ. 2.""رَكِبَ العَشْوَاءَ"" : سَارَ فِي أَمْرِهِ عَلَى غَيْرِ هدىً وَلاَ بَصِيرَةٍ، خَبَطَ. 3.""همْ فِي عَشْوَاءَ مِنْ أَمْرِهِمْ"" : فِي حَيْرَةٍ وَتَخَبّطٍ. 4.""دَخَلَ فِي العَشْوَاءِ"" : فِي الظّلْمَةِ."
247	عُشْوٌ		عشو		صفة مشبهة			مذكر			جمع		أعْشَى						Tn									
248	عَشْوَاوَاتٌ		عشو		صفة مشبهة			مؤنث			جمع		عَشْوَاء						Tn									
249	عَشْوَاءَاتٌ		عشو		صفة مشبهة			مؤنث			جمع		عُشْوٌ						Tn									
250	عَشْوَى		عشو		صفة مشبهة			مؤنث			مفرد	عشواوات;عشواءات															Non	
251	أعْقَف		عقف		صفة مشبهة			مذكر	عَقْفاء		مفرد	عقْفٌ			DnN												Non	"(صف). 1. ""هوَ أعْقَف"" : أعْوَج. 2. ""خَطٌّ أعْقَف"" : منْحَنٍ."
252	عَقْفَاءُ		عقف		صفة مشبهة			مؤنث			مفرد	عَقْفَاوَاتٌ			Dw					Rw							Non	
253	عُقْفٌ		عقف		صفة مشبهة			مذكر			جمع		أعْقَف						Tn									
254	عَقْفَاوَاتٌ		عقف		صفة مشبهة			مؤنث			جمع		عَقْفَاءُ						Tn									
255	عَقْفَى		عقف		صفة مشبهة			مؤنث			مفرد	عَقْفَاوَاتٌ															Non	
256	أعْمَش		عمش		صفة مشبهة			مذكر	عَمْشَاء		مفرد	عمْشٌ			DnN												Non	"أعْمَش-أعْمَش [ع م ش]. ج: عمْشٌ، مؤ: عَمْشَاء. (صف). ""وَلَدٌ أعْمَش"": ضَعفَ بَصَر عَيْنِهِ معَ سَيَلانِ دَمْعِهَا فِي أكْثَرِ الأوْقَاتِ."
257	عَمْشَاءُ		عمش		صفة مشبهة			مؤنث			مفرد	عَمْشَاوَاتٌ			Dw					Rw							Non	
258	عُمْشٌ		عمش		صفة مشبهة			مذكر			جمع		أعْمَش						Tn									
259	عَمْشَاوَاتٌ		عمش		صفة مشبهة			مؤنث			جمع		عَمْشَاءُ						Tn									
260	عَمْشَى		عمش		صفة مشبهة			مؤنث			مفرد	عَمْشَاوَاتٌ															Non	
261	أعْمى		عمي		صفة مشبهة			مذكر	عَمْياء		مفرد	عمْيٌ;عمْيانٌ			Dy												Non	"(صف). ""إنَّ الأعْمَى يَنْتَظِر مسَاعَدَةً مِنْ أحَدِ الْمَارَّةِ"" : مَنْ لاَ يبْصِر. ""أنا الَّذِي نَظَرَ الأعْمَى إلَى أدَبِي"". (المتنبي) ""شَعَرْت أنِّي كنْت جَامِداً فَأيْقَظَنِي، وأعْمَى فأبْصَرَنِي"". (أ. أمين)."
262	عَمْيَاءُ		عمي		صفة مشبهة			مؤنث			مفرد	عَمْيَاوَاتٌ			Dw					Rw							Non	
263	عُمْيٌ		عمي		صفة مشبهة			مذكر			جمع		أعْمى						Tn									
264	عَمْيَاوَاتٌ		عمي		صفة مشبهة			مؤنث			جمع		عَمْيَاءُ						Tn									
265	عَمْيَى		عمي		صفة مشبهة			مؤنث			مفرد	عَمْيَاوَاتٌ															Non	
266	أعْنَق		عنق		صفة مشبهة			مذكر	عَنْقَاء		مفرد	عنْقٌ			DnN												Non	"(صف). ""لاَ أعْنَقَ مِنْه"" : لاَ أحَدَ أطْوَل مِنْه عنقاً. ""إنَّها العَنْقَاء الوَحِيدَة بَيْنَ النِّسَاءِ""."
267	عَنْقَاء		عنقاء		صفة مشبهة			مؤنث		أَعْنَق	مفرد	عَنْقَاوَاتٌ			Dw					Rw							Non	"ج: عنْقٌ. مذ: أَعْنَق. 1.""اِرْتَقَى عَنْقَاءَ الْجَبَلِ"" : قِمَّتَه. 2.""تَلَّةٌ عَنْقَاء"" : مرْتَفِعَةٌ طَوِيلَةٌ. 3.""الْعَنْقَاء"" : طَائِرٌ وَهْمِيٌّ لاَ وجودَ لَه إِلاَّ فِي تَصَوّرِ الإِنْسَانِ وَخَيَالِهِ. ""أَيْقَنْت أَنَّ الْمسْتَحِيلَ ثَلاَثَةٌ : الْغول وَالعَنْقَاء وَالْخِلّ الوَفِيّ""."
268	عُنْقٌ		عنقاء		صفة مشبهة			مذكر			جمع		أعْنَق						Tn									
269	عَنْقَاوَاتٌ		عنقاء		صفة مشبهة			مؤنث			جمع		عَنْقَاء						Tn									
270	أعْوَج		عوج		صفة مشبهة			مذكر	عَوْجَاء		مفرد	عوجٌ			DnN												Non	"(صف). 1. ""سَارَ فِي دَرْبٍ أعْوَجَ"" : بِهِ الْتِوَاءاتٌ، اِنْحِنَاءاتٌ. 2. ""رَجلٌ أعْوَج"" : صَعْب المِرَاسِ، قَلِقٌ، حَادّ الطَّبْعِ. 3. ""وَقَفَ حَائِراً أمَامَ خطوطٍ عَوْجَاءَ"" : ملْتَوِيَةٍ."
271	عَوْجَاء		عوج		صفة مشبهة			مؤنث		أَعْوَج	مفرد	عَوْجَاوَاتٌ			Dw					Rw							Non	". ""اِمْرَأَةٌ عَوْجَاء"" : بِهَا عِوَجٌ، منْحَنِيَةٌ."
272	عُوْجٌ		عوج		صفة مشبهة			مذكر			جمع		أعْوَج						Tn									
273	عَوْجَاوَاتٌ		عوج		صفة مشبهة			مؤنث			جمع		عَوْجَاء						Tn									
274	عَوْجَى		عوج		صفة مشبهة			مؤنث		أَعْوَج	مفرد	عَوْجَاوَاتٌ															Non	
275	أعْوَر		عور		صفة مشبهة			مذكر	عَوْرَاء		مفرد	عورٌ			DnN												Non	"(صف). 1. ""أصِيبَ فِي إحْدَى عَيْنَيْهِ فصَارَ أعْوَرَ"" : مَنْ فَقَدَ إحْدَى عَيْنَيْهِ. 2. ""كلّ مَا ينْجِزه يؤَكِّد أنَّه أعْوَر"" : لاَ ينْجِز إلاَّ مَا هوَ سَيِّ"
276	عَوْرَاء		عور		صفة مشبهة			مؤنث		أَعْوَر	مفرد	عَوْرَاوَاتٌ			Dw					Rw							Non	". 1. ""اِمْرَأَةٌ عَوْرَاء"" : مَنْ ذَهَبَ بَصَرهَا. 2. ""أَتَى بِعَوْرَاءَ"" : بِكَلِمَةٍ شَنِيعَةٍ، قَبِيحَةٍ، الْفَعْلَة الشَّنْعَاء. 3. ""لَيْلَةٌ عَوْرَاء الْقرِّ"" : لَيْسَ فِيهَا بَرْدٌ. 4.""أَرْضٌ عَوْرَاء"" : لاَ مَاءَ فِيهَا."
277	عُوْرٌ		عور		صفة مشبهة			مذكر			جمع		أعْوَر						Tn									
278	عَوْرَاوَاتٌ		عور		صفة مشبهة			مؤنث			جمع		عَوْرَاء						Tn									
279	عَوْرَى		عور		صفة مشبهة			مؤنث		أَعْوَر	مفرد	عَوْرَاوَاتٌ															Non	
280	أعْوَز		عوز		صفة مشبهة			مذكر	عَوْزَاء		مفرد	عوزٌ			DnN												Non	"(صف). ""هوَ مِنْ أعْوَزِ أهْلِ الحَيِّ"" : مِنْ أفْقَرِهِمْ،"
281	عَوْزَاءُ		عوز		صفة مشبهة			مؤنث			مفرد	عَوْزَاوَاتٌ			Dw					Rw							Non	
282	عُوْزٌ		عوز		صفة مشبهة			مذكر			جمع		أعْوَز						Tn									
283	عَوْزَاوَاتٌ		عوز		صفة مشبهة			مؤنث			جمع		عَوْزَاءُ						Tn									
284	أعْوَص		عوص		صفة مشبهة			مذكر	عَوْصَاء		مفرد	عوصٌ			DnN												Non	"(صف). ""كَلامٌ أعْوَص"" : كلاَمٌ صَعْبٌ، غامِضٌ غَرِيبٌ."
285	عَوْصَاءُ		عوص		صفة مشبهة			مؤنث			مفرد	عَوْصَاوَاتٌ			Dw					Rw							Non	
286	عُوْصٌ		عوص		صفة مشبهة			مذكر			جمع		أعْوَص						Tn									
287	عَوْصَاوَاتٌ		عوص		صفة مشبهة			مؤنث			جمع		عَوْصَاءُ						Tn									
288	أغْبَر		غبر		صفة مشبهة			مذكر	غَبْرَاء		مفرد	غبْرٌ			DnN												Non	"(صف). 1. ""خَرَجَ مِنَ المِطْحَنَةِ أَغْبَرَ"" : لَوْنه بِهِ غبْرَةٌ. 2.""الجوع الأَغْبَر"" : الشَّدِيد. 3. ""يَعْوِي الأَغْبَر"" : الذِّئْب."
289	غَبْرَاء		غبر		صفة مشبهة			مؤنث		أَغْبَر	مفرد	غَبْرَاوَاتٌ			Dw					Rw							Non	". 1.""اِنْتَشَرَ فِي الغَبْرَاءِ"" : فِي الأَرْضِ. مَا أَقَلَّتِ الغَبْرَاء وَلاَ أَظَلَّتِ الصَّحْرَاء (حديث). 2.""بَنو الغَبْرَاءِ"" : الفقَرَاء. 3.""سَنَةٌ غَبْرَاء"" : مجْدِبَةٌ."
290	غُبْرٌ		غبر		صفة مشبهة			مذكر			جمع		أغْبَر						Tn									
291	غَبْرَاوَاتٌ		غبر		صفة مشبهة			مؤنث			جمع		غَبْرَاء						Tn									
292	أغَرّ		غرر		صفة مشبهة			مذكر	غَرَّاء		مفرد	غُرٌّ			DnN												Non	"(صف). ""عَزِيزِي الأغَرّ"": الكَرِيم، أي كَرِيم الأفْعَالِ وَجَمِيلهَا، الوَاضِح فِي أعْمَالِهِ وَأفْعَالِهِ، السَّيِّد الشَّرِيف. 2. ""اليَوْم الأَغَرّ"" : اليَوْم الخالِد، الشَّاهِد. ""فِي مثْلِ هَذَا اليَوْمِ الأغَرِّ ا"
293	غَرَّاءٌ		غرر		صفة مشبهة			مؤنث		أَغَرّ	مفرد	غَرَّاوَاتٌ			Dw					Rw							Non	". ""جَرِيدَةٌ غَرَّاء"" : محْتَرَمَةٌ."
294	شُمٌّ		غرر		صفة مشبهة			مذكر			جمع		أغَرّ						Tn									
295	غَرَّاوَاتٌ		غرر		صفة مشبهة			مؤنث			جمع		غَرَّاءٌ						Tn									
296	أفْطَح		فطح		صفة مشبهة			مذكر	فَطْحاء		مفرد	فَطْحٌ			DnN												Non	"(صف). ""وَلَدٌ أفْطَح"" : عَرِيض الرَّأْسِ والأنْفِ."
297	فَطْحَاءُ		فطح		صفة مشبهة			مؤنث			مفرد	فَطْحَاوَاتٌ			Dw					Rw							Non	
298	فُطْحٌ		فطح		صفة مشبهة			مذكر			جمع		أفْطَح						Tn									
299	فَطْحَاوَاتٌ		فطح		صفة مشبهة			مؤنث			جمع		فَطْحَاءُ						Tn									
300	أفْطَس		فطس		صفة مشبهة			مذكر	فَطْساءٌ		مفرد	فطْسٌ			DnN												Non	"(صف). ""لَه أَنْفٌ أفْطَس"" : مَنِ انْخَفَضَتْ قَصَبَة أنْفِهِ."
301	فَطْسَاء		فطس		صفة مشبهة			مؤنث		أَفْطَس	مفرد	فَطْسَاوَاتٌ			Dw					Rw							Non	". ""اِمْرَأَةٌ فَطْسَاء"" : مَنِ انْخَفَضَتْ قَصَبَة أَنْفِهَا."
302	فُطْسٌ		فطس		صفة مشبهة			مذكر			جمع		أفْطَس						Tn									
303	فَطْسَاوَاتٌ		فطس		صفة مشبهة			مؤنث			جمع		فَطْسَاء						Tn									
304	فَطْسَى		فطس		صفة مشبهة			مؤنث			مفرد	فَطْسَاوَاتٌ															Non	
305	أَفْقَع		فقع		صفة مشبهة			مذكر	فَقْعاء		مفرد	فقْعٌ			DnN												Non	"(صف). ""ثَوْبٌ أَفْقَع"" : شَديد البَياضِ."
306	فَقْعَاءُ		فقع		صفة مشبهة			مؤنث			مفرد	فَقْعَاوَاتٌ			Dw					Rw							Non	
307	فُقْعٌ		فقع		صفة مشبهة			مذكر			جمع		أَفْقَع						Tn									
308	فَقْعَاوَاتٌ		فقع		صفة مشبهة			مؤنث			جمع		فَقْعَاءُ						Tn									
309	أَقْتَم		قتم		صفة مشبهة			مذكر	قَتْماء		مفرد	قتْمٌ			DnN												Non	"(صف). ""يَوْمٌ أقْتَم"" : أَيْ كانَ لَوْنه يَميل إلى الغَبَرَةِ والحمْرَةِ."
310	قَتْمَاءُ		قتم		صفة مشبهة			مؤنث			مفرد	قَتْمَاوَاتٌ			Dw					Rw							Non	
311	قُتْمٌ		قتم		صفة مشبهة			مذكر			جمع		أَقْتَم						Tn									
312	قَتْمَاوَاتٌ		قتم		صفة مشبهة			مؤنث			جمع		قَتْمَاءُ						Tn									
313	أقْرَح		قرح		صفة مشبهة			مذكر	قَرْحاء		مفرد	قرْحٌ			DnN												Non	"(صف). 1.""فَرَسٌ أقْرَح"" : فِي جَبْهَتِهِ قرْحَةٌ، أَيْ بَياضٌ مدَوَّرٌ. 2.""حدِيقَةٌ "
314	قَرْحَاءُ		قرح		صفة مشبهة			مؤنث			مفرد	قَرْحَاوَاتٌ			Dw					Rw							Non	
315	قُرْحٌ		قرح		صفة مشبهة			مذكر			جمع		أقْرَح						Tn									
316	قَرْحَاوَاتٌ		قرح		صفة مشبهة			مؤنث			جمع		قَرْحَاءُ						Tn									
317	أقْرَع		قرع		صفة مشبهة			مذكر	قَرْعاء		مفرد	قرْعٌ			DnN												Non	"(صف). 1.""صارَ الوَلَد أقْرَعَ"" : فَقَدَ شَعْرَ رَأسِهِ بِسَبَبِ عِلَّةٍ. 2.""سَلَّ الأقْرَعَ"" : السَّيْفَ الجَيِّدَ الجَدِيدَ. 3.""حَبَلٌ أقْرَع"" : لا نَباتَ فِيهِ. 4.""قِدْحٌ أَقْرَع"" : قِدْحٌ صكَّ"
318	قَرْعَاء		قرع		صفة مشبهة			مؤنث		أَقْرَع	مفرد	قَرْعَاوَاتٌ			Dw					Rw							Non	". 1."" أَرْضٌ قَرْعَاء"" : أَرْضٌ خَالِيَةٌ مِنَ النَّبَاتِ. 2.""جَاءَ بِالسَّوْءةِ القَرْعَاءِ"" : الْ"
319	قُرْعٌ		قرع		صفة مشبهة			مذكر			جمع		أقْرَع						Tn									
320	قَرْعَاوَاتٌ		قرع		صفة مشبهة			مؤنث			جمع		قَرْعَاء						Tn									
321	قَرْعَى		قرع		صفة مشبهة			مؤنث			مفرد	قَرْعَاوَاتٌ															Non	
322	أقْمَر		قمر		صفة مشبهة			مذكر	قَمْرَاء		مفرد	قمْرٌ			DnN												Non	"(صف). 1.""وَجْهٌ أقْمَر"" : مشَبَّهٌ بِالقَمَرِ. 2.""سَحَابٌ أقْمَر"" : مل"
323	قَمْرَاءُ		قمر		صفة مشبهة			مؤنث			مفرد	قَمْرَاوَاتٌ			Dw					Rw							Non	
324	قُمْرٌ		قمر		صفة مشبهة			مذكر			جمع		أقْمَر						Tn									
325	قَمْرَاوَاتٌ		قمر		صفة مشبهة			مؤنث			جمع		قَمْرَاءُ						Tn									
326	أكْحَل		كحل		صفة مشبهة			مذكر	كَحْلاَء		مفرد	كحْلٌ			DnN												Non	"(صف). 1.""أكْحَل العَيْنَيْنِ"" : ذو كحْلٍ. 2.: "
327	كَحْلاَء		كحل		صفة مشبهة			مؤنث		أَكْحَل	مفرد	كَحْلَاوَاتٌ			Dw					Rw							Non	". ""كَحْلاَء العَيْنِ"" : مَنْ كَانَتْ عَيْنهَا شَدِيدَةَ السَّوَادِ."
328	كُحْلٌ		كحل		صفة مشبهة			مذكر			جمع		أكْحَل						Tn									
329	كَحْلَاوَاتٌ		كحل		صفة مشبهة			مؤنث			جمع		كَحْلاَء						Tn									
330	أكْرَش		كرش		صفة مشبهة			مذكر	كَرْشاء		مفرد	كرْشٌ			DnN												Non	"(صف). ""رَجلٌ أكْرَش"" : عَظِيم البَطْنِ. ""لاَ أكْرَشَ مِنْه""."
331	كَرْشَاءُ		كرش		صفة مشبهة			مؤنث			مفرد	كَرْشَاوَاتٌ			Dw					Rw							Non	
332	كُرْشٌ		كرش		صفة مشبهة			مذكر			جمع		أكْرَش						Tn									
333	كَرْشَاوَاتٌ		كرش		صفة مشبهة			مؤنث			جمع		كَرْشَاءُ						Tn									
334	أَلْثَغ		لثغ		صفة مشبهة			مذكر	لَثْغَاء		مفرد	لثْغٌ			DnN												Non	"(صف). ""وَلَدٌ ألْثَغ"" : مَنْ كَانَتْ بِلِسَانِهِ لَثْغَةٌ، أَيْ يَنْطِق السِّينَ ثَاءً وَالرَّاءَ عَيْنَاً أوْ يَاءً."
335	لَثْغَاء		لثغ		صفة مشبهة			مؤنث		أَلْثَغ	مفرد	لَثْغَاوَاتٌ			Dw					Rw							Non	". ""فَتَاةٌ لَثْغَاء"" : أَيْ تَقْلِب السِّينَ تَاءً أَوِ الرَّاءَ غَيْناً."
336	لُثْغٌ		لثغ		صفة مشبهة			مذكر			جمع		أَلْثَغ						Tn									
337	لَثْغَاوَاتٌ		لثغ		صفة مشبهة			مؤنث			جمع		لَثْغَاء						Tn									
338	لَثْعَى		لثغ		صفة مشبهة			مؤنث			مفرد	لَثْغَاوَاتٌ															Non	
339	أَلْسَن		لسن		صفة مشبهة			مذكر	لَسْنَاء		مفرد	لسْنٌ			DnN												Non	"(صف) ""رَجلٌ ألْسَن"": فَصِيحٌ، بَلِيغٌ."
340	لَسْنَاءُ		لسن		صفة مشبهة			مؤنث			مفرد	لَسْنَاوَاتٌ			Dw					Rw							Non	
341	لُسْنٌ		لسن		صفة مشبهة			مذكر			جمع		أَلْسَن						Tn									
342	لَسْنَاوَاتٌ		لسن		صفة مشبهة			مؤنث			جمع		لَسْنَاءُ						Tn									
343	أَلْكَن		لكن		صفة مشبهة			مذكر	لَكْنَاء		مفرد	لكْنٌ			DnN												Non	"(صف). ""طِفْلٌ ألْكَن"" : ثَقِيل اللِّسَانِ، "
344	لَكْنَاءُ		لكن		صفة مشبهة			مؤنث			مفرد	لَكْنَاوَاتٌ			Dw					Rw							Non	
345	لُكْنٌ		لكن		صفة مشبهة			مذكر			جمع		أَلْكَن						Tn									
346	لَكْنَاوَاتٌ		لكن		صفة مشبهة			مؤنث			جمع		لَكْنَاءُ						Tn									
347	لَكْنَى		لكن		صفة مشبهة			مؤنث			مفرد	لَكْنَاوَاتٌ															Non	
348	أَلْمَع		لمع		صفة مشبهة			مذكر	لَمْعَاءُ		مفرد	لُمْعٌ			DnN												Non	"أَلْمَع-أَلْمَع [ل م ع] (صف). ""كَانَ مِنْ الْمَعِ زمَلائِهِ"" : مِنْ أذْكَاهمْ وَأنْجَبِهِمْ."
349	لَمْعَاءُ		لمع		صفة مشبهة			مؤنث			مفرد	لَمْعَاوَاتٌ			Dw					Rw							Non	
350	لُمْعٌ		لمع		صفة مشبهة			مذكر			جمع		أَلْمَع						Tn									
351	لَمْعَاوَاتٌ		لمع		صفة مشبهة			مؤنث			جمع		لَمْعَاءُ						Tn									
352	أَمْرَد		مرد		صفة مشبهة			مذكر	مَرْداء		مفرد	مرْدٌ			DnN												Non	"(صف). ""ما يَزال أَمْرَدَ"" : لَمْ تَنْبتْ لِحْيَته بَعْد. ""كانَ أْمَرَدَ وَسَطَ رِجالٍ لَهمْ لِحىً كَثيفَةٌ""."
353	مَرْدَاءُ		مرد		صفة مشبهة			مؤنث			مفرد	مَرْدَاوَاتٌ			Dw					Rw							Non	
354	مُرْدٌ		مرد		صفة مشبهة			مذكر			جمع		أَمْرَد						Tn									
355	مَرْدَاوَاتٌ		مرد		صفة مشبهة			مؤنث			جمع		مَرْدَاءُ						Tn									
356	أَمْعَز		معز		صفة مشبهة			مذكر	مَعْزاء		مفرد	معْزٌ;أَماعِز			DnN												Non	"(صف). ""أرْضٌ مَعْزاء"" : صلْبَةٌ، كَثيرَة الحَصَى."
357	مَعْزَاءُ		معز		صفة مشبهة			مؤنث			مفرد	أَمَاعِزُ			Dw					Rw							Non	
358	مُعْزٌ		معز		صفة مشبهة			مذكر			جمع		أَمْعَز						Tn									
359	أَمَاعِزُ		معز		صفة مشبهة			مذكر			جمع		مَعْزَاءُ														Non	
360	مَعْزَاوَاتٌ		معز		صفة مشبهة			مؤنث			جمع		مُعْزٌ						Tn									
361	أَمْلَح		ملح		صفة مشبهة			مذكر	مَلْحاء		مفرد	ملْحٌ			DnN												Non	"(صف). 1.""نَباتٌ أَمْلَح"" : النَّدَى الَّذِي يَسْقط لَيْلاً على النَّباتاتِ. 2.""كَبْشٌ أَمْلَح"" : أَسْوَد يَعْلو رَأْسَه بَياضٌ."
362	مَلْحَاءُ		ملح		صفة مشبهة			مؤنث			مفرد	مَلْحَاوَاتٌ			Dw					Rw							Non	
363	مُلْحٌ		ملح		صفة مشبهة			مذكر			جمع		أَمْلَح						Tn									
364	مَلْحَاوَاتٌ		ملح		صفة مشبهة			مؤنث			جمع		مَلْحَاءُ						Tn									
365	أَمْلَس		ملس		صفة مشبهة			مذكر	مَلْساء		مفرد	ملْسٌ			DnN												Non	"(صف). 1.""ثَوْبٌ أَمْلَس"" : لَيِّنٌ، ناعِمٌ. 2.""وَرَقَةٌ مَلْساء"": مَصْقولَةٌ."
366	مَلْسَاء		ملس		صفة مشبهة			مؤنث			مفرد	مَلْسَاوَاتٌ			Dw					Rw							Non	(مؤنث أَمْلَس). 
367	مُلْسٌ		ملس		صفة مشبهة			مذكر			جمع		أَمْلَس						Tn									
368	مَلْسَاوَاتٌ		ملس		صفة مشبهة			مؤنث			جمع		مَلْسَاء						Tn									
369	أَمْلَط		ملط		صفة مشبهة			مذكر	مَلْطاء		مفرد	ملْطٌ			DnN												Non	"(صف). ""هوَ أَمْلَط"" : لاَ شَعْرَ على جَسَدِهِ."
370	مَلْطَاءُ		ملط		صفة مشبهة			مؤنث			مفرد	مَلْطَاوَاتٌ			Dw					Rw							Non	
371	مُلْطٌ		ملط		صفة مشبهة			مذكر			جمع		أَمْلَط						Tn									
372	مَلْطَاوَاتٌ		ملط		صفة مشبهة			مؤنث			جمع		مَلْطَاءُ						Tn									
373	أَنْصَب		نصب		صفة مشبهة			مذكر	نَصْباء		مفرد	نصْبٌ			DnN												Non	"(صف). 1.""حَيَوانٌ أَنْصَب"" : منْتَصِب القَرْنَيْنِ. 2.""زَرافَةٌ نَصْباء"" : مرْتَفِعَة الصَّدْرِ."
374	نَصْبَاءُ		نصب		صفة مشبهة			مؤنث			مفرد	نَصْبَاوَاتٌ			Dw					Rw							Non	
375	نُصْبٌ		نصب		صفة مشبهة			مذكر			جمع		أَنْصَب						Tn									
376	نَصْبَاوَاتٌ		نصب		صفة مشبهة			مؤنث			جمع		نَصْبَاءُ						Tn									
377	أهْبَل		هبل		صفة مشبهة			مذكر	هَبْلاَء		مفرد	هبْلٌ			DnN												Non	"(صف). ""إنَّه رَجلٌ أهْبَل"" : فَاقِد العَقْلِ، أحْمَق."
378	هَبْلَاءُ		هبل		صفة مشبهة			مؤنث			مفرد	هَبْلَاوَاتٌ			Dw					Rw							Non	
379	هُبْلٌ		هبل		صفة مشبهة			مذكر			جمع		أهْبَل						Tn									
380	هَبْلَاوَاتٌ		هبل		صفة مشبهة			مؤنث			جمع		هَبْلَاءُ						Tn									
381	هَبْلَى		هبل		صفة مشبهة			مؤنث			مفرد	هَبْلَاوَاتٌ															Non	
382	أَهْدَب		هدب		صفة مشبهة			مذكر	هَدْبَاء		مفرد	هدْبٌ			DnN												Non	"(صف). 1.""أهْدَب العَيْنَيْنِ"" : مَنْ كَثرَتْ أشْفَار عَيْنَيْهِ وَطَالَ هَدْبهَا. ""عَيْنٌ هَدْبَاء"". 2.""طَائِرٌ أهْدَب"" : طَوِيل الرِّيشِ. 3.""شَجَرَةٌ هَدْبَاء"" : أغْصَانهَا وَأوْراقهَا كَثِيفَةٌ وَمتَدَلِّيَةٌ. 4.""لِحْيَةٌ هَدْبَاء"" : مسْتَرسِلَةٌ. 5.""أذنٌ هَدْبَاء"" : مسْتَرْخِيَةٌ."
383	هَدْبَاء		هدب		صفة مشبهة			مؤنث		أَهْدَب	مفرد	هَدْبَاوَاتٌ			Dw					Rw							Non	". 1. ""عَيْنٌ هَدْبَاء"" : طَالَتْ أَشْفَارهَا. 2. ""شَجَرَةٌ هَدْبَاء"" : طَالَتْ أَغْصَانهَا وَتَدَلَّتْ. 3.""أذنٌ هَدْبَاء"" : متَدَلِّيَةٌ، مسْتَرْخِيَةٌ. 4.""لِحْيَةٌ هَدْبَاء"" : مسْتَرْسِلَةٌ."
384	هُدْبٌ		هدب		صفة مشبهة			مذكر			جمع		أَهْدَب						Tn									
385	هَدْبَاوَاتٌ		هدب		صفة مشبهة			مؤنث			جمع		هَدْبَاء						Tn									
386	أهْدَل		هدل		صفة مشبهة			مذكر	هَدْلاَء		مفرد	هدْلٌ			DnN												Non	"(صف). ""هوَ أَهْدَل الشَّفَةِ"" : مسْتَرْخِي الشَّفَةِ. ""شَفةٌ هَدْلاَء""."
387	هَدْلَاءُ		هدل		صفة مشبهة			مؤنث			مفرد	هَدْلَاوَاتٌ			Dw					Rw							Non	
388	هُدْلٌ		هدل		صفة مشبهة			مذكر			جمع		أهْدَل						Tn									
389	هَدْلَاوَاتٌ		هدل		صفة مشبهة			مؤنث			جمع		هَدْلَاءُ						Tn									
390	أَهْوَج		هوج		صفة مشبهة			مذكر	هَوْجَاء		مفرد	هوجٌ			DnN												Non	"(صف) 1.""هَوَ رَجلٌ أَهْوَج"" : الأحْمَق، الأهْبَل الَّذِي طَالَ حمْقه، مَنْ بِهِ طَيْشٌ وَتَسَرّعٌ. 2.""الأَهْوَج"" : تطْلَق أيْضاً علَى الشّجَاعِ الَّذِي يَرْمِي بِنَفْسِهِ فِي سَاحَةِ الحَرْبِ."
391	هَوْجَاء		هوج		صفة مشبهة			مؤنث		أَهْوَج	مفرد	هَوْجَاوَاتٌ			Dw					Rw							Non	". 1.""اِمْرَأَةٌ هَوْجَاء"" : حَمْقَاء. 2.""نَاقَةٌ هَوْجَاء"" : مسْرِعَةٌ كَأَنَّ بِهَا هَوَجٌ. 3.""رِيحٌ هَوْجَاء"" : متَدَارِكَة الْهبوبِ كَأَنَّ بِهَا هَوَجاً، أَي حمْقاً، طَيْشاً. 4.""ضَرْبَةٌ هَوْجَاء"" : الضَّرْبَة الْقَوِيَّة إِذَا هَجَمَتْ عَلَى الْجَوْفِ."
392	هُوْجٌ		هوج		صفة مشبهة			مذكر			جمع		أَهْوَج						Tn									
393	هَوْجَاوَاتٌ		هوج		صفة مشبهة			مؤنث			جمع		هَوْجَاء						Tn									
394	هَوْجَى		هوج		صفة مشبهة			مؤنث			مفرد	هَوْجَاوَاتٌ															Non	
395	أهْوَس		هوس		صفة مشبهة			مذكر	هَوْسَاء		مفرد	هوسٌ			DnN												Non	"(صف). ""أصْبَحَ رَجلاً أهْوَسَ"" : مَنْ أصَابَه مَسٌّ مِنَ الجنونِ."
396	هَوْسَاءُ		هوس		صفة مشبهة			مؤنث			مفرد	هَوْسَاوَاتٌ			Dw					Rw							Non	
397	هُوْسٌ		هوس		صفة مشبهة			مذكر			جمع		أهْوَس						Tn									
398	هَوْسَاوَاتٌ		هوس		صفة مشبهة			مؤنث			جمع		هَوْسَاءُ						Tn									
399	هَوْسَى		هوس		صفة مشبهة			مؤنث			مفرد	هَوْسَاوَاتٌ															Non	
400	أهْيَف		هيف		صفة مشبهة			مذكر	هَيْفَاء		مفرد	هِيفٌ			DnN												Non	"(صف). ""رَجلٌ أهْيَف"" : ضَامِر البَطْنِ رَقِيق الخَصْرِ. ""النِّطَاقات الذَّهَبِيَّة الْملْتَفَّة على خَصْرٍ أَهيَفَ لا يَضيق بِها وإنْ عَرضَتْ""."
401	هَيْفَاءُ		هيف		صفة مشبهة			مؤنث			مفرد	هَيْفَاوَاتٌ			Dw					Rw							Non	
402	هُيْفٌ		هيف		صفة مشبهة			مذكر			جمع		أهْيَف						Tn									
403	هَيْفَاوَاتٌ		هيف		صفة مشبهة			مؤنث			جمع		هَيْفَاءُ						Tn									
404	أهْيَق		هيق		صفة مشبهة			مذكر	هَيْقَاء		مفرد	هِيقٌ			DnN												Non	"(صف). زراَفَةٌ هَيْقَاء"": طَوِيلَة العنقِ."
405	هَيْقَاءُ		هيق		صفة مشبهة			مؤنث			مفرد	هَيْقَاوَاتٌ			Dw					Rw							Non	
406	هُيْقٌ		هيق		صفة مشبهة			مذكر			جمع		أهْيَق						Tn									
407	هَيْقَاوَاتٌ		هيق		صفة مشبهة			مؤنث			جمع		هَيْقَاءُ						Tn									
408	أوْجَل		وجل		صفة مشبهة			مذكر	وَجْلَاءُ		مفرد	وُجْلٌ			DnN												Non	"أوْجَل-أوْجَل [و ج ل] (صف). ""رَجلٌ أوْجَل"" : خائِفٌ."
409	وَجْلَاءُ		وجل		صفة مشبهة			مؤنث			مفرد	وَجْلَاوَاتٌ			Dw					Rw							Non	
410	وُجْلٌ		وجل		صفة مشبهة			مذكر			جمع		أوْجَل						Tn									
411	وَجْلَاوَاتٌ		وجل		صفة مشبهة			مؤنث			جمع		وَجْلَاءُ						Tn									
412	أوْرَق		ورق		صفة مشبهة			مذكر	وَرْقَاء		مفرد	ورْقٌ			DnN												Non	"(صف). 1.""لَوْنٌ أوْرَق"" : لَوْنه لَوْن الرَّمَادِ. 2.""شابٌّ أوْرَق"" : أسْمَر. 3. ""عامٌ أوْرَق"" : لا مَطَرَ فِيهِ. 4.""زَمَانٌ أوْرَق"" : جَدْبٌ قَاحِلٌ لا خَصْبَ فِيهِ. 5.: الذِّئْب. 6.:‏ الرَّماد."
413	وَرْقَاء		ورق		صفة مشبهة			مؤنث			مفرد	وَرَاقٍ;وَرَاقَى			Dw					Rw							Non	. : أنْثَى أَوْرَق، الْحَمَامَة الَّتِي لَوْنهَا كَالرَّمَادِ فِيهِ سَوَادٌ.
414	وُرْقٌ		ورق		صفة مشبهة			مذكر			جمع		أوْرَق						Tn									
415	وَرْقَاوَاتٌ		ورق		صفة مشبهة			مؤنث			جمع		وَرْقَاء						Tn									
416	أوْرَكَ		ورك		صفة مشبهة			مذكر	وَرْكَاء		مفرد	ورْكٌ			DnN												Non	"(صف). ""اِمْرَأةٌ وَرْكَاء"" : عَظِيمَة الوَرِكِ، أيْ ألْيَتها عَظيمَةٌ. ""رَجلٌ أورَك""."
417	وَرْكَاءُ		ورك		صفة مشبهة			مؤنث			مفرد	وَرْكَاوَاتٌ			Dw					Rw							Non	
418	وُرْكٌ		ورك		صفة مشبهة			مذكر			جمع		أوْرَكَ						Tn									
419	وَرْكَاوَاتٌ		ورك		صفة مشبهة			مؤنث			جمع		وَرْكَاءُ						Tn									
420	أَوْكَس		وكس		صفة مشبهة			مذكر	وَكْسَاءُ		مفرد	وُكْسٌ			DnN												Non	"أَوْكَس-أَوْكَس [و ك س] (صف). ""رَجلٌ أوْكَس"" : سَيِّئ الحَظِّ، أوخَسيسٌ خَبِيثٌ."
421	وَكْسَاءُ		وكس		صفة مشبهة			مؤنث			مفرد	وَكْسَاوَاتٌ			Dw					Rw							Non	
422	وُكْسٌ		وكس		صفة مشبهة			مذكر			جمع		أَوْكَس						Tn									
423	وَكْسَاوَاتٌ		وكس		صفة مشبهة			مؤنث			جمع		وَكْسَاءُ						Tn									
424	أبجر		بحر		صفة مشبهة			مذكر	بجراء		مفرد	بجر;بجران			DnN												Non	لأَبْجَر : العظيم البطن، مؤ بَجْراء ج بجْر، وبجْرانٌ.-: حبل السفينة ج أَبَاجِر.
425	بَجْرَاءُ		بحر		صفة مشبهة			مؤنث			مفرد	بَجْرَاوَاتٌ			Dw					Rw							Non	
426	بُجْرٌ		بحر		صفة مشبهة			مذكر			جمع		أبجر						Tn									
427	بَجْرَاوَاتٌ		بحر		صفة مشبهة			مؤنث			جمع		بَجْرَاءُ						Tn									
428	بُجْرَانُ		بحر		صفة مشبهة			مذكر			جمع		بُجْرٌ														Non	
429	أخْرَق		خرق		صفة مشبهة			مذكر	خَرْقَاء		مفرد	خُرْقٌ			DnN												Non	الأَخْرَق : الأحمق. -: من لم يحسن الصنعة؛ طرده ربّ العمل إذ وجده أخرق
430	خَرْقَاء		خرق		صفة مشبهة			مؤنث		أخْرَق	مفرد	خَرْقَاوَاتٌ			Dw					Rw							Non	". 1. ""خَرقَاء فِي تَصَرّفِهَا"" : الْبَلْهَاء، الْبَلِيدَة. "" لَيْسَ لَدَيْنَا الوَقْت لِكَيْ نضَيِّعَه الآنَ فِي اجْتِهَادَاتٍ وَأفْكَ"
431	خُرْقٌ		خرق		صفة مشبهة			مذكر			جمع		أخْرَق						Tn									
432	خَرْقَاوَاتٌ		خرق		صفة مشبهة			مؤنث			جمع		خَرْقَاء						Tn									
433	خَرْقَى		خرق		صفة مشبهة			مؤنث			مفرد	خَرْقَاوَاتٌ															Non	
434	أَرْقَط		رقط		صفة مشبهة			مذكر	رَقْطاء		مفرد	رُقْطٌ			DnN												Non	" [ر ق ط]. (صف). ""حَيَوَانٌ أَرْقَط"" : جِلْده مرَكَّبٌ مِنْ لَوْنَيْنِ، إِمَّا بِهِ بَيَاضٌ تخَالِطه نقَطٌ سودٌ أَوْ عَكْس ذَلِكَ.  ""حَيَّة رَقْطَاء""."
435	رَقْطاء		رقط		صفة مشبهة			مؤنث		أَرْقَط	مفرد	رَقْطَاوَاتٌ			Dw					Rw							Non	". ""حَيَّةٌ رَقْطاء"" : حَيَّةٌ عَلَيْها نقَط سَوادٍ وَبَياضٍ وَهِيَ نَوْعٌ مِنَ الحَيَّاتِ."
436	رُقْطٌ		رقط		صفة مشبهة			مذكر			جمع		أَرْقَط						Tn									
437	رَقْطَاوَاتٌ		رقط		صفة مشبهة			مؤنث			جمع		رَقْطاء						Tn									
438	أَشْهَل		شهل		صفة مشبهة			مذكر	شَهْلاَء		مفرد	شُهْلٌ			DnN												Non	الأشْهَل : من في إنسان عينيه شيءمن الحمرة، مؤ شَهْلاَء ج شهْلٌ
439	شَهْلاَء		شهل		صفة مشبهة			مؤنث		أَشْهَل	مفرد	شَهْلَاوَاتٌ			Dw					Rw							Non	". ""لَهَا عَيْنٌ شَهْلاَء"": اِمْتِزَاج سَوَادِهَا بِزرْقَةٍ."
440	شُهْلٌ		شهل		صفة مشبهة			مذكر			جمع		أَشْهَل						Tn									
441	شَهْلَاوَاتٌ		شهل		صفة مشبهة			مؤنث			جمع		شَهْلاَء						Tn									
442	أعْرَف		عرف		صفة مشبهة			مذكر	عَرْفَاء		مفرد	عرْفٌ			DnN												Non	العَرْفَاء مؤَنَّث الأعرف والضبع لكثرة شعر رقبتها. وناقة عرفاء أي سنامها صار لها كالعرف أو صار على عنقها مثل العرْف.
443	عَرْفَاء		عرف		صفة مشبهة			مؤنث		أَعْرَف	مفرد	عرْفٌ			Dw					Rw							Non	". 1.""قِمَّةٌ عَرْفَاء"" : مرْتَفِعَةٌ. 2. (حو) : ضَبعٌ.وَلِي دونَكمْ أَهْلونَ سِيدٌ عَمَلَّسٌ*وَأَرْقَط زهْلـولٌ وَعَرْفَـاء جَيْـأَل (الشنفرى)."
444	عُرْفٌ		عرف		صفة مشبهة			مذكر			جمع		أعْرَف						Tn									
445	عَرْفَاوَاتٌ		عرف		صفة مشبهة			مؤنث			جمع		عَرْفَاء						Tn									
446	أَنْجَل		عرف		صفة مشبهة			مذكر	نَجْلاَء	أَنْجَل	مفرد	نَجْلاَوَاتٌ			DnN												Non	النَّجْلاء : مذ أنْجَل.- من العيون: الواسعة الحسنة؛ طعنةٌ نجلاء، أي واسعةٌ/ ليلةٌ نجلاء، أي طويلةٌ ج نجْل
447	نَجْلاَء		نجل		صفة مشبهة			مؤنث		أَنْجَل	مفرد	نَجْلاَوَاتٌ			Dw					Rw							Non	". 1.""عَيْنٌ نَجْلاَء"" : وَاسِعَةٌ. ""عَيْنَانِ نَجْلاَوَانِ"". 2.""طَعَنَه طَعْنَةً نَجْلاَءَ"" : طَعْنَةً قَاتِلَةً. 3. ""نَجْلاء"" : اِسْم عَلَمٍ للإِنَاثِ."
448	نُجْلٌ		نجل		صفة مشبهة			مذكر			جمع		أَنْجَل						Tn									
449	نَجْلَاوَاتٌ		نجل		صفة مشبهة			مؤنث			جمع		نَجْلاَء						Tn									
450	أغَنّ		أغن		صفة مشبهة			مذكر	غَنَّاء		مفرد	غنٌّ			DnN												Non	"ج: غنٌّ. مؤ: غَنَّاء. 1. ""رَجلٌ أغَنّ"" : ذو غنَّةٍ، وَهِيَ صَوْتٌ يَخْرج مِنَ الْخَيَاشِيمِ. 2. ""مَكَانٌ أغَنّ"" : كَثِير الشَّجَرِ وَالعشْبِ. ""حَدِيقَةٌ غَنَّاء""."
451	غَنْاَء		أغن		صفة مشبهة			مؤنث			مفرد	غَنَّاوَاتٌ			Dw					Rw							Non	
452	غُنٌّ		أغن		صفة مشبهة			مذكر			جمع		أغَنّ						Tn									
453	غَنَّاوَاتٌ		أغن		صفة مشبهة			مؤنث			جمع		غَنْاَء						Tn									
454	أَيْمَن		أيمن		صفة مشبهة			مذكر	يَمْنَاء		مفرد	يمْنٌ			DnN												Non	"ج: يمْنٌ. مؤ: يَمْنَاء. ""رَجلٌ أيْمَن"" : ذو يمْنٍ وَبَرَكَةٍ."
455	يَمْنَاءُ		أيمن		صفة مشبهة			مؤنث			مفرد	يَمْنَاوَاتٌ			Dw					Rw							Non	
456	يُمْنٌ		أيمن		صفة مشبهة			مذكر			جمع		أَيْمَن						Tn									
457	يَمْنَاوَاتٌ		أيمن		صفة مشبهة			مؤنث			جمع		يَمْنَاءُ						Tn									
458	أبْتَر		بتر		صفة مشبهة			مذكر	بَتْرَاء		مفرد	بتْرٌ			DnN												Non	". 1.""حَيَوَانٌ أَبتَر"" : مَقْطوع الذَّنَبِ. 2.""رَجلٌ أبْتَر"" : لاَ ذرِّيَّةَ لَه."
459	بَتْراء		بتر		صفة مشبهة			مؤنث		أبْتَر	مفرد	بَتْرَاوَاتٌ			Dw					Rw							Non	". 1.""تِلْكَ حجَّةٌ بَتْراء"": حجَّةٌ قاطِعَةٌ، نافِذَةٌ. 2.""خطْبَةٌ بَتْراء"" : الخطْبَة التِي لَمْ تسْتَهَلَّ بِالْبَسْمَلَةِ كَخطْبَةِ زيَادٍ التِي لَمْ يَبْدَأْ فيها بِحَمْدِ اللَّهِ."
460	بُتْرٌ		بتر		صفة مشبهة			مذكر			جمع		أبْتَر						Tn									
461	بَتْرَاوَاتٌ		بتر		صفة مشبهة			مؤنث			جمع		بَتْراء						Tn									
462	أَجْدَع		جدع		صفة مشبهة			مذكر	جَدْعَاء		مفرد	جدْعٌ			DnN												Non	". ""رَجلٌ أجْدَع"" : الْمَقْطوع الأَنْفِ. ""هوَ أَجْدَع"
463	جَدْعَاءُ		جدع		صفة مشبهة			مؤنث			مفرد	جَدْعَاوَاتٌ			Dw					Rw							Non	
464	جُدْعٌ		جدع		صفة مشبهة			مذكر			جمع		أَجْدَع						Tn									
465	جَدْعَاوَاتٌ		جدع		صفة مشبهة			مؤنث			جمع		جَدْعَاءُ						Tn									
466	جَدْعَى		جدع		صفة مشبهة			مؤنث			مفرد	جَدْعَاوَاتٌ															Non	
467	أجْمَع		جمع		صفة مشبهة			مذكر	جَمْعَاء		مفرد	أجْمَعونَ					Pm										Non	". ""حَضَرَ اللاَّعِبونَ أَجْمَع"" : مِنْ ألْفَاظِ التَّوْكِيدِ، تَوْكِيد الحضورِ الجَمَاعِيِّ. ""حَضَرَ أوْلاَد الحَيِّ أجْمَعهمْ"
468	جَمْعَاءُ		جمع		صفة مشبهة			مؤنث			مفرد				Dw					Rw							Non	
469	جَمْعَاوَاتٌ		جمع		صفة مشبهة			مؤنث			جمع		أجْمَع						Tn									
470	أَجْيَد		جيد		صفة مشبهة			مذكر	جَيْدَاء		مفرد	جودٌ			DnN												Non	". ""هوَ أَجْيَد العنقِ"": مَنْ كَانَ طَوِيلَ العنقِ حَسَنَه. وَيقَال: ""عنق أجْيَد"" : أيْ وَصْف العنقِ نَفسِهِ بِأنَّه جَيِّد، حَسَن."
471	جَيْدَاءُ		جيد		صفة مشبهة			مؤنث			مفرد	جَيْدَاوَاتٌ			Dw					Rw							Non	
472	جُوْدٌ		جيد		صفة مشبهة			مذكر			جمع		أَجْيَد						Tn									
473	جَيْدَاوَاتٌ		جيد		صفة مشبهة			مؤنث			جمع		جَيْدَاءُ						Tn									
474	أَحْنَف		حنف		صفة مشبهة			مذكر	حَنْفَاء		مفرد				DnN												Non	"أَحْنَف-أَحْنَف [ح ن ف]. ""رَجلٌ أَحْنَف"" : رِجْله حَنْفَاء، أَيْ معْوَجَّةٌ إِلَى الدَّاخِلِ."
475	حَنْفَاء		حنف		صفة مشبهة			مؤنث		أَحْنَف	مفرد	حَنْفَاوَاتٌ			Dw					Rw							Non	. 1.: قَوْسٌ. 2.: موسَى. 3.: سلحْفَاةٌ مَائِيَّةٌ. 4.: حِرْبَاءةٌ. 5.: خادِمَةٌ تَكْسَل مَرَّةً وَتنْشَط مَرَّةً.
476	حُنْفٌ		حنف		صفة مشبهة			مذكر			جمع		أَحْنَف						Tn									
477	حَنْفَاوَاتٌ		حنف		صفة مشبهة			مؤنث			جمع		حَنْفَاء						Tn									
478	حَنْفَى		حنف		صفة مشبهة			مؤنث			مفرد	حَنْفَاوَاتٌ															Non	
479	أَدْكَن		دكن		صفة مشبهة			مذكر	دَكْنَاء		مفرد	دكْنٌ			DnN												Non	". ""هوَ أَدْكَن اللَّوْنِ"": لَوْنه يَمِيل إِلَى السَّوَادِ، أَغْبَر اللَّوْنِ. ""لاَ يَرَى ثَمَّةَ إلاَّ ثَوْباً أَدْكَنَ مغْبَرّاً"". (م. ص. الرافعي)."
480	دَكْناء		دكن		صفة مشبهة			مؤنث		أَدْكَن	مفرد	دَكْنَاوَاتٌ			Dw					Rw							Non	". ""سماءٌ دَكْناء"" :يَكْتَنِفها سَحابٌ أَسْوَد. ""سَحابَةٌ دَكْناء تَمْلأ السَّماءَ شَريطاً شَفَقِيّاً بَيْنَها وَبَيْنَ عَتَمَةِ البيوتِ"". (أ. عبد الْمعْطِي حجازي)."
481	دُكْنٌ		دكن		صفة مشبهة			مذكر			جمع		أَدْكَن						Tn									
482	دَكْنَاوَاتٌ		دكن		صفة مشبهة			مؤنث			جمع		دَكْناء						Tn									
483	أَرْمَد		رمد		صفة مشبهة			مذكر	رَمْدَاء		مفرد	رمْدٌ			DnN												Non	". 1.""وَلَدٌ أَرْمَد"": الْمصَاب بِالرَّمَدِ. 2.""ثَوْبٌ أَرْمَد"" : لَوْنه لَوْن الرَّمَادِ."
484	رَمْدَاءُ		رمد		صفة مشبهة			مؤنث			مفرد	رَمْدَاوَاتٌ			Dw					Rw							Non	
485	رُمْدٌ		رمد		صفة مشبهة			مذكر			جمع		أَرْمَد						Tn									
486	رَمْدَاوَاتٌ		رمد		صفة مشبهة			مؤنث			جمع		رَمْدَاءُ						Tn									
487	رَمْدَى		رمد		صفة مشبهة			مؤنث			مفرد	رَمْدَاوَاتٌ															Non	
488	أَرْوَق		روق		صفة مشبهة			مذكر	رَوْقَاء		مفرد	رُوْقٌ			DnN												Non	". 1. ""وَلَدٌ أَرْوَق"" : أَشْرَفَتْ ثَنَايَاه الْعلْيَا عَلَى السّفْلَى. 2. ""عَامٌ أَرْوَق"" : شَدِيدٌ. ""سَنَةٌ رَوْقَاء""."
489	رَوْقَاءُ		روق		صفة مشبهة			مؤنث			مفرد	رَوْقَاوَاتٌ			Dw					Rw							Non	
490	رُوْقٌ		روق		صفة مشبهة			مذكر			جمع		أَرْوَق						Tn									
491	رَوْقَاوَاتٌ		روق		صفة مشبهة			مؤنث			جمع		رَوْقَاءُ						Tn									
492	أَزْهَر		زهر		صفة مشبهة			مذكر	زَهْرَاء		مفرد	زهْرٌ			DnN												Non	"أَزْهَر-أَزْهَر [ز هـ ر]. ج: زهْرٌ. مؤ: زَهْرَاء. 1.""لَوْنٌ أَزْهَر"": كل لَوْنٍ أَبْيَضَ صَافٍ مشْرِقٍ ومضيئٍ. 2.: القَمَر. يقال: ""قَمَرٌ أَزْهَر"". 3.""وَجْهٌ أَزْهَر"" : مشْرِق الوَجْهِ. 4.: الثَّوْر الوَحْشِيّ."
493	زَهْراء		زهر		صفة مشبهة			مؤنث		أَزْهَر	مفرد	زَهْرَاوَاتٌ			Dw					Rw							Non	". 1.""زَهْراء الوَجْهِ"" : مشْرِقَة الوَجْهِ، نَيِّرَةٌ، صافِيَة البَشَرَةِ. 2.""فاطِمَة الزَّهْراء"" : لَقَب السَّيِّدَةِ فاطِمَةَ بِنْتِ الرَّسولِ ( وَصارَ اسْمَ عَلَمٍ لِلإِناثِ."
494	زُهْرٌ		زهر		صفة مشبهة			مذكر			جمع		أَزْهَر						Tn									
495	زَهْرَاوَاتٌ		زهر		صفة مشبهة			مؤنث			جمع		زَهْراء						Tn									
496	أسْمَر		سمر		صفة مشبهة			مذكر	سَمْراء		مفرد	سمْرٌ			DnN												Non	". 1.""عادَ مِنَ البَحْرِ أَسْمَرَ اللَّوْنِ"" : صارَ لَوْنه يَميل إلى السّمْرَةِ، أَيْ ما بَيْنَ السَّوادِ وَالبَياضِ.""اِمْرَأَةٌ سَمْرَاء"" ""سَمْراء يا حلْمَ الطّفولَةِ"". (ع. الفيصل)."
497	سَمْرَاء		سمر		صفة مشبهة			مؤنث		أَسْمَر	مفرد	سَمْرَاوَاتٌ			Dw					Rw							Non	". ""اِمْرَأةٌ سَمْرَاء"" : ذَات سمْرَةٍ، أيْ ذَات اِحْ"
498	سُمْرٌ		سمر		صفة مشبهة			مذكر			جمع		أسْمَر						Tn									
499	سَمْرَاوَاتٌ		سمر		صفة مشبهة			مؤنث			جمع		سَمْرَاء						Tn									
500	أسْوَد		سود		صفة مشبهة			مذكر	سَوْداء		مفرد	سودٌ			DnN												Non	". 1.""اِشْتَعَلَتِ النِّيران وَعَلا دخانٌ أَسْوَد في الفَضاءِ"" : دخَّانٌ لَوْنه سَوادٌ، أَكْحَل. 2.""رِجال إِفْريقْيا سود البَشَرَةِ"" : لَوْنهمْ أَكْحَل. 3.""قَبَّلَ الحَجَ"
501	سَوْداء		سود		صفة مشبهة			مؤنث		أَسْوَد	مفرد	سَوْدَاوَاتٌ			Dw					Rw							Non	". ""اِرْتَدَتْ ثِياباً سَوْداءَ"" : ثِياباً بِلَوْنٍ أَكْحَلَ، بِلَوْنِ الفَحْمِ. 2.""أَلَمَّتْ بِهِ السَّوْداء"" : السّوَيْداء، الكَآبَة، القَلَق. 3.""سَوْداء القَلْبِ"": حَبَّته، دَواخِله، عمْقه، مهْجَته. 4.""الحَبَّة السَّوْداء"" : حَبَّةٌ تعْرَف بِحَبَّةِ البَرَكَةِ."
502	سُوْدٌ		سود		صفة مشبهة			مذكر			جمع		أسْوَد						Tn									
503	سَوْدَاوَاتٌ		سود		صفة مشبهة			مؤنث			جمع		سَوْداء						Tn									
504	أفْرَم		فرم		صفة مشبهة			مذكر	فَرْمَاء		مفرد	فرْمٌ			DnN												Non	". ""ولَدٌ أفْرَم"": متَحَطِّم الأَسْنَانِ."
505	فَرْمَاءُ		فرم		صفة مشبهة			مؤنث			مفرد	فَرْمَاوَاتٌ			Dw					Rw							Non	
506	فُرْمٌ		فرم		صفة مشبهة			مذكر			جمع		أفْرَم						Tn									
507	فَرْمَاوَاتٌ		فرم		صفة مشبهة			مؤنث			جمع		فَرْمَاءُ						Tn									
508	فَرْمَى		فرم		صفة مشبهة			مؤنث			مفرد	فَرْمَاوَاتٌ															Non	
509	أَقْذَع		قذع		صفة مشبهة			مذكر	قَذْعاء		مفرد	قُذْعٌ			DnN												Non	". ""كَلامٌ أقْذَع"" : فَاحِشٌ، قَبِيحٌ، سَيِّئٌ. ""مَنْطِقٌ أقْذَع"". "
510	قَذْعَاءُ		قذع		صفة مشبهة			مؤنث			مفرد	قَذْعَاوَاتٌ			Dw					Rw							Non	
511	قُذْقٌ		قذع		صفة مشبهة			مذكر			جمع		أَقْذَع						Tn									
512	قَذْعَاوَاتٌ		قذع		صفة مشبهة			مؤنث			جمع		قَذْعَاءُ						Tn									
513	أَكْوَع		كوع		صفة مشبهة			مذكر	كَوْعَاء		مفرد	كوعٌ			DnN												Non	". 1.""رَجلٌ أَكْوَع"" : عَظِيم الكوعِ. 2.""رَأَ"
514	كَوْعَاءُ		كوع		صفة مشبهة			مؤنث			مفرد	كَوْعَاوَاتٌ			Dw					Rw							Non	
515	كُوْعٌ		كوع		صفة مشبهة			مذكر			جمع		أَكْوَع						Tn									
516	كَوْعَاوَاتٌ		كوع		صفة مشبهة			مؤنث			جمع		كَوْعَاءُ						Tn									
517	أَنْكَد		نكد		صفة مشبهة			مذكر	نَكْداء		مفرد	نكْدٌ			DnN												Non	". ""رَجلٌ أَنْكَد"": قليل الخَيْرِ، نَكِدٌ."
518	نَكْدَاءُ		نكد		صفة مشبهة			مؤنث			مفرد	نَكْدَاوَاتٌ			Dw					Rw							Non	
519	نُكْدٌ		نكد		صفة مشبهة			مذكر			جمع		أَنْكَد						Tn									
520	نَكْدَاوَاتٌ		نكد		صفة مشبهة			مؤنث			جمع		نَكْدَاءُ						Tn									
521	نَكْدَى		نكد		صفة مشبهة			مؤنث			مفرد	نَكْدَاوَاتٌ															Non	
522	أهْتَم		هتم		صفة مشبهة			مذكر	هَتْمَاء		مفرد	هتْمٌ			DnN												Non	". ""رَجلٌ أهْتَم"": مَنِ انْكَسَرَتْ أسْنَان مقَدَّمِ فَمِهِ مِن أصولِهَا."
523	هَتْمَاءُ		هتم		صفة مشبهة			مؤنث			مفرد	هَتْمَاوَاتٌ			Dw					Rw							Non	
524	هُتْمٌ		هتم		صفة مشبهة			مذكر			جمع		أهْتَم						Tn									
525	هَتْمَاوَاتٌ		هتم		صفة مشبهة			مؤنث			جمع		هَتْمَاءُ						Tn									
526	هَتْمَى		هتم		صفة مشبهة			مؤنث			مفرد	هَتْمَاوَاتٌ															Non	
527	أهْيَم		هيم		صفة مشبهة			مذكر	هَيْمَاء		مفرد	هِيمٌ			DnN												Non	". 1.""رَجلٌ أهْيَم"": شَدِيد العَطَشِ، عَطْشَان. 2.""لَيْلٌ أهْيَم"" : لا نجومَ فِيه."
528	هَيْمَاء		هيم		صفة مشبهة			مؤنث		أهْيَم	مفرد	هَيْمَاوَاتٌ			Dw					Rw							Non	"هَيْمَاء-هَيْمَاء [هـ ي م]. ""تَاهَ فِي الْهَيْمَاءِ"" : فِي الصَّحْرَاءِ الوَاسِعَةِ الَّتِي لاَ مَاءَ فِيهَا."
529	هُيْمٌ		هيم		صفة مشبهة			مذكر			جمع		أهْيَم						Tn									
530	هَيْمَاوَاتٌ		هيم		صفة مشبهة			مؤنث			جمع		هَيْمَاء						Tn									
531	أوْبَر		وبر		صفة مشبهة			مذكر	وَبْرَاء		مفرد	وبْرٌ			DnN												Non	". 1.""حَيَوَانٌ أوْبَر"": كَثِير الزَّغَبِ. ""بَعِيرٌ أوْبَر"". 2.""بَنَات أوْبَرَ"" : الْمَصَائِب."
532	وَبْرَاءُ		وبر		صفة مشبهة			مؤنث			مفرد	وَبْرَاوَاتٌ			Dw					Rw							Non	
533	وُبْرٌ		وبر		صفة مشبهة			مذكر			جمع		أوْبَر						Tn									
534	وَبْرَاوَاتٌ		وبر		صفة مشبهة			مؤنث			جمع		وَبْرَاءُ						Tn									
535	أَيْهَم		يهم		صفة مشبهة			مذكر	يَهْمَاء		مفرد	يهْم			DnN												Non	". 1.""وَلَدٌ أَيْهَم"" : لاَ عَقْلَ لَه وَلاَ فَهْمَ. 2.""جَبَلٌ أَيْهَم"" : عَالٍ، شَامِخٌ، صَعْبٌ اِرْتِقَاؤه. 3.""صَخْرٌ أَيْهَم"" : أَمْلَس. 4.""شَابٌّ أَيْهَم"" : جَرِّيءٌ، لاَ يسْتَطَاع دَفْعه. 5.""لَيْلٌ أَيْهَم "" : لاَ نجومَ فِيهِ. 6.""بَرٌّ أَيْهَم"" : لاَ يهْتَدَى فِيهِ لِطَرِيقٍ."
536	يَهْمَاءُ		يهم		صفة مشبهة			مؤنث			مفرد	يَهْمَاوَاتٌ			Dw					Rw							Non	
537	يُهْمٌ		يهم		صفة مشبهة			مذكر			جمع		أَيْهَم						Tn									
538	يَهْمَاوَاتٌ		يهم		صفة مشبهة			مؤنث			جمع		يَهْمَاءُ						Tn									
539	يَهْمَى		يهم		صفة مشبهة			مؤنث			مفرد	يَهْمَاوَاتٌ															Non	
540	أدجن		يهم		صفة مشبهة			مذكر	دَجْنَاءُ		مفرد				DnN												Non	الأَدْجَن ذو الدجْنَة. يقال بعيرأدجن وناقةٌ  دجناء ج دجْن.
541	دَجْنَاءُ		دجن		صفة مشبهة			مؤنث			مفرد	دَجْنَاوَاتٌ			Dw					Rw							Non	"دَجْنَاء-دَجْنَاء [د ج ن] (صف). ""لَمْ يَهْتَدِ إلَى الطَّرِيقِ فِي تِلْكَ اللَّيْلَةِ الدَّجْنَاءِ"" : الكَثِيفَة، الْمظْلِمَة."
542	دُجْنٌ		دجن		صفة مشبهة			مذكر			جمع		أدجن						Tn									
543	دَجْنَاوَاتٌ		دجن		صفة مشبهة			مؤنث			جمع		دَجْنَاءُ						Tn									
544	مَلْآن		ملأ		صفة مشبهة			مذكر	مَلْأَى		مفرد	+ات;مِلاَءٌ		Ta	DnT	Pf											Non	". ""بَيْتٌ مَلْآن بِالنَّاسِ"" : ممْتَلِئٌ. ""كَأْسٌ مَلْآنَةٌ""."
545	مَلْأَى		ملأ		صفة مشبهة			مؤنث			مفرد				Dy												Non	
546	مَلّاءُ		ملأ		صفة مشبهة			مؤنث			مفرد								Tn									
547	صَفْوَان		صفو		صفة مشبهة			مذكر			مفرد	+ات		Ta	DnT	Pf											Non	"صَفْوَان-صَفْوَان [ص ف و]. 1.""يَوْمٌ صَفْوَان"" : صَافٍ. 2.""حَضَرَ صَفْوَان"" : اِسْم عَلَمٍ لِلْمذَكَّرِ."
548	سَغْبَان		سغب		صفة مشبهة			مذكر	سَغْبَى		مفرد	+ات;سِغابٌ		Ta	DnT	Pf											Non	". ""وَلَدٌ سَغْبَان"" : جَائِعٌ."
549	سَغْبَى		سغب		صفة مشبهة			مؤنث			مفرد				Dy												Non	
550	سِغَابٌ		سغب		صفة مشبهة			مذكر			جمع		سَغْبَان						Tn									
551	هَيْمَانُ		هيم		صفة مشبهة			مذكر	هَيْمَى		مفرد	+ات;هِيَامٌ;هَيْمَى		Ta	DnT												Non	"(فا. من هَامَ). ""وَجَدَهُ هَيْمَانَ"" : مُحِبّاً شَدِيدَ الوَجْدِ."
552	هَيْمَى		هيم		صفة مشبهة			مؤنث			مفرد	هِيَامٌ			Dy												Non	
553	هَيَامَى		هيم		صفة مشبهة			مؤنث			جمع		هَيْمَانُ														Non	
554	هِيَامٌ		هيم		صفة مشبهة			مذكر			جمع		هَيْمَى						Tn									
555	دَفْآن		دفأ		صفة مشبهة			مذكر	دَفْأَى		مفرد	+ات;دِفَاءٌ		Ta	DnT	Pf											Non	". ""وَجَدَه دَفْآنَ"" : مسْتَدْفِئاً."
556	دَفْأَى		دفأ		صفة مشبهة			مؤنث			مفرد				Dy												Non	
557	دِفَاءُ		دفأ		صفة مشبهة			مؤنث			مفرد								Tn									
558	غَيْرَان		غير		صفة مشبهة			مذكر	غَيْرَى		مفرد	+ات;غَيَارَى		Ta	DnT	Pf											Non	"(فا. من غَارَ). ""غَيْرَان عَلَى مَصْلَحَةِ الشَّعْبِ"" : مَنْ يَغَار. ""عَرَفْتهمْ غَيَارَى عَلَى الْحدودِ التّرَابِيَّةِ لِلْوَطَنِ""."
559	غَيْرَى		غير		صفة مشبهة			مؤنث			مفرد				Dy												Non	
560	غَيَارَى		غير		صفة مشبهة			مؤنث			جمع		غَيْرَان														Non	
561	سَهْرَان		سهر		صفة مشبهة			مذكر	سَهْرَى		مفرد	+ات		Ta	DnT	Pf											Non	"سَهْرَان-سَهْرَان [س هـ ر] (صف). ""قَضَى اللَّيْلَةَ سَهْرَانَ"" : يَقِظاً، سَاهِراً اللَّيْلَ."
562	سَهْرَى		سهر		صفة مشبهة			مؤنث			مفرد				Dy												Non	
563	سَهَارَى		سهر		صفة مشبهة			مؤنث			جمع		سَهْرَان														Non	
564	شَبْعَان		شبع		صفة مشبهة			مذكر	شَبْعَى		مفرد	+ات;شِبَاعٌ		Ta	DnT	Pf											Non	"(صف). ""خَرَجَ مِنَ الوَلِيمَةِ شَبْعَانَ"" : ممْتَلِئاً بَطْنه بِالطَّعَامِ. ""لَيْسَ بِمؤْمِنٍ مَنْ بَاتَ شَبْعَانَ وَجَاره ضَاوٍ"". (الجاحظ)."
565	شَبْعَى		شبع		صفة مشبهة			مؤنث			مفرد				Dy												Non	
566	شَبَاعَى		شبع		صفة مشبهة			مؤنث			جمع		شَبْعَان														Non	
567	شِبَاعٌ		شبع		صفة مشبهة			مذكر			جمع		شَبْعَى						Tn									
568	عَجْلاَن		عجل		صفة مشبهة			مذكر	عَجْلى		مفرد	+ات;عِجَالٌ		Ta	DnT	Pf											Non	"(صف). ""رَجلٌ عَجْلاَن"" : عَاجِلٌ."
569	عَجْلَى		عجل		صفة مشبهة			مؤنث		عَجْلاَن	مفرد				Dy												Non	". ""كَانَتْ عَجْلَى مِنْ أَمْرِهَا"" : عَاجِلَةٌ، مسْرِعَةٌ. ""يَخْطو خطوَاتِهِ الْعَجْلَى إِلَى مَقَرِّ عَمَلِهِ""."
570	عِجَالٌ		عجل		صفة مشبهة			مذكر			جمع		عَجْلاَن						Tn									
571	عِجَالٌ		عجل		صفة مشبهة			مذكر			جمع		عَجْلَى														Non	
572	نَهْلاَن		نهل		صفة مشبهة			مذكر	نَهْلَى		مفرد	+ات;نِهَالٌ		Ta	DnT	Pf											Non	"(صف). 1.""وَجَدَه نَهْلاَنَ"" : عَطْشَانَ. 2.""لَقِيَه عَلَى"
573	نَهْلَى		نهل		صفة مشبهة			مؤنث			مفرد	نِهَالٌ			Dy												Non	
574	نَهَالَى		نهل		صفة مشبهة			مؤنث			جمع		نَهْلاَن														Non	
575	نِهَالٌ		نهل		صفة مشبهة			مذكر			جمع		نَهْلَى						Tn									
576	كَسْحَان		كسح		صفة مشبهة			مذكر	كَسْحَى		مفرد	+ات		Ta	DnT	Pf											Non	"كَسْحَان-كَسْحَان [ك س ح] (صف). ""رَجلٌ كَسْحَان"": الْمصَاب بِشَلَلٍ فِي رِجْلَيْهِ أَوْ يَدَيْهِ."
577	كَسْحَى		كسح		صفة مشبهة			مؤنث			مفرد				Dy												Non	
578	كَسَاحَى		كسح		صفة مشبهة			مؤنث			جمع		كَسْحَان														Non	
579	عَطْشَان		عطش		صفة مشبهة			مذكر	عَطْشى		مفرد	+ات;عِطَاشٌ;عَطْشَى		Ta	DnT	Pf											Non	". ""هوَ عَطْشَان"" : بِهِ حَاجَةٌ ملِحَّةٌ إِلَى شرْبِ الْمَاءِ.‎ ""اِمْلَئِي جَرَّتِي هَذِهِ مِنْ نَبْعِكِ البَارِدِ فَإِنِّيَ عَطْشَان"". (ع. غلاب)."
580	عَطْشَى		عطش		صفة مشبهة			مؤنث		عَطْشَان	مفرد	عِطَاشٌ			Dy												Non	". 1.""عَطْشَى إِلَى الْمَاءِ"" : بِهَا ظَمَأٌ... 2.""عَطْشَى إِلَى رؤْيَةِ أَبْنَائِهَا"" : بِهَا رَغْبَةٌ ملِحَّةٌ..."
581	عَطَاشَى		عطش		صفة مشبهة			مؤنث			جمع		عَطْشَان														Non	
582	عِطَاشٌ		عطش		صفة مشبهة			مذكر			جمع		عَطْشَى						Tn									
583	ثَكْلاَن		ثكل		صفة مشبهة			مذكر	ثَكْلَى		مفرد	+ات		Ta	DnT	Pf											Non	"ثَكْلاَن-ثَكْلاَن [ث ك ل]. ""رَجلٌ ثَكْلاَن"" : الَّذِي فَقَدَ ابْنَه."
584	ثَكْلَى		ثكل		صفة مشبهة			مؤنث			مفرد	ثَكَالىَ			Dy												Non	". ""اِمْرَأةٌ ثَكْلَى"" : فَقَدَتْ ابْنِهَا، أيْ مَفْجوعَةٌ بِهِ."
585	ثَكَالَى		ثكل		صفة مشبهة			مؤنث			جمع		ثَكْلاَن														Non	
586	جَذْلاَن		جذل		صفة مشبهة			مذكر	جَذْلَى		مفرد	+ات;جذْلاَن		Ta	DnT	Pf											Non	". ""وَلَدٌ جَذْلاَن"" : فَرْحَان."
587	جَذْلَى		جذل		صفة مشبهة			مؤنث			مفرد				Dy												Non	
588	جَذَالَى		جذل		صفة مشبهة			مؤنث			جمع		جَذْلاَن														Non	
589	جُذْلَانٌ		جذل		صفة مشبهة			مذكر			جمع		جَذْلَى														Non	
590	جَرْبَان		جرب		صفة مشبهة			مذكر	جَرْبَى		مفرد	+ات;جَرْبَى		Ta	DnT	Pf											Non	". ""رَجلٌ جَرْبَان"" : مصَابٌ بِدَاءِ الجَرَبِ."
591	جَرْبَى		جرب		صفة مشبهة			مؤنث			مفرد				Dy												Non	
592	جَرَابَى		جرب		صفة مشبهة			مؤنث			جمع		جَرْبَان														Non	
593	جَوْعَان		جوع		صفة مشبهة			مذكر	جَوْعَى		مفرد	+ات;جِيَاعٌ		Ta	DnT	Pf											Non	". ""وَلَدٌ جَوْعَان"" : جَائِعٌ، لَمْ يَذقْ طَعَامًا مدَّةً وَهوَ بِحَاجَةٍ إِلَى الأَكْلِ. ""يَهْتَمّ بِإِطْعَامِ الجِيَاعِ""."
594	جَوْعَى		جوع		صفة مشبهة			مؤنث			مفرد				Dy												Non	
595	جِيَاعٌ		جوع		صفة مشبهة			مذكر			جمع		جَوْعَان						Tn									
596	حَسْرَان		حسر		صفة مشبهة			مذكر	حَسْرَى		مفرد	+ات		Ta	DnT	Pf											Non	"حَسْرَان-حَسْرَان [ح س ر]. 1.""وَلَدٌ حَسْرَان"" : متَلَهِّفٌ. 2.""تَرَكَه حَسْرانَ"" : نَادِماً أشَدَّ النَّدَمِ عَلَى أمْرٍ فَاتَه."
597	حَسْرَى		حسر		صفة مشبهة			مؤنث			مفرد				Dy												Non	
598	حَسَارَى		حسر		صفة مشبهة			مؤنث			جمع		حَسْرَان														Non	
599	حَيْرَان		حير		صفة مشبهة			مذكر	حَيْرَى		مفرد	+ات		Ta	DnT	Pf											Non	". ""وَجَدَه حَيْرَانَ"" : الَّذِي يَجْهَل وَجْهَ الاهْتِدَاءِ إلَى سَبِيلِهِ، أَوْ مَنْ أصَابَه قَلَقٌ جَعَلَه فِي حَيْرَةٍ مِنْ أمْرِهِ."
600	حَيْرَى		حير		صفة مشبهة			مؤنث			مفرد				Dy												Non	
601	حَيَارَى		حير		صفة مشبهة			مؤنث			جمع		حَيْرَان														Non	
602	خَجْلاَن		خجل		صفة مشبهة			مذكر	خَجْلَى		مفرد	+ات		Ta	DnT	Pf											Non	"خَجْلاَن-خَجْلاَن [خ ج ل]. ""اِنْزَوَى خَجْلاَنَ لاَ يَنْبِس بِبِنْتِ شَفَةٍ "" : مسْتَحْيِياً، مضْطَرِباً مِنَ الْحَيَاءِ ."
603	خَجْلَى		خجل		صفة مشبهة			مؤنث			مفرد				Dy												Non	
604	خَجَالَى		خجل		صفة مشبهة			مؤنث			جمع		خَجْلاَن														Non	
605	خَشْيَان		خشي		صفة مشبهة			مذكر			مفرد	+ات		Ta	DnT	Pf											Non	"خَشْيَان-خَشْيَان، ةٌ [خ ش ي]. ""وَجَدَه رَجلاً خَشْيَانَ"" : خَائِفاً."
606	خَشْبَى		خشي		صفة مشبهة			مؤنث			مفرد				Dy												Non	
607	خَشَابَى		خشي		صفة مشبهة			مؤنث			جمع		خَشْيَان														Non	
608	دَهْشان		دهش		صفة مشبهة			مذكر	دَهْشَى		مفرد	+ات		Ta	DnT	Pf											Non	دَهْشان-دَهْشان [د هـ ش].: متَحَيِّرٌ، دَهِشٌ.
609	دَهْشَى		دهش		صفة مشبهة			مؤنث			مفرد				Dy												Non	
610	دَهَاشَى		دهش		صفة مشبهة			مؤنث			جمع		دَهْشان														Non	
611	سَكْرَان		سكر		صفة مشبهة			مذكر	سَكْرَى		مفرد	+ات;سكَارَى;سَكارَى		Ta	DnT	Pf											Non	". ""وَجَدَه عَلَى قَارِعَةِ الطَّرِيقِ سَكْرَانَ"" : فَاقِداً لِرشْدِهِ وَإدْرَاكِهِ، أيْ مَأْخوذاً بِنَشْو"
612	سَكْرَى		سكر		صفة مشبهة			مؤنث			مفرد				Dy												Non	
613	سَكَارَى		سكر		صفة مشبهة			مؤنث			جمع		سَكْرَان														Non	
614	شَهْوَان		شهو		صفة مشبهة			مذكر	شَهْوَى	شَهْوَى	مفرد	+ات		Ta	DnT	Pf											Non	". ""رَجلٌ شَهْوَان"" : شَدِيد الرَّغْبَةِ فِي الشَّيْءِ. ""اِمْرَأَةٌ شَهْوَى""."
615	شَهْوَى		شهو		صفة مشبهة			مؤنث			مفرد				Dy												Non	
616	شَهَاوَى		شهو		صفة مشبهة			مؤنث			جمع		شَهْوَان														Non	
617	عَرْقَان		عرق		صفة مشبهة			مذكر	عَرْقَى		مفرد	+ات		Ta	DnT	Pf											Non	"عَرْقَان-عَرْقَان [ع ر ق]. ""هوَ عَرْقَان"" : أَيْ مَنْ تَرَشَّحَ جَسَده بِالعَرَقِ وَجَرَى مِنْ أصولِ شَعْرِهِ."
618	عَرْقَى		عرق		صفة مشبهة			مؤنث			مفرد				Dy												Non	
619	عَرَاقَى		عرق		صفة مشبهة			مؤنث			جمع		عَرْقَان														Non	
620	غَضْبَان		غضب		صفة مشبهة			مذكر	غَضْبَى		مفرد	+ات		Ta	DnT	Pf											Non	"غَضْبَان-غَضْبَان، ةٌ [غ ض ب]. ""جَاءَ غَضْبَانَ"" : ثَائِراً منْفَعِلاً مَعَ ظهورِ عَلاَمَاتِ التَّشَنّجِ وَالْمَيْلِ إِلَى الاعْتِدَاءِ وَالانِتْقَامِ."
621	غَضْبَى		غضب		صفة مشبهة			مؤنث			مفرد				Dy												Non	
622	غَضَابَى		غضب		صفة مشبهة			مؤنث			جمع		غَضْبَان														Non	
623	غِضَابٌ		غضب		صفة مشبهة			مذكر			جمع		غَضْبَى						Tn									
624	فَرْدَان		فرد		صفة مشبهة			مذكر	فَرْدَى		مفرد	+ات		Ta	DnT	Pf											Non	"فَرْدَان-فَرْدَان [ف ر د]. 1.""جَاءَ فَرْدَانَ"" : فَرْداً، وَاحِداً. 2.""عَمَلٌ فَرْدَان"" : متَفَرِّدٌ."
625	فَرْدَى		فرد		صفة مشبهة			مؤنث			مفرد				Dy												Non	
626	فَرَادَى		فرد		صفة مشبهة			مؤنث			جمع		فَرْدَان														Non	
627	قَعْرَان		قعر		صفة مشبهة			مذكر	قَعْرَى		مفرد	+ات		Ta	DnT	Pf											Non	"قَعْرَان-قَعْرَان [ق ع ر]. 1.""إِنَاءٌ قَعْرَان"" : فِي قَع"
628	قَعْرَى		قعر		صفة مشبهة			مؤنث			مفرد				Dy												Non	
629	قَعَارَى		قعر		صفة مشبهة			مؤنث			جمع		قَعْرَان														Non	
630	كَسْلاَن		كسلان		صفة مشبهة			مذكر	كَسْلَى		مفرد	+ات;كَسَالَى		Ta	DnT	Pf											Non	"ج: كَسَالَى. ""وَلَدٌ كَسْلاَن"" : متَقَ"
631	كَسْلَى		كسل		صفة مشبهة			مؤنث		كَسْلاَن	مفرد				Dy												Non	". ""بِنْتٌ كَسْلَى"" : متَقَاعِسَةٌ عَنْ أَدَاءِ عَمَلِهَا، متَرَاخِيَةٌ، كَسْلاَنَةٌ."
632	كَسَالَى		كسل		صفة مشبهة			مؤنث			جمع		كَسْلاَن														Non	
633	لَحْيَان		لحي		صفة مشبهة			مذكر			مفرد	لَحَايَى			DnN												Non	"لَحْيَان-لَحْيَان [ل ح ي]. ""رَج"
634	لَحَايَى		لحي		صفة مشبهة			مؤنث			جمع		كَسَالَى														Non	
635	نَجْرَان		نجر		صفة مشبهة			مذكر	نَجْرَى		مفرد	+ات		Ta	DnT	Pf											Non	نَجْرَان-نَجْرَان [ن ج ر]. : خَشَبَةٌ مدَوَّرَةٌ يوضَع فِيهَا مِحْوَر البَابِ.
636	نَجْرَى		نجر		صفة مشبهة			مؤنث			مفرد				Dy												Non	
637	نَجَارَى		نجر		صفة مشبهة			مؤنث			جمع		نَجْرَان														Non	
638	نَدْيَان		ندو		صفة مشبهة			مذكر	نَدْوَى		مفرد	+ات		Ta	DnT	Pf											Non	"نَدْيَان-نَدْيَان [ن د و]. ""ثَوْبٌ نَدْيَان"" : مبْتَلٌّ."
639	نَدْوَى		ندو		صفة مشبهة			مؤنث			مفرد				Dy												Non	
640	نَدَاوَى		ندو		صفة مشبهة			مؤنث			جمع		نَدْيَان														Non	
641	نَدْمَان		ندم		صفة مشبهة			مذكر	نَدْمَى		مفرد	+ات;نَدَامَى		Ta	DnT	Pf											Non	". ""وَجَدَه نَدْمَانَ"" : نَادِماً، أَي متَأَسِّفاً عَلَى مَا فَعَلَ."
642	نَدْمَى		ندم		صفة مشبهة			مؤنث		نَدْمَان	مفرد				Dy												Non	نَدْمَى-نَدْمَى [ن د م]. : مؤَنَّث نَدْمَان.
643	نَدَامَى		ندم		صفة مشبهة			مؤنث			جمع		نَدْمَان														Non	
644	نِدَامٌ		ندم		صفة مشبهة			مذكر			جمع		نَدْمَى						Tn									
645	نَشْوَان		نشو		صفة مشبهة			مذكر	نَشْوَى		مفرد	+ات		Ta	DnT	Pf											Non	". ""دَخَلَ نَشْوَانَ"" : متَرَنِّحاً، سَكْرَانَ."
646	نَشْوَى		نشو		صفة مشبهة			مؤنث		نَشْوَان	مفرد				Dy												Non	". ""جَاءتْ نَشْوَى تَتَمَايَل بَيْنَ رَفِيقَاتِهَا"" : متَرَنِّحَةٌ، سَكْرَى."
647	نَشَاوَى		نشو		صفة مشبهة			مؤنث			جمع		نَشْوَان														Non	
648	لَهْفَانُ		لهف		صفة مشبهة			مذكر	لَهْفَى		مفرد	+ات;لُهُفٌ		Ta	DnT	Pf											Non	". ""رَجُلٌ لَهْفَانُ"" : مُتَحَسِّرٌ، حَزِينٌ عَلَى مَا مَضَى. ""إِلَى أُمِّهِ يَلْهَفُ اللَّهْفَانُ""."
649	لَهْفَى		لهف		صفة مشبهة			مؤنث			مفرد				Dy												Non	
650	لَهَافَى		لهف		صفة مشبهة			مؤنث			جمع		لَهْفَانُ														Non	
651	لُهْفٌ		لهف		صفة مشبهة			مذكر			جمع		لَهْفَى															
652	هَيْفَان		هيف		صفة مشبهة			مذكر	هَيْفَى		مفرد	+ات		Ta	DnT	Pf											Non	"هَيْفَان-هَيْفَان [هـ ي ف]. 1.""طَائِرٌ هَيْفَان"" : عَطْشَان. 2.""وَلَدٌ هَيْفَان"" : سَرِيع العَطَشِ، أَوْ شَدِيد العَطَشِ."
653	هَيْفَى		هيف		صفة مشبهة			مؤنث			مفرد				Dy												Non	
654	هَيَافَى		هيف		صفة مشبهة			مؤنث			جمع		هَيْفَان														Non	
655	وَهْجَان		وهج		صفة مشبهة			مذكر	وَهْجَى		مفرد	+ات		Ta	DnT	Pf											Non	"وَهْجَان-وَهْجَان [و هـ ج]. ""يَوْمٌ وَهْجَان"" : شَدِيد الْحَرِّ."
656	وَهْجَى		وهج		صفة مشبهة			مؤنث			مفرد				Dy												Non	
657	وَهَاجَى		وهج		صفة مشبهة			مؤنث			جمع		وَهْجَان														Non	
658	وَلْهَان		وله		صفة مشبهة			مذكر	وَلْهَى		مفرد	+ات		Ta	DnT	Pf											Non	"وَلْهَان-وَلْهَان [و ل هـ]. 1.""شَابٌّ وَلْهَان"" : متَحَيِّرٌ مِن"
659	وَلْهَى		وله		صفة مشبهة			مؤنث	وَلْهَان		مفرد				Dy												Non	". ""اِمْرَأَةٌ وَلْهَى"" : متَحَيِّرَةٌ مِنْ شِدَّةِ الْحبِّ."
660	وَلَاهَى		وله		صفة مشبهة			مؤنث			جمع		وَلْهَان														Non	
661	يَتْمَان		يتم		صفة مشبهة			مذكر	يَتْمَى		مفرد	+ات		Ta	DnT	Pf											Non	"يَتْمَان-يَتْمَان [ي ت م]. ""وَلَدٌ يَتْمَان"" : يَتِيمٌ."
662	يَتْمَى		يتم		صفة مشبهة			مؤنث			مفرد				Dy												Non	
663	يَتَامَى		يتم		صفة مشبهة			مؤنث			جمع		يَتْمَان														Non	
664	يَقْظَان		يقظ		صفة مشبهة			مذكر	يَقْظَى		مفرد	+ات;يِقَاظٌ		Ta	DnT	Pf											Non	". 1.""وَلَدٌ يَقْظَان"" : يَقِظٌ، حَذِرٌ، متَنَبِّهٌ. ""يَقْظَان فِي مَهَامِّهِ"". 2."" ذِهْنٌ يَقْظَان"" : ذِهْنٌ حَادٌّ، يَقِظٌ، حَاضِر البَدِيهَةِ."
665	يَقْظَى		يقظ		صفة مشبهة			مؤنث			مفرد	يَقَاظَى			Dy												Non	". ""اِمْرَأَةٌ يَقْظَى"" : حَذِرَةٌ، متَنَبِّهَةٌ. ""بَاتَتْ عَيْنِي يَقْظَى ترَاعِيكَ""."
666	يَقَاظَى		يقظ		صفة مشبهة			مؤنث			جمع		يَقْظَان														Non	
667	يِقَاظٌ		يقظ		صفة مشبهة			مذكر			جمع		يَقْظَى						Tn									
668	فَرْحَان		فرح		صفة مشبهة			مذكر	فَرْحَى		مفرد	+ات;فَرْحَى;فَرَاحَى		Ta	DnT	Pf											Non	". ""رَجلٌ فَرْحَان"" : ذو فَرَحٍ، مبْتَهِجٌ، مَسْرورٌ."
669	فَرْحَى		فرح		صفة مشبهة			مؤنث			مفرد				Dy												Non	
670	فَرَاحَى		فرح		صفة مشبهة			مؤنث			جمع		فَرْحَان														Non	
671	قحْوَان		قحوان		صفة مشبهة			مذكر	فَحْوَى		مفرد	+ات		Ta	DnT	Pf											Non	ن. أقْحوَانٌ.
672	فَحْوَى		قحوان		صفة مشبهة			مؤنث			مفرد				Dy												Non	
673	فَحَاوَى		قحوان		صفة مشبهة			مؤنث			جمع		قحْوَان														Non	
674	نَعْسَان		نعس		صفة مشبهة			مذكر	نَعْسَى		مفرد	+ات;نِعَاسٌ		Ta	DnT	Pf											Non	". ""كَانَ نَعْسَانَ عِنْدَمَا احْتَاجَ إِلَيْهِ"" : نَاعِساً، نَائِماً."
675	نَعْسَى		نعس		صفة مشبهة			مؤنث		نَعْسَان	مفرد	نِعَاسٌ			Dy												Non	"(مؤَنَّث نَعْسَان). ""وَجَدَهَا نَعْسَى"" : نَائِمَةً، نَاعِسَةً."
676	نَعَاسَى		نعس		صفة مشبهة			مؤنث			جمع		نَعْسَان														Non	
677	نِعَاسٌ		نعس		صفة مشبهة			مذكر			جمع		نَعْسَى						Tn									
678	ظَمْآن		ظمأ		صفة مشبهة			مذكر	ظَمْأَى		مفرد	+ات;ظَمْأَى;ظِماءٌ		Ta	DnT	Pf											Non	". ""رَجلٌ ظَمْآن"": العَطْشان، الْمشْتاق.النور آية 39 كَسَرابٍ بِقِيعَةٍ يَحْسَبه الظَّمْآن ماءً (قرآن)."
679	ظَمْأَى		ظمأ		صفة مشبهة			مؤنث			مفرد				Dy												Non	"ظَمْأَى-ظَمْأَى [ظ م أ]. 1.""عَيْنٌ ظَمْأَى"" : رَقيقَة الجَفْنِ. 2.""ريحٌ ظَمْأَى"" : حارَّةٌ لَيْسَ فيها نَدىً. 3.""ساقٌ ظَمْأَى"" : قَلِيلَة اللَّحْمِ."
680	ظَمَاءَى		ظمأ		صفة مشبهة			مؤنث			جمع		ظَمْآن														Non	
681	ظِمَاءٌ		ظمأ		صفة مشبهة			مؤنث			جمع		ظَمْأَى						Tn									
682	تَيْهان		تيه		صفة مشبهة			مذكر	تَيْهَى		مفرد	+ات		Ta	DnT	Pf											Non	"تَيْهان-تَيْهان، ةٌ [ت ي هـ]. 1.""رَجلٌ تَيْهان"" : متَكَبِّرٌ. 2.""وَلَدٌ تَيْهان"" : ضالٌّ."
683	تَيْهَى		تيه		صفة مشبهة			مؤنث			مفرد				Dy												Non	
684	تَيَاهَى		تيه		صفة مشبهة			مؤنث			جمع		تَيْهان														Non	
685	رَخِيمٌ		رخم	فَعِيل	صفة مشبهة			مذكر			مفرد	+ات		Ta	DnT	Pf			Tn									"رَخِيمٌ-رَخِيمٌ، ةٌ [ر خ م] (صِفَة مشَبَّهَة). 1.""صَوْتٌ رَخِيمٌ"": لَيِّنٌ، رَقِيقٌ، عَذْبٌ. ""اِمْرَأةٌ رَخِيمَة الصَّوْتِ"" ""ثمَّ زَلْزَلَ الدّنْيَا بِصَوْتِهِ النَّاعِمِ وَغنَّتِهِ الرَّخِيمَةِ"". (التوحيدي). 2.""اِمْرَأةٌ رَخِيمَةٌ"" : سَهْلَة الْمَنْطِقِ."
686	رَدِيءٌ		ردأ	فَعِيل	صفة مشبهة			مذكر	رَدِيئة		مفرد	+ون;أَرْدِيَاء			Dz				Tn									"(صِفَة مشَبَّهَة). 1.""طَعَامٌ رَدِيءٌ"" : فَاسِدٌ. ""نَوْعٌ ردِيءٌ"" ""صِنَاعَةٌ رَدِيئَةٌ"". 2. ""اِسْتَمَرَّ الجَوّ رَدِيئاً طَوَالَ الأسْبوعِ"" : ممْطِراً، بِهِ سحبٌ كَثِيفَةٌ."
687	رَدِيئة		ردأ		صفة مشبهة			مذكر			مفرد	+ات;أَرْدِيَاء			DnN	Pf			Tn									
688	أَرْدِيَاءُ		ردأ		صفة مشبهة			مذكر			جمع		رَدِيءٌ														Non	
689	رَشيدٌ		رشد	فَعِيل	صفة مشبهة			مذكر			مفرد	+ات		Ta	DnT	Pf	Pm		Tn			ـو						"رَشيدٌ-رَشيدٌ [ر ش د] (صِفَة مشَبَّهَة). 1.""هوَ رَشيدٌ في عَمَلِهِ"": عاقِلٌ هادِىءٌ. 2.""هوَ اللَّه الرَّشيد"" : مِنْ صِفاتِ اللَّهِ تَعالَى. 3.""صارَ رَشيداً"" : بَلَغَ سِنَّ الرّشْدِ. 4.""هارون الرَّشيد"": اِسْم عَلَمٍ، أَي الهادِي، ذو الرّشْدِ."
690	رَشيقٌ		رشق	فَعِيل	صفة مشبهة			مذكر			مفرد	+ات;رَشَقٌ;رِشاق		Ta	DnT	Pf	Pm		Tn			ـو						"(صِفَة مشَبَّهَة). 1.""رَشيق القامَةِ"" : حَسَنها. 2.""رَشيقٌ في عَمَلِهِ"" : الخَفيف والسَّريع في العَمَلِ. 3.""يَكْتب بِخَطٍّ رَشيقٍ"" : جَميلٍ. 4.""رَشيق الكَلامِ"" : لَطيفه."
691	رُشْقٌ		رشق		صفة مشبهة			مذكر			جمع		رَشيقٌ						Tn									
692	رِشَاقٌ		رشق		صفة مشبهة			مذكر			جمع		رَشيقٌ						Tn									
693	رَذِيلٌ		رذل	فَعِيل	صفة مشبهة			مذكر	رَذْلَاءُ		مفرد	+ات;رذَلاَء;رِذَالٌ		Ta	DnT	Pf	Pm		Tn			ـو						"(صِفَة مشَبَّهَةٌ). ""رَذِيلٌ فِي سلوكِهِ وَمَعْشَرِهِ"" : دَنِيءٌ، خَسِيسٌ، رَدِيءٌ، نَذْلٌ."
694	رَذْلَاءُ		رذل		صفة مشبهة			مؤنث			مفرد																Non	
695	رِذَالٌ		رذل		صفة مشبهة			مذكر			جمع		رَذِيلٌ						Tn									
696	رَصيفٌ		رصف	فَعِيل	صفة مشبهة			مذكر			مفرد	+ات;أَرْصِفَةٌ		Ta	DnT	Pf			Tn									"(صِفَةٌ مشَبَّهَة). 1.""عَمَلٌ رَصيفٌ"" : محْكَمٌ. 2.""رَجلٌ رَصيفٌ"" : محْكَم العَمَلِ. 3.""جوابٌ رَصيفٌ"" : متْقَنٌ لا يرَدّ. 4.""رَصيف رَفيقِهِ"": يحاكِيهِ في عَمَلِهِ وَيَأْلَفه وَلا يفارِقه. 5.""يَنْتَظِره على الرَّصيفِ"" : على جَنْبِ الطَّريقِ الْمبَلَّطِ بِصَفائِحِ الحِجارَةِ. 6.""رَصيف القِطارِ"" : مَحَطَّة وقوفٍ لِلْقِطارِ ذات سِياجٍ حَجَرِيٍّ. ""رَصيف المِيناءِ""."
697	أَرْصِفَةٌ		رصف		صفة مشبهة			مذكر			جمع								Tn									
698	رَصينٌ		رصن	فَعِيل	صفة مشبهة			مذكر			مفرد	+ات		Ta	DnT	Pf	Pm		Tn			ـو						"رَصينٌ-رَصينٌ [ر ص ن] (صِفَةٌ مشَبَّهَةٌ). 1.""وجَدْته رَصيناً"": هادِئاً، متَأَمِّلاً، ثابِتاً. 2.""رَصينٌ في أَحْكامِهِ"" : متَعَقِّلٌ. 3.""كَلامٌ رَصينٌ"" : رَزينٌ. ""رَأْيٌ رَصينٌ"" : محْكَمٌ، مَتينٌ."
699	رَفيعٌ		رفع	فَعِيل	صفة مشبهة			مذكر			مفرد	+ات		Ta	DnT	Pf	Pm		Tn			ـو						"رَفيعٌ-رَفيعٌ، ةٌ [ر ف ع] (صِفَةٌ مشَبَّهَةٌ). 1.""هوَ رَفيع الْمَقامِ بَيْنَ أَهْلِهِ"" : عالِي الْمَقامِ. 2.""رَفيع الشَّأْنِ"" : يَحْتَلّ مَكانَةً عالِيَةً. ""لَه شَأْنٌ رَفيعٌ"". 3.""أسْلوبٌ رَفيعٌ"" : جَيِّدٌ. 4.""يَحْتَلّ مَنْصِباً رَفيعاً"" : سامِياً، عالِياً. ""دَرَجَةٌ رَفيعَةٌ"". 5.""أَحْرَزَ على وِسامٍ رَفيعٍ"" : عَلَى وِسامٍ مِنْ دَرَجَةٍ عالِيَةٍ، وِسامٍ شَريفٍ. 6.""صِناعَةٌ رَفيعَةٌ"" : مِنَ النَّوْعِ الجَيِّدِ."
700	رَقيقٌ		رقق	فَعِيل	صفة مشبهة			مذكر			مفرد	+ون;+ات;رِقاقٌ		Ta	DnT	Pf	Pm		Tn									"(صِفَةٌ مشَبَّهَةٌ). 1.""وَجَدْته رَقيقَ الشّعورِ"" : لَه شعورٌ مرْهَفٌ، حَسَّاسٌ. 2.""رَقيق القَلْبِ"" : عَطوفٌ. 3.""رَقيق الجانِبِ"" : وَديعٌ. 4.""اِخْتارَ أَلْفاظاً رَقيقَةً لِمَوْضوعِهِ"" : أَلْفاظاً سَلِسَةً، عَذْبَةً، شاعِرِيَّةً. ""هوَ رَقيق الْمَعانِي"" : عَذْبٌ، سَهْلٌ. ""كَلامٌ رَقيق الحَواشِي"" l ""رقيق حَواشِي الدّهر فَهِيَ تَمَرْمَر"" (أبو تمام)."
701	رِقَاقٌ		رقق		صفة مشبهة			مذكر			جمع								Tn									
702	رَكيكٌ		ركك	فَعِيل	صفة مشبهة			مذكر			مفرد	+ات		Ta	DnT	Pf			Tn									"رَكيكٌ-رَكيكٌ، ةٌ [ر ك ك] (صِفَةٌ مشَبَّهَةٌ). 1.""إِنْشاءٌ رَكيكٌ"": ضَعيفٌ، سَخيف الأَلْفاظِ وَالْمَعانِي. ""كَلامٌ رَكيكٌ"". 2.""هوَ رَكيكٌ"" : ضَعيفٌ في عَقْلِهِ أَوْ رَأْيِهِ. 3.""يلْبَس ثَوْباً رَكيكاً"" : نَسيجه ضَعيفٌ رَقيقٌ. 4.""أَرْضٌ رَكيكَةٌ"" : أَصابَها مَطَرٌ ضَعيفٌ."
703	صَرِيحٌ		صرح	فَعِيل	صفة مشبهة			مذكر	صَرْحَاءُ		مفرد	+ون;+ات;صرَحَاء		Ta	DnT	Pf	Pm		Tn									"(صِفَةٌ مشَبَّهَةٌ). 1.""كَانَ صَرِيحاً مَعَه"" : أَيْ وَاضِحاً، تَكَلَّمَ مَعَه بِصَرَاحَةٍ دونَ"
704	صَرْحَاءُ		صرح		صفة مشبهة			مؤنث			مفرد																Non	
705	صَغِيرٌ		صغر	فَعِيل	صفة مشبهة			مذكر	صَغْرَاءُ		مفرد	+ون;+ات;صِغَارٌ;صغَرَاء;صَغَائِر		Ta	DnT	Pf	Pm		Tn			ـو						"(صِفَةٌ مشَبَّهَةٌ). 1.""صَغِير السِّنِّ"" : قَلِيل العمْرِ. الإسراء آية 24 وَقلْ رَبِّ ارْحَمْهمَا كَمَا رَبَّيَانِي صَغِيراً . (قرآن). 2.""هوَ مِنْ صِغَارِ الْموَظَّفِينَ"" : مِنَ الْموَظَّفِينَ "
706	صِغَارٌ		صغر		صفة مشبهة			مذكر			جمع								Tn									
707	صَغْرَاءُ		صغر		صفة مشبهة			مؤنث			مفرد																Non	
708	صَغَائِرُ		صغر		صفة مشبهة			مؤنث			جمع		صِغَارٌ						Tn									
709	صَفِيقٌ		صفق	فَعِيل	صفة مشبهة			مذكر			مفرد	+ات		Ta	DnT	Pf	Pm		Tn			ـو						"صَفِيقٌ-صَفِيقٌ [ص ف ق] (صِفَةٌ مشَبَّهَةٌ). 1.""صَفِيق الوَجْهِ"": وَقِحٌ، لاَ حَيَاءَ لَه. ""وَجْهٌ صَفِيقٌ"". 2.""ثَوْبٌ صَفِيقٌ"" : كَثِيف النَّسِيجِ."
710	عَطِرٌ		عطر	فَعِل	صفة مشبهة			مذكر			مفرد	+ون;+ات		Ta	DnT	Pf	Pm		Tn			ـو						"عَطِرٌ-عَطِرٌ، ةٌ [ع ط ر] (صِفَةٌ مشَبَّهَةٌ). 1.""جِسْمهَا عَطِرٌ"" : تَفوح مِنْه رَائِحَةٌ طَيِّبَةٌ. 2.""يَمْتَاز بِسمْعَةٍ عَطِرَةٍ"" : بِسمْعَةٍ حَسَنَةٍ، طَيِّبَةٍ، ممْتَازَةٍ."
711	بَئِيسٌ		بأس	فَعِيل	صفة مشبهة			مذكر			مفرد	+ون;+ات		Ta	DnT	Pf	Pm		Tn			ـو						"بَئِيسٌ-بَئِيسٌ، ةٌ [ب أ س] (صف) (صِيغَة فَعِيل). 1.""رَجلٌ بَئِيسٌ"" : شجَاعٌ، قَوِيٌّ. 2. بِعَذَابٍ بَئِيسٍ بِمَا كَانوا يَفْسقونَ : شَدِيد."
712	وَرِيٌّ		وري	فَعِيل	صفة مشبهة			مذكر			جمع								Tn									"وَرْيٌ-وَرْيٌ [و ر ي] (مص. وَرِيَ، وَرَى). ""فِي جَوْفِهِ وَرْيٌ"" : قَيْحٌ أَوْ قرْحٌ يَقَع فِي قَصَبِ الرِّئَتَيْنِ. ""يقَال لِلْبَغِيضِ إِذَا سَعَلَ : وَرْياً وَقحَاباً""."
713	تَقِيٌّ		وقي	فَعِيل	صفة مشبهة			مذكر			مفرد	+ات;أَتْقِياء		Ta	DnT	Pf	Pm		Tn			ـو						"(صف). ""عاشَ تَقِيّاً وَماتَ تَقِيّاً"": عَابِداً، وَرِعاً، نَاسِكاً. ""اللَّهمَّ اجْعَلْنِي مِنَ الأتْقِياءِ""."
714	أَتْقِيَاءٌ		وقي		صفة مشبهة			مذكر			جمع																Non	
715	مَلٌّ		ملل	فَعِيل	صفة مشبهة			مذكر			مفرد	+ات		Ta	DnT	Pf			Tn									"مَلٌّ-مَلٌّ [م ل ل] (صف). ""رَجَلٌ مَلٌّ"" : ذو مَلَلٍ، مَلولٌ."
716	كَيِّسٌ		كيس	فَعْلٌ	صفة مشبهة			مذكر			مفرد	+ون;+ات		Ta	DnT	Pf	Pm		Tn			ـو						"كَيِّسٌ-كَيِّسٌ، ةٌ [ك ي س] (صف). ""رَجلٌ كَيِّسٌ"" : ظَرِيفٌ، فَطِنٌ، حَسَن الفَهْمِ وَالسّلوكِ."
717	غَبِيٌّ		غبو	فَعِيل	صفة مشبهة			مذكر			مفرد	+ات;أَغْبِيَاءٌ		Ta	DnT	Pf	Pm		Tn			ـو						"(صف). ""وَلَدٌ غَبِيٌّ"" : بَلِيدٌ، جَاهِلٌ، ضَعِيف الفِطْنَةِ. ""ضَحِكَ ضَحْكَتَه الغَبِيَّةَ وَأَضَافَ حَرَكَةً مِنْ حَرَكَاتِهِ البَهْلَوَانِيَّةِ""."
718	أَغْبِيَاءٌ		غبو		صفة مشبهة			مذكر			جمع																Non	
719	عَصِيبٌ		عصب	فَعِيل	صفة مشبهة			مذكر			مفرد	+ات		Ta	DnT	Pf			Tn									"عَصِيبٌ-عَصِيبٌ [ع ص ب] (صف). 1.""يَوْمٌ عَصِيبٌ"" : يَوْمٌ شَدِيد الْحَرِّ. 2.""مَرَّ بِمَرْحَلَةٍ عَصِيبَةٍ"" : صَعْبَةٍ."
720	عضَالٌ		عضل	فعَالٌ	صفة مشبهة			مذكر			جمع								Tn									"عضَالٌ-عضَالٌ [ع ض ل] (صف). ""اِنْتَقَلَ إِلَى رَحْمَةِ اللَّهِ بَعْدَ مَرَضٍ عضَالٍ لَمْ يَنْفَعْ مَعَه دَوَاءٌ"" : دَاءٌ لاَ دَوَاءَ لَه، خَبِيثٌ."
721	طَلِيٌّ		طلي	فَعِيل	صفة مشبهة			مذكر			مفرد	+ات		Ta	DnT	Pf			Tn									"طَلِيٌّ-طَلِيٌّ، ةٌ [ط ل ي] (صف). 1.""أَسْنَانٌ طَلِيَّةٌ"" : وَسِخَةٌ، لَوْنهَا أَصْفَر. 2.""حَيَوَانٌ طَلِيٌّ"" : مقَيَّدٌ بِحَبْلٍ وَنَحْوِهِ."
722	طَيِّعٌ		طوع	فَيْعِلٌ	صفة مشبهة			مذكر			مفرد	+ون;+ات		Ta	DnT	Pf	Pm		Tn									"(صف) . 1.""وَجَدْته طَيِّعاً"" : طَائِعاً، سَهْلاً، سَلِساً. 2.""هوَ طَيِّع القِيَادَةِ"": مَرِنٌ، سَهْلٌ."
723	طَيِّبٌ		طيب	فَيْعِلٌ	صفة مشبهة			مذكر			مفرد	+ون;+ات		Ta	DnT	Pf	Pm		Tn			ـو						"طِيبٌ-طِيبٌ، ةٌ [ط ي ب] (مص. طَابَ). 1.""أَتَمَنَّى لَكَ طِيبَ الإِقَامَةِ"" : حسْنَ الإِقَامَةِ. 2.""عرِفَتْ عَائِلَته بِطِيبِ العِرْقِ"": نبْل الأَهْلِ وَالسّلاَلَةِ. 3.""ع"
724	عجَابٌ		عجب	فعَالٌ	صفة مشبهة			مذكر			جمع								Tn									"عجَابٌ-عجَابٌ [ع ج ب] (صف). 1.""إِنَّه لأَمْرٌ عجَابٌ"" : جَاوَزَ حَدَّ الْعَجَبِ. 2.""عَجَبٌ عجَابٌ"" "
725	ضَخْمٌ		ضخم	فَعْلٌ	صفة مشبهة			مذكر			مفرد	+ات;ضِخَامٌ		Ta	DnT	Pf			Tn									"(صف). 1.""رَجلٌ ضَخْم الْجثَّةِ"" : سَمِينٌ جِدّاً، ثَخِينٌ. 2.""قَامَ بِعَمَلٍ ضَخْمٍ"" : ذو أَهَمِّيَّةٍ وَثِقْلٍ. 3.""اِسْتِعْرَاضٌ ضَخْمٌ"" : هَائِلٌ، كَبِيرٌ. ""حَصَلَ عَلَى مَبَالِغَ ضَخْمَةٍ""."
726	ضِخَامٌ		ضخم		صفة مشبهة			مذكر			جمع								Tn									
727	ضَرِيٌّ		ضري	فَعِيل	صفة مشبهة			مذكر			مفرد	+ات		Ta	DnT	Pf			Tn									"ضَرِيٌّ-ضَرِيٌّ [ض ر ي] (صف). ""كَلْبٌ ضَرِيٌّ"" : صَلْبٌ، قَوِيٌّ يَجْتَرِئ عَلَى الصَّيْدِ."
728	ضَمْرٌ		ضمر	فَعْلٌ	صفة مشبهة			مذكر			مفرد	+ات		Ta	DnT	Pf			Tn									"ضَمْرٌ-ضَمْرٌ [ض م ر] (صف). 1.""هوَ ضَمْر الجِسْمِ"" : ضَامِره، بِهِ هزَالٌ. 2.""شَابٌّ ضَمْرٌ"" : ضَامِر البَطْنِ لَطِيف الجِسْمِ."
729	ضَيِّقٌ		ضيق	فَيْعِلٌ	صفة مشبهة			مذكر			مفرد	+ات		Ta	DnT	Pf			Tn			ـو						"ضَيِّقٌ-ضَيِّقٌ، ةٌ [ض ي ق] (صف). 1.""مَكَانٌ ضَيِّقٌ"" : مَكَانٌ غَيْر متَّسِعٍ، أَيْ مَحْدود الأَرْجَاءِ. ""رَسَمَ لَوْحَةً تَحْمِل طَابَعَ الشَّرْقِ القَدِيمِ: أَزِقَّةٌ ضَيِّقَةٌ ذَات أَبْنِيَةٍ حَجَرِيَّةٍ متَقَارِبَةٍ"". (حنا مينا). 2.""قَمِيصٌ ضَيِّقٌ"
730	صَعْبٌ		صعب	فَعْلٌ	صفة مشبهة			مذكر			مفرد	+ات;صِعَابٌ		Ta	DnT	Pf			Tn									"(صف). 1.""أَمْرٌ صَعْبٌ"" : عَسِيرٌ. ""وَجَدَ الأَمْرَ صَعْباً"" ""فِي القَلْبِ جِرَاحٌ صَعْبَة الانْدِمَالِ"". (جمال الغيطاني). 2.""كَلَّفَه بِمهِمَّةٍ صَعْبَةٍ"" : شَاقَّةٍ. ""وَجَدَ العَقَبَةَ صَعْبَةً"". 3.""عَرَفَ حَيَاةً صَعْبَةً"" : شَدِيدَةً. ""مَسْأَ"
731	صِعَابٌ		صعب		صفة مشبهة			مذكر			جمع								Tn									
732	زعافٌ		زعف	فعَالٌ	صفة مشبهة			مذكر			جمع								Tn									"زعافٌ-زعافٌ[ز ع ف] (صف). ""دَسَّ لَه سمّاً زعافاً"" : سمّاً قاتِلاً في الحينِ."
733	سَخِيٌّ		سخو	فَعِيل	صفة مشبهة			مذكر			مفرد	+ات;أسْخِيَاءٌ;سَخَايَا		Ta	DnT	Pf	Pm		Tn									"(صف). ""سَخِيٌّ بِمَالِهِ"" : جَوَادٌ، كَرِيمٌ."
734	أَسْخِيَاءُ		سخو		صفة مشبهة			مذكر			جمع																Non	
735	سَفَاسِفُ		سخو		صفة مشبهة			مؤنث			جمع		سَخِيٌّ														Non	
736	سَفْسَافٌ		سفسف		(صفة مشبهة - ربــاعي)			مذكر			مفرد	+ات;سَفَاسِف		Ta	DnT	Pf			Tn									"(صف). 1.""رَجلٌ سَفْسَافٌ"" : رَدِيءٌ، حَقِيرٌ لاَ يَثْبت عَلَى حَالٍ. 2.""يَهْتَمّ بِسَفاسِفِ الأمورِ"" : بِكلِّ مَا هوَ رَدِيءٌ مِنْهَا و"
737	سَفَاسِفُ		سفسف		صفة مشبهة			مؤنث			جمع		سَفَاسِفُ														Non	
738	سَنِيٌّ		سني	فَعِيل	صفة مشبهة			مذكر			مفرد	+ات		Ta	DnT	Pf			Tn									"سنِّيٌّ-سنِّيٌّ، ةٌ [س ن ن] (مَنْسوبٌ إلَى السّنَّةِ). ""رَجلٌ سنِّيٌّ"" : مِنْ أهْلِ السّنَّةِ."
739	سَهْلٌ		سهل	فَعْلٌ	صفة مشبهة			مذكر			مفرد	+ات		Ta	DnT	Pf			Tn									"سَهْلٌ-سَهْلٌ، ةٌ [س هـ ل] (صف). 1.""وَجَدْته وَلَداً سَهْلاً"" : لَيِّناً، متَسَاهِلاً، غَيْرَ عَسِيرٍ. ""سَهْل الخلقِ"" ""سَهْل الْمعَامَلَةِ"" ""يَبْكِي بِدموعٍ تَنْسَاب مِنْ عَيْنَيْهِ سَهْلَةً لَيِّنَةً بِلاَ مَانِعٍ"". (جمال الغيطاني). 2. ""لَيْسَ مِنَ السَّهْلِ الوصول إلَى قِمَّةِ الجَبَلِ"": لَيْسَ مِنَ الب"
740	حَزْنٌ		حزن		صفة مشبهة			مذكر			مفرد	حَزونٌ			DnN				Tn									"ج: حَزونٌ. 1.""أرْضٌ حَزْنٌ"" : مَا غَلظَ وَارْتَفَعَ مِنَ الأرْضِ. 2.""رَجلٌ حَزْنٌ"" : خَشِن الطِّبَاعِ و الْمعَامَلَةِ. 3.""دَوَابّ حَزونٌ"" : صَعْب الاِنْقِيَادِ."
741	سَيِّغٌ		سوغ،سيغ	فَيْعِلٌ	صفة مشبهة			مذكر			مفرد	+ات		Ta	DnT	Pf			Tn									"سَيِّغٌ-سَيِّغٌ [س و غ، س ي غ] (صف). ""عَصيرٌ سَيِّغٌ"" : هَنِيء الشّرْبِ، وَسَهْل الْمَدْخَلِ في الحَلْقِ."
742	سَوِيٌّ		سوي	فَعِيل	صفة مشبهة			مذكر			مفرد	+ات;أَسْوِياء;سَوايا		Ta	DnT	Pf	Pm		Tn			ـو						"(صف). 1.""وَجَدَ الطَّريقَ سَوِيّاً"" : معَبَّداً مسْتَوِياً. 2.""نَهَجَ طَريقاً سَوِيّاً"": طَريقاً مسْتَقيماً. مريم آية 43 فاتَّبِعْنِي أَهْدِكَ صِراطاً سَوِيّاً (قرآن). 3.""وَلَدٌ سَوِيٌّ"" : لاَ عَيْبَ فيهِ، تامّ الخِلْقَةِ. 4.""وَزَّعَ الغَنائِمَ بَيْنَهمْ سَوِيَّةً"" : قَسَّمَها بَيْنَهمْ بِالتَّساوِي، بِالإِنْصافِ. 5.""هما على سَوِيَّةٍ في هَذا الأَمْرِ"" : أَيْ مسْتَوِيانِ. 6.""أَرْضٌ مستَوِيَةٌ"" : أَرْضٌ منْبَسِطَةٌ."
743	أَسْوِيَاءُ		سوي		صفة مشبهة			مذكر			جمع																Non	
744	سَوَايَا		سوي		صفة مشبهة			مؤنث			جمع		سَوِيٌّ														Non	
745	شَاذَّ		شذذ	فَاعِلٌ	صفة مشبهة			مذكر			مفرد	+ون;+ات;شَوَاذّ;شذّاذ;شواذٌّ		Ta	DnT	Pf	Pm		Tn			ـو						"(صف). 1.""وَلَدٌ شَاذٌّ فِي سلوكِهِ وَطَبْعِهِ"" : غَرِيبٌ، مَنْ يَأْتِي بِأَشْيَاءَ يَنْفَرِد بِها وَتَكون مخَالِفَةً لِلْمَأْلوفِ. ""شَاذّ الأطْوَارِ"". 2.""جَاءَ بِفِكْرَةٍ شَاذَّةٍ"" : مخَالِفَةٌ للِقَاعِدَةِ وَالقِيَاسِ."
746	شَوَاذٌّ		شذذ		صفة مشبهة			مذكر			جمع																Non	
747			شذذ		صفة مشبهة						جمع								Tn									
748	زَرِيٌّ		زري	فَعِيل	صفة مشبهة			مذكر			مفرد	+ات		Ta	DnT	Pf			Tn									"زَرِيٌّ-زَرِيٌّ[ز ر ي] (صف). 1.""وَلَدٌ زَرِيّ الْخلقِ"" : حَقيرٌ، دَمِيمٌ. 2.""قَدَّمَ لَه مَبْلَغاً زَرِيّاً لاَ يغْنِي وَلا يسْمِن"" : مَبْلَغاً تافِهاً."
749	رَتِيبٌ		رتب	فَعِيل	صفة مشبهة			مذكر			مفرد	+ات		Ta	DnT	Pf			Tn									"رَتِيبٌ-رَتِيبٌ، ةٌ [ر ت ب] (صف). ""جنْدِيٌّ رَتِيبٌ"" : مَنْ كَانَتْ لَه رتْبَةٌ فِي الجَيْشِ."
750	رَقْراقٌ		رقرق		(صفة مشبهة - ربــاعي)			مذكر			مفرد	+ات		Ta	DnT	Pf			Tn									"رَقْراقٌ-رَقْراقٌ [ر ق ر ق] (صف). 1.""دَمْعٌ رَقْراقٌ"" : الدَّمْع الَّذِي يَغْمر العَيْنَ ولاَ يَسيل. 2.""سَرابٌ رَقْراقٌ"": لامِعٌ. 3.""ماءٌ رَقْراقٌ"" : متَلأْلِئٌ. 4.""سَحابٌ رَقْراقٌ"" : ما ذَهَبَ مِنْه وَجاءَ."
751	خَيِّرٌ		خير	فَيْعِلٌ	صفة مشبهة			مذكر			مفرد	+ون;+ات;أَخْيارٌ;خِيَارٌ		Ta	DnT	Pf	Pm		Tn			ـو						"(صف). ""رَجلٌ خَيِّرٌ"" : كَرِيمٌ، محْسِنٌ. ""اِمْرَأَةٌ خَيِّرَةٌ""."
752	أَخْيَارٌ		خير		صفة مشبهة			مذكر			جمع								Tn									
753	خِيَارٌ		خير		صفة مشبهة			مذكر			جمع								Tn									
754	دَجِيٌّ		دجو	فَعِيل	صفة مشبهة			مذكر			مفرد	+ات		Ta	DnT	Pf			Tn									"دَجِيّ-دَجِيّ [د ج و] (صف) ""لَيْلٌ دَجِيٌّ"" : مظْلِمٌ."
755	دَسِيسٌ		دسس	فَعِيل	صفة مشبهة			مذكر			مفرد	+ات;دسسٌ		Ta	DnT	Pf			Tn									"(صف). 1.""أرْسَلَ دَسِيساً لِيَأْتِيَه بِالأخْبَارِ"" : الْمخْبِر، الجَاسوس. 2. ""دَبَّرَ لَه دَسِيسَةً"" : الخَدِيعَة، الْمَكْر، الشَّرّ."
756	دُسُسٌ		دسس		صفة مشبهة			مذكر			جمع								Tn									
757	دَعِيٌّ		دعو	فَعِيل	صفة مشبهة			مذكر			مفرد	+ات		Ta	DnT	Pf	Pm		Tn			ـو						"دَعِيٌّ-دَعِيٌّ [د ع و] (صف). 1. ""وَلَد دَعِيٌّ"" : متَّهَمٌ فِي نَسَبِهِ. 2. ""يَا لَه مِنْ رَجلٍ دَعِيٍّ"" : مَنْ يَدَّعِي مَا لَيْسَ لَه."
758	رَواءٌ		روي	فَعَالٌ	صفة مشبهة			مؤنث			مفرد	+ات		Ta	DnT	Pf			Tn									"رَواءٌ-رَواءٌ [ر و ي] (صف). 1.""ماء العَيْنِ رَواءٌ"" : عَذْبٌ. 2.""ماءٌ رَواءٌ"" : كَثيرٌ."
759	رَوِيٌّ		روي	فَعِيل	صفة مشبهة			مذكر	رَواءٌ		مفرد	+ات		Ta	DnT	Pf	Pm		Tn			ـو						"رَوِيٌّ-رَوِيٌّ [ر و ي] (صف). ""ماءٌ رَوِيٌّ"" : كَثيرٌ يَرْوِي القَوْمَ والأَرْضَ."
760	تَوِيٌ		توي		صفة مشبهة			مذكر			مفرد	+ات		Ta	DnT	Pf			Tn									"تَوِيٌ-تَوِيٌ، ةٌ [ت و ي]. ""وَلَدٌ تَوِيٌ لاَ مَحالَةَ"" : هالِكٌ."
761	حالِكٌ		حلك	فَاعِلٌ	صفة مشبهة			مذكر			مفرد	+ات		Ta	DnT	Pf			Tn									"حالِكٌ-حالِكٌ، ةٌ [ح ل ك] (صف). ""لَيْلٌ حالِكٌ"" : شَديد الظّلْمَةِ، شَديد السَّوادِ. ""تَحَوَّلَتْ أَيَّامي إلى لَيْلٍ طَويلٍ حالِكٍ"". (جبران خ. جبران). "
762	مرٌّ		مرر		صفة مشبهة			مذكر			مفرد	+ات;أمْرارٌ		Ta	DnT	Pf			Tn									". 1 .""طَعْمٌ مرٌّ"" : طَعْمٌ مَذَاقه بِهِ مَرَارَةٌ. ""تَجَرَّعَ دَوَاءً مرّاً"" ""أَذَاقَه مرَّ العَيْشِ"". 2. : صَمْغ شَجَرٍ يسْتَعْمَل فِي الطِّبِّ، طَيِّب الرّائِحَةِ مرّ الطَّعْمِ."
763	أَمْرَارٌ		مرر		صفة مشبهة			مذكر			جمع								Tn									
764	حلْوٌ		حلو	فعْلٌ	صفة مشبهة			مذكر			مفرد	+ات		Ta	DnT	Pf			Tn									"حلْوٌ-حلْوٌ [ح ل و] (صف). 1. ""أَكَلَ طَعَاماً حلْواً"" : طَيِّباً لَذِيذاً، فيهِ حَلاوَةٌ. 2.""هوَ حلْو الحَدِيثِ"" : حَسَنه، شَيِّقه. 3.""شابٌّ حلْوٌ"" : جَميلٌ، رَشِيقٌ."
765	صلْبٌ		صلب		صفة مشبهة			مذكر			مفرد	أَصْلاَبٌ;أَصْلبٌ		Ta	DnT				Tn									". 1.""هوَ رَجلٌ صلْبٌ"" : شَدِيدٌ، قَوِيٌّ. ""حَجَرٌ صلْبٌ"". 2.""هوَ مِنْ صلْبِهِ"" : مِنْ نَسْلِهِ وَذرِّيَّتِهِ، وَيطْلَق عَلَى عَظْمٍ فِي الظَّهْرِ ذِي فَقَارٍ يَمْتَدّ مِنَ الْكَاهِلِ إِلَى أَسْفَلِ الظَّهْرِ. الطارق آية 7 يَخْرج مِنْ بَيْنِ الصّلْبِ وَالتَّرَائِبِ . (قرآن). 3."
766	تَالِدٌ		تلد	فَاعِلٌ	صفة مشبهة			مذكر			مفرد	+ات		Ta	DnT	Pf			Tn									"تَالِدٌ-تَالِدٌ [ت ل د] (صف). 1.""عَرَفَ الأَمِير عِزّاً تَالِداً"": أَصِيلاً. ""وَلاَ يَكون الْمَرْء نبيلا حتى يَكونَ نَبِيلَ الرَّأْيِ، إِنْ وَافَقَ ذَلِكَ عِرْقاً صَالِحاً وَمَجْداً تَالِداً"".(التوحيدي). 2.""وَرِثَ مَالاً تَالِداً "" : مَالاً ورِثَ أَباً عَنْ جَدٍّ."
767	تَمْتامٌ		تمتم		(صفة مشبهة - ربــاعي)			مذكر			مفرد	+ات		Ta	DnT	Pf			Tn									"تَمْتامٌ-تَمْتامٌ [ت م ت م] (صف). ""نَشَأَ تَمْتاماً"" : مَنْ يتَمْتِم في كَلامِهِ، اللَّجْلاج."
768	بَهِيّ		بهي،بهو	فَعِيل	صفة مشبهة			مذكر			مفرد	+ات		Ta	DnT	Pf			Tn									"بَهِيّ-بَهِيّ، ةٌ [ب هـ ي، ب هـ و] (صف). 1.""كَانَ بَهِيَّ الطَّلْعَةِ"" : حَسَنَهَا، جَمِيلَهَا. 2.""بَهِيَّةٌ فِي جَمَالِهَا"" : جَمِيلَةٌ، فاتِنَةٌ."
769	أَكِيدٌ		أكد	فَعِيل	صفة مشبهة			مذكر			مفرد	+ات		Ta	DnT	Pf			Tn									"أَكِيدٌ-أَكِيدٌ [أ ك د] (صف). 1.""أَمْرٌ أَكِيدٌ"" : ثابِتٌ، محَقَّقٌ لا نِزَاعَ فِيهِ. ""كلّ الدَّلائِلِ تشِير إِلَى أَنَّ الجَيْشَ سَيحَقِّق نَصْراً أَكِيداً"" ""مِنَ الأَكِيدِ أنَّ النَّجَاحَ سَيحَالِفه"". 2.""أكِيداً"" : يَقِيناً، حَقِيقَةً، حَقّاً، بِالتَّأْكِيدِ."
770	جَبَانٌ		جبن		صفة مشبهة			مذكر	جَبْنَاءُ		مفرد	+ات;جبَنَاء		Ta	DnT	Pf			Tn									". ""إِنَّه جَبَانٌ، يَخَاف مِنْ ظِلِّهِ"": الخَوَّاف، أَي الخَائِف مِنْ فِعْلِ أَيِّ شَيْءٍ عَ"
771	جَبْنَاءُ		جبن		صفة مشبهة			مؤنث			مفرد																Non	
772	شجَاعٌ		شجع		صفة مشبهة			مذكر	شَجْعَاءُ		مفرد	+ات;شجْعَانٌ;شجَعَاء;شِجاعٌ;شجائع		Ta	DnT	Pf			Tn									". ""كَانَ قَائِداً شجَاعاً"" : مِقْدَاماً، جَرِيئا، بَاسِلاً، جَسوراً، مَنْ يَخوض الْمَعَارِكَ بِجرْأَةٍ وَإِقْدَامٍ، رَابِطَ الجَأْشِ. ""مَا أَحْوَجَ الجَبَانَ إلَى أَنْ يَسْمَعَ أَحَادِيثَ الشّجْعَانِ"". (التوحيدي)."
773	شُجْعَانٌ		شجع		صفة مشبهة			مذكر			جمع								Tn									
774	شَجْعَاءُ		شجع		صفة مشبهة			مؤنث			مفرد																Non	
775	شَجَائِعٌ		شجع		صفة مشبهة			مؤنث			جمع		شُجْعَانٌ														Non	
776	أَمِنٌ		أمن	فَعِل	صفة مشبهة			مذكر			مفرد	+ون;+ات		Ta	DnT	Pf	Pm		Tn									"أَمِنٌ-أَمِنٌ [أ م ن] (صف). ""هوَ أَمِنٌ في مَسْكَنِهِ"" : مطْمَئِنٌّ."
777	غَنِيٌّ		غني	فَعِيل	صفة مشبهة			مذكر			مفرد	+ون;+ات;أَغْنِيَاء		Ta	DnT	Pf	PmS		Tn									"(مص. غَنِيَ). 1.""هوَ اللَّه الْغَنِيّ"" : اِسْمٌ مِنْ أَسْمَاءِ اللَّهِ الْحسْنَى الَّذِي لاَ يَحْتَاج إِلَى أَحَدٍ سِوَاه فِي شَيْءٍ. 2.""عَبْد الْغَنِيِّ"" : اِسْم عَلَمٍ مرَكَّبٌ . 3.""ه"
778	أَغْنِيَاء		غني		صفة مشبهة			مذكر			جمع																Non	
779	ثَرِيٌّ		ثري	فَعِيل	صفة مشبهة			مذكر			مفرد	+ون;+ات;أثرياء		Ta	DnT	Pf	PmS		Tn									"ثَرِيٌّ-ثَرِيٌّ [ث ر ي] (فا. من ثَرِيَ). ""رَجلٌ ثَرِيٌّ"" : كَثِير الْمَالِ."
780	أَثْرِياءٌ		ثري		صفة مشبهة			مذكر			جمع																Non	
781	ذَكِيٌّ		ذكو		صفة مشبهة			مذكر			مفرد	+ون;+ات;أَذْكِياء		Ta	DnT	Pf	PmS		Tn									". ""وَلَدٌ ذَكِيٌّ"": وَلَدٌ لَبيبٌ، سَريع الفَهْمِ."
782	أَذْكِياء		ذكو		صفة مشبهة			مذكر			جمع																Non	
783	زَكِيٌّ		زكو		صفة مشبهة			مذكر			مفرد	+ون;+ات;أَزْكِياء		Ta	DnT	Pf	PmS		Tn									". 1.""عَطَّرَتْ ثِيابَها بِعِطْرٍ زَكِيٍّ"" : أَي بِعِطْرٍ طَيِّبٍ. 2.""لَه نَفْسٌ زَكِيَّةٌ"" : صالِحَةٌ، طاهِرَةٌ، عَفيفَةٌ، طَيِّبَةٌ. 3.""عادَ إلى الأَرْضِ الزَّكِيَّةِ"" : الأَرْض الطَّيِّبَة، الخِصْبَة. 4.""زَكِيٌّ"" : اِسْم عَلَمٍ لِلْمذَكَّرِ. ""زَكِيَّة"" : اِسْم عَلَمٍ لِلْمؤَنَّثِ."
784	أَزْكِياء		زكو		صفة مشبهة			مذكر			جمع																Non	
