#رقم	مشكول	غيرمشكول	جذر	وزن	صنف	أصل	معرفة	جنس	مؤنث	مذكر	عدد	الجمع	مفرده	التأنيث	التثنية	ج, مؤ, س,	ج, مذ, س,	المنقوص	تنوين النصب	نسب	إض, لف,	ـو	ك	كال	ها	هم	تنون النصب للجمع	شرح
2	خَالِعٌ		خلع		صفة			مذكر			مفرد	+ات;خَوَالِعُ		Ta	DnT	Pf			Tn									". ""اِمْرَأَةٌ خَالِعٌ"" : الْمَرْأَةُ الْمُطَلَّقَةُ مِنْ زَوْجِهَا بِمُقَابِلٍ مَالِيٍّ ."
3	خَوَالِعُ		خلع		صفة			مذكر			جمع		خَالِعٌ														Non	
4	خَالِفٌ		خلف		صفة			مذكر			مفرد	+ات		Ta	DnT	Pf			Tn									"خَالِفٌ-خَالِفٌ [خ ل ف]. 1.""وَلَدٌ خَالِفٌ"" : أَحْمَقُ، ضَعِيفٌ. 2. ""نَبِيذٌ خَالِفٌ"" : فَاسِدٌ ."
5	خَمٌّ		خمم		صفة			مذكر			مفرد	+ات		Ta	DnT	Pf			Tn									"خَمٌّ-خَمٌّ [خ م م]. ""لَحْمٌ خَمٌّ"" : مُنَتَّنٌ، فاسِدُ الرَّائِحَةِ. (خَمَّ) اللَّحْمُ -ُ خَمًّا، وخُمُومًا: أنتَنَ وهو شِوَاءٌ: أو طبيخ. و- تغيَّرت رائحتُه ولَمَّا يَفْسُدْ. فهو خامٌّ، وخَمٌّ. و- اللَّبَنُ: غيرهُ خُبْثُ رائحة الوَطْب وأفسَدَه. وفي المثل: "" هو السّمْنُ لايَخِمُّ "": يضرب للرجل إِذا ذُكر بخير وأُثْنِيَ عليه. و- فلانٌ: بكى بكاءً شُديدًا. و- البَيْتَ -ُ خَمّا: كَنسه. و- البِئْرَ: كَسَحَها ونَقَّاها. ويقال: خَمَّ قلبَه: نقَّاه من الغِلّ والحِقد والحسد."
6	رَجْرَاجٌ		رجرج		صفة			مذكر			مفرد	+ات		Ta	DnT	Pf			Tn									"رَجْرَاجٌ-رَجْرَاجٌ، ةٌ [ر ج ر ج]. 1.""رِدْفٌ رَجْرَاجٌ"" : الْمُهْتَزُّ الْمُضْطَرِبُ عِنْدَ الْمَشْيِ. 2.""اِمْرَأةٌ رَجْرَاجَةٌ"" : السَّمِينَةُ مُرْتَجَّةُ الرِّدْفِ."
7	رَاخِمٌ		رخم		صفة			مذكر			مفرد								Tn									"رَاخِمٌ-رَاخِمٌ [ر خ م]. ""دَجَاجَةُ رَاخِمٌ"" : حَاضِنةٌ عَلَى بَيْضِهَا."
8	مُرْخِمٌ		رخم		صفة			مذكر			مفرد	+ات		Ta	DnT	Pf			Tn									"مُرْخِمٌ-مُرْخِمٌ، ةٌ [ر خ م]. ""دَجَاجَةٌ مُرْخِمَةٌ"" : حَاضِنَةٌ، أَيِ الَّتِي تَحْضُنُ بَيْضَهَا."
9	مُخْمَلٌ		خمل		صفة			مذكر			مفرد	+ات		Ta	DnT	Pf			Tn									"مُخْمَلٌ-مُخْمَلٌ [خ م ل]. ""نَسِيجٌ مُخْمَلٌ"" : نَسِيجٌ لَهُ خَمْلٌ، أي ما يُشْبِهُ الزّغَبَ."
10	مُذَكَّرٌ		ذكر		صفة			مذكر			مفرد	+ات		Ta	DnT	Pf			Tn									"مُذَكَّرٌ-مُذَكَّرٌ [ذ ك ر]. ""اِسْمٌ مُذَكَّرٌ"" : اِسْمٌ لَهُ صِفَاتُ الذَّكَرِ، خِلاَف الْمُؤَنَّثِ."
11	حَسَنٌ		حسن		صفة			مذكر			مفرد	+ات;حِسَانٌ		Ta	DnT	Pf			Tn									". 1.""حَسَنُ الأَخْلاَقِ"" : جَمِيلُهَا. ""حَسَنُ الوَجْهِ"" 2.""حَسَناً فَعَلْتَ"" : جَيِّداً ... 3.""يَتَقَدَّمُ مِنْ حَسَنٍ إلَى أَحْسَن"" : يَسِيرُ سَيْراً فِيهِ تَقَدُّمٌ مُتَوَاصِلٌ. 4. ""حَسَنٌ جِدّاً"" : جَيِّدٌ، مُمْتَازٌ، مِن عَلاَمَاتِ التَّنْقِيطِ الْمَدْرَسِيِّ. 5. ""حَدِيثٌ حَسَنٌ"" : فِي مُصْطَلَحِ الحَدِيثِ مَا كَانَ حَوْلَهُ اتِّفَاقٌ وَعُرِفَ رُواتُهُ."
12	حِسَانٌ		حسن		صفة			مذكر			جمع		حَسَنٌ															
13	حَقٌّ		حقق		صفة			مذكر			مفرد	+ات		Ta	DnT	Pf			Tn									"حَقَّةٌ-حَقَّةٌ [ح ق ق]. ""يَعِيشُ فِي رَفَاهِيَةٍ حَقَّةٍ"" : فِي رَفَاهِيَةٍ حَقِيقِيَّةٍ تَامَّةٍ. ""السَّعَادَةُ الحَقَّةُ""."
14	حَلِيٌّ		حلي		صفة			مذكر			مفرد	+ات		Ta	DnT	Pf			Tn									"حَلِيٌّ-حَلِيٌّ [ح ل ي]. 1. ""نَوْعٌ حَلِيٌّ"" : جَيِّدُ الحُلْوِ لَذِيذٌ. 2.""شَيْءٌ حَلِيٌّ"" : يَابِسٌ."
15	خَدْلٌ		خدل		صفة			مذكر			مفرد	+ات		Ta	DnT	Pf			Tn									"خَدْلٌ، ةٌ - [خ د ل]. 1. ""شَابٌّ خَدْلٌ"" : مُمْتَلِئٌ تَامٌّ. 2. ""جِسْمٌ خَدْلٌ"" : مُمْتَلِئٌ. 3. ""اِمْرَأةٌ خَدْلَةٌ"" : مُمْتَلِئَةُ السَّاقِ. ""سَاقٌ خَدْلَةٌ""   ""خَدْلَةُ السَّاقِ"". "
16	خَلِيٌّ		خلو		صفة			مذكر			مفرد	+ون;+ات;أَخْلِيَاء		Ta	DnT	Pf	PmS		Tn									". ""هُوَ خَلِيُّ الْبَالِ"": غَيْرُ مَهْمُومٍ، مُرْتَاحُ الْبَالِ. 1.: فَارِغُ الذِّهْنِ. 2.: مَنْ لاَزَوْجَ لَهُ. 3.: بَيْتُ النَّحْلِ الَّذِي تَجْعَلُ فِيهِ العَسَلَ."
17	أَخْلِيَاء		خلو		صفة			مذكر			جمع		خَلِيٌّ														Non	
18	دَبْسٌ		دبس		صفة			مذكر			مفرد								Tn									"دَبْسٌ-دَبْسٌ [د ب س]. 1. ""دَبْسُ الشَّيْءِ"" : الأسْوَدُ مِنْهُ. 2.""جَاءوا دَبْساً"" : جَمَاعَةً كَثِيرَةً. 3.""مَالٌ دَبْسٌ"" : كَثِيرٌ."
19	دَرِّيٌّ		درر		صفة			مذكر			مفرد	+ات			DnN	Pf			Tn									"دَرِّيُّ-دَرِّيُّ، دُرِّيٌّ [د ر ر]. ""نَجْمٌ دُرِّيٌّ"" : مُضِيءٌ مُتَلَأْلِئٌ، سَاطِعٌ. ""الكَوْكَبُ الدُّرِّيُّ""."
20	دَرِمَةٌ		درم		صفة			مذكر			مفرد	+ات			DnN	Pf			Tn									"دَرِمَةٌ-دَرِمَةٌ [د ر م]. 1.: الأرْنَبُ. 2. ""دِرْعٌ دَرِمَةٌ"" : مَلْسَاءُ."
21	دَفِنٌ		دفن		صفة			مذكر			مفرد								Tn									"دَفِنٌ-دَفِنٌ [د ف ن]. ""مَرَضٌ دَفِنٌ"" : مَرَضٌ ظَهَرَ بَعْدَ خَفَاءٍ فَنَشَأَ مِنْهُ ضَرَرٌ."
22	دَفْنٌ		دفن		صفة			مذكر			مفرد	أدفَانٌ;دِفانٌ;دُفُنٌ			DnN				Tn									". 1.: الْمَدْفُونُ. 2. ""شِعْرٌ دِفْنٌ"" : غَامِضٌ، مُعَمّىً. 3.: الحَوْضُ أوِ البِئْرُ أَوِ الْمَنْهَلُ الَّذِي يَنْدَفِنُ."
23	أدفَانٌ		دفن		صفة			مذكر			جمع		دَفْنٌ															
24	دِفانٌ		دفن		صفة			مذكر			جمع		دَفْنٌ															
25	دُفُنٌ		دفن		صفة			مذكر			جمع		دَفْنٌ															
26	دَفِين		دفن		صفة			مذكر			مفرد	+ات;دَفَائِنُ		Ta	DnT	Pf			Tn									". ""اِكْتَشَفَ كُنوزاً دَفِينَةً"": كَانَتْ مَدْفُونَةً، مَا يُدْفَنُ."
27	دَفَائِنُ		دفن		صفة			مذكر			جمع		دَفِين														Non	
28	دَمِعَةٌ		دمع		صفة			مذكر			مفرد								Tn									"دَمِعَةٌ-دَمِعَةٌ [د م ع ]. ""يا لَها مِن اِمْرَأَةٍ دَمِعَةٍ !"" : سَريعَة البُكاءِ، يَسيلُ دَمْعُها لأَتْفَهِ الأَسْبابِ."
29	دنيء		دنأ		صفة			مذكر			مفرد	دَنايا			Dz				Tn									". ""خَصْلَةٌ دَنيئَةٌ"" : نَقيصَةٌ."
30	دنيئة		دنأ		صفة			مؤنث			مفرد	+ات;دَنايا			DnN	Pf			Tn									
31	دَنايا		دنأ		صفة						جمع		دنيء														Non	
32	دَنِيٌّ		دني		صفة			مذكر			مفرد	+ات		Ta	DnT	Pf			Tn									"دَنِيٌّ-دَنِيٌّ [د ن ي]. 1.""مَكانٌ دَنِيٌّ"" : قَريبٌ. 2.""لَقِيتُهُ أَدْنَى دَنِيٍّ"" : أَي أَوَّلَ شَيْءِ. 3.""رَجُلٌ دَنِيٌّ"" : ساقِطٌ، ضَعيفٌ، خَسيسٌ."
33	دَهِيٌّ		دهي		صفة			مذكر			مفرد	+ات;أَدْهِيَةٌ;دُهَواءُ		Ta	DnT	Pf			Tn									". ""رَجُلٌ دَهِيٌّ"" : عاقِلٌ."
34	أَدْهِيَةٌ		دهي		صفة			مذكر			جمع		دَهِيٌّ															
35	دُهَواءُ		دهي		صفة			مذكر			جمع		دَهِيٌّ														Non	
36	دونٌ		دون		صفة			مذكر			مفرد								Tn									"دونٌ-دونٌ [د و ن]. ""رَجُلٌ دونٌ"" : حَقيرٌ، خَسيسٌ.""إِذا ما عَلاَ الْمَرْءُ رَامَ العَـلاءَ*وَيَقْنَعُ بِالدُّونِ مَنْ كانَ دونا""."
37	دَيِّنٌ		دين		صفة			مذكر			مفرد	+ون;+ات		Ta	DnT	Pf	Pm		Tn									"دَيِّنٌ-دَيِّنٌ، ةٌ [د ي ن]. ""رَجُلٌ دَيِّنٌ"" : مُتَمَسِّكٌ بِأَهْدابِ الدِّينِ."
38	ذِمْرٌ		ذمر		صفة			مذكر			مفرد	أَذْمارٌ			DnN				Tn									". 1.""رَجُلٌ ذِمْرٌ"" : شُجَاعٌ. 2.""وَلَدٌ ذِمْرٌ"" : ظَرِيفٌ لَبِيبٌ."
39	أَذْمارٌ		ذمر		صفة			مذكر			جمع		ذِمْرٌ															
40	رَخْصٌ		رخص		صفة			مذكر			مفرد								Tn									"رَخْصٌ-رَخْصٌ [ر خ ص]. ""فِرَاشٌ رَخْصٌ"" : نَاعِمٌ، لَيِّنٌ."
41	رِخْوٌ		رخو		صفة			مذكر			مفرد	+ات;		Ta	DnT	Pf			Tn									"رِخْوٌ-رِخْوٌ، رَخْوٌ، رُخْوٌ [ر خ و]. 1.""نَبَاتٌ رَخْوٌ"" : هَشٌّ، لَيِّنٌ. 2.""فَرَسٌ رِخْوُ العِنَانِ"" : سَهْلُ القِيَادِ."
42	رَخِيٌّ		رخو		صفة			مذكر			مفرد	+ات;		Ta	DnT	Pf			Tn									"رَخِيٌّ-رَخِيٌّ [ر خ و]. ""وَجَدَ العَيْشَ رَخِيّاً فِي القَرْيَةِ"" : هَنِيئاً، سَهْلاً."
43	بَحَّاث		بحث		صفة			مذكر			مفرد	+ون;+ات		Ta	DnT	Pf	Pm		Tn									"بَحَّاثَةٌ-بَحَّاثَةٌ [ب ح ث]. ""عالِمٌ بَحَّاثَةٌ"" : الباحِثُ المُنْصَرِفُ إلى البَحْثِ العِلْمِيّ."
44	عَلاَمَةٌ		علم		صفة			مذكر			مفرد	+ات			DnN	Pf			Tn									". 1.""عَلاَمَةُ الطَّرِيقِ"" : مَا يُنْصَبُ فِي الطَّرِيقِ فَيُهْتَدَى بِهِ. 2.""عَلَيْهِ عَلاَمَةُ السَّفَرِ"" : سِمَةٌ، أمَارَةٌ. ""رَأَيْتُ عَلاَمَاتِ التَّعَبِ بَادِيَةً عَلَى وَجْهِهِ"" ""الدُّمُوعُ لَمْ تَعُدْ عَلَى طَبِيعَتِهَا دُمُوعاً بَلْ هِيَ عَلاَماتُ الأَلَمِ"". (م. ص. الرافعي). 3.""عَلاَمَةٌ مُسَجَّلَةٌ"" : إِشَارَةٌ يُشَارُ بِهَا إلى البَضائِعِ على أَنَّها نَوْعِيَّةٌ وَمُمَيَّزَةٌ. 4.""نَالَ الطَّالِبُ عَلاَمَةً مُمْتَازَةً"" : دَرَجَةً، نُقْطَةً مِنْ نُقَطِ الامْتِحَانِ. 5.""عَلاَمَةُ الاسْتِفْهَامِ"" : رَمْزٌ دَالٌّ عَلَى الاسْتِفْهَامِ وَتُكْتَبُ إِشَارَتُهُ هَكَذَا(). ""عَلاَمَةُ التَّعَجُّبِ رَمْزٌ دَالٌّ عَلَى الت"
45	حَفِيٌّ		حفو		صفة			مذكر			مفرد	+ات;حُفَواءُ		Ta	DnT	Pf			Tn									". 1. ""رَجُلٌ حَفِيٌّ"" : مُبالِغٌ فِي الإكْرَامِ والبِرِّ واللُّطْفِ.مريم آية 47 إنَّهُ كَانَ بِي حَفِيّاً (قرآن). 2.""حَفِيٌّ بِالشَّيْءِ"" : عَالِمٌ بِهِ عِلْماً عَمِيقاً."
46	حُفَواءُ		حفو		صفة			مذكر			جمع		حَفِيٌّ														Non	
47	خَسِيسٌ		خسس		صفة			مذكر			مفرد	+ات;أخِسَّةٌ;خِسَاسٌ		Ta	DnT	Pf			Tn									". ""رَجُلٌ خَسِيسٌ"" : دَنِيءٌ، تَافِهٌ. ""عَرَفَهُ النَّاسُ خَسِيسَ السُّلُوكِ"" ""رَجُلٌ خَسِيسُ النَّفْسِ""."
48	أخِسَّةٌ		خسس		صفة			مذكر			جمع		خَسِيسٌ															
49	خِسَاسٌ		خسس		صفة			مذكر			جمع		خَسِيسٌ															
50	خَصِيٌّ		خصي		صفة			مذكر			مفرد	+ون;خُصْيَةٌ;خِصْيانٌ			DnN		PmS		Tn									".""فَحْلٌ خَصِيٌّ"" : مَنْ نُزِعَتْ خُصْيَتَاهُ لِوَقْفِ حَرَارتِهِ الْجِنْسِيَّةِ"
51	خُصْيَةٌ		خصي		صفة			مذكر			جمع		خَصِيٌّ															
52	خِصْيانٌ		خصي		صفة			مذكر			جمع		خَصِيٌّ															
53	دَيْسَمٌ		دسم		صفة			مذكر			مفرد								Tn									"دَيْسَمٌ-دَيْسَمٌ [د س م]. 1.""اِشْتَدَّ الدَّيْسَمُ"" : الظُّلْمَةُ، السَّوادُ. 2.(حو).: الدُّبُّ أو وَلَدُهُ. 3. (حو).: الثَّعْلَبُ أَوْ وَلَدُهُ. 4.""وَلَدٌ دَيْسَمٌ"" : رَفيقٌ بِالعَمَلِ، لَطيفٌ."
54	دَفُوفٌ		دفف		صفة			مذكر			مفرد	دُفُفٌ							Tn									"دَفُوفٌ-دَفُوفٌ [د ف ف]. ""عُقابٌ دَفُوفٌ"" : تَدْنُو مِنَ الأرْضِ عِنْدَ انْقِضَاضِهَا."
55	رَبِيقٌ		ربق		صفة			مذكر			مفرد	+ات		Ta	DnT	Pf			Tn									"رَبِيقٌ-رَبِيقٌ [ر ب ق]. ""حَيَوانٌ رَبِيقٌ"" : مَرْبُوطٌ فِي الرِّبْقَةِ."
56	رَضِيٌّ		رضو		صفة			مذكر			مفرد	+ون;+ات;أَرْضِياءٌ;رُضاةٌ		Ta	DnT	Pf	PmS		Tn									". 1.""رَضِيٌّ بِنِعْمَتِهِ"" : قانِعٌ بِها. 2.""اِسْتَقالَ مِنْ عَمَلِهِ بِنَفْسٍ رَضِيَّةٍ"" : عَنْ طِيبِ خاطِرٍ."
57	أَرْضِياءٌ		رضو		صفة			مذكر			جمع		رَضِيٌّ															
58	رُضاةٌ		رضو		صفة			مذكر			جمع		رَضِيٌّ															
59	رَعْبَلٌ		رعب		صفة			مذكر			مفرد	+ات;رَعابِلُ		Ta	DnT	Pf			Tn									". 1.""اِمْرَأَةٌ رَعْبَلٌ"" : رَعْناءُ، حَمْقاءُ، تَلْبَسَ ثِياباً مُرَعْبَلَةً. 2.""ريحٌ رَعْبَلَةٌ"" : مُضْطَرِبَةُ الهُبوبِ. 3.""جَمَلٌ رَعْبَلٌ"" : ضَخْمٌ."
60	رَعابِلُ		رعب		صفة			مذكر			جمع		رَعْبَلٌ														Non	
61	رَاعِدَةٌ		رعد		صفة			مذكر			مفرد	+ات;رَوَاعِدُ		Ta	DnT	Pf			Tn									". 1. ""سَحَابَةٌ رَاعِدَةٌ"" : ذَاتُ رَعْدٍ. 2. ""ذَاتُ الرَّوَاعِدِ"" : الْمُصِيبَةُ."
62	رَوَاعِدُ		رعد		صفة			مذكر			جمع		رَاعِدَةٌ															
63	رِعْديدٌ		رعد		صفة			مذكر			مفرد	+ات;رَعادِيدُ		Ta	DnT	Pf			Tn									". 1.""رَجُلٌ رِعْديدٌ"" : جَبانٌ كَثيرُ الارْتِعادِ. 2.""نَباتٌ رِعْديدٌ"" : ناعِمٌ."
64	رَعادِيدُ		رعد		صفة			مذكر			جمع		رِعْديدٌ														Non	
65	رَغَابٌ		رغب		صفة			مذكر			مفرد	رُغُبٌ			DnN				Tn									". 1.""أَرْضٌ رَغَابٌ"" : لَيِّنَةٌ، سَهْلَةٌ، وَاسِعَةٌ. 2.""أَرْضُ الْجَنُوبِ أَرْضٌ رَغَابٌ"" : تَمْتَصُّ مَاءً كَثِيراً وَلاَ تَسِيلُ إِلاَّ مِنْ مَطَرٍ غَزِيرٍ."
66	رُغُبٌ		رغب		صفة			مذكر			جمع		رَغَابٌ															
67	أَرَكُّ		ركك		صفة			مذكر			مفرد								Tn									"أَرَكُّ-أَرَكُّ [ر ك ك]. ""وَلَدٌ أَرَكُّ"" : ضَعِيفٌ فِي عَقْلِهِ وَرَأْيِهِ."
68	رَهينٌ		رهن		صفة			مذكر			مفرد	+ات;رهائنُ		Ta	DnT	Pf			Tn									"رَهينٌ-رَهينٌ، ةٌ [ر هـ ن]. ""أنا رَهِينٌ بِما أَنْجَزْتُ"" : مَأْخوذٌ بِهِ.الطور آية 21 كُلُّ امْرِئٍ بِما كَسَبَ رَهينٌ (قرآن)."
69	رهائنُ		رهن		صفة			مذكر			جمع		رَهينٌ														Non	
70	رَهْوٌ		رهو		صفة			مذكر			مفرد	+ات		Ta	DnT	Pf			Tn									"رَهْوٌ-رَهْوٌ [ر هـ و]. 1.""بَحْرٌ رَهْوٌ"" : ساكِنٌ. 2.""اِفْعَلْ ذَلِكَ رَهْواً"" : اِفْعَلْ ذلِكَ ساكِناً على هِينَتِكَ. 3.""ثَوْبٌ رَهْوٌ"" : رَقيقٌ. 4.""مَكانٌ رَهْوٌ"" : مَكانٌ مُنْخَفِضٌ يَجْتَمِعُ فيهِ الماءُ."
71	مِرْوَلٌ		رول		صفة			مذكر			مفرد	+ات		Ta	DnT	Pf			Tn									"مِرْوَلٌ-مِرْوَلٌ، ةٌ [ر و ل]. ""وَلَدٌ مِرْوَلٌ"" : كَثِيرُ اللُّعَابِ."
72	مُرِيبٌ		ريب		صفة			مذكر			مفرد	+ات		Ta	DnT	Pf			Tn									"مُرِيبٌ-مُرِيبٌ [ر ي ب]. ""عَمَلٌ مُرِيبٌ"" : مُشْتَبَهٌ فِيهِ، مَشْكُوكٌ فِيهِ."
73	زُحَرٌ		زحر		صفة			مذكر			مفرد								Tn									"زُحَرٌ-زُحَرٌ[ز ح ر]. ""رَجُلٌ زُحَرٌ"" : زَحَّارٌ، أَي بَخيلٌ يَئِنُّ عِنْدَ السُّؤالِ."
74	زَرَّارٌ		زرر		صفة			مذكر			مفرد	+ات;		Ta	DnT	Pf			Tn									"زَرَّارٌ-زَرَّارٌ[ز ر ر]. ""وَلَدٌ زَرَّارٌ"" : ذَكِيٌّ خَفيفٌ."
75	زَرَّاع		زرع		صفة			مذكر			مفرد	+ون;+ات		Ta	DnT	Pf	Pm		Tn									"زَرَّاعَةٌ-زَرَّاعَةٌ[ز ر ع]. ""أَرْضٌ زَرَّاعَةٌ"" : أَرْضٌ تُزْرَعُ، أَي قَابِلَةٌ لِلزِّرَاعَةِ."
76	مِزْعَفٌ		زعف		صفة			مذكر			مفرد								Tn									"مِزْعَفٌ-مِزْعَفٌ [ز ع ف]. ""رَجُلٌ مِزْعَفٌ"" : النَّهِمُ الَّذِي يَأْخُذُ كُلَّ شَيْءٍ وَيَذْهَبُ بِهِ."
77	زُعاقٌ		زعق		صفة			مذكر			مفرد								Tn									"زُعاقٌ-زُعاقٌ[ز ع ق]. 1.""ماءٌ زُعاقٌ"" : مُرٌّ ثَخِينٌ. 2.""طَعامٌ زُعاقٌ"" : كَثيرُ المِلْحِ."
78	مَزَلَّةٌ		زلل		صفة			مذكر			مفرد	+ات;مَزَالُّ			DnN	Pf			Tn									". ""أَرْضٌ مَزَلَّةٌ"" : أَرْضُ الزَّلَلِ، أَيِ الخَطَايَا."
79	مَزَالُّ		زلل		صفة			مذكر			جمع		مَزَلَّةٌ														Non	
80	زَمَعَةٌ		زمع		صفة			مذكر			مفرد	زَمَعٌ;زِماعٌ;أَزْماعٌ			DnN				Tn									". 1. : هَنَةٌ زائِدَةٌ وراءَ الظِّلْفِ أَوِ الرُّسْغِ. 2.""رَجُلٌ زَمَعَةٌ"" : مِن الأَتْباعِ وَمَنْ لا يُؤْبَهُ لَهُمْ. 3.""زَمَعَةُ العُنْقودِ"" : العُقْدَةُ في مَخْرَجِهِ. 4.""زَمَعَةُ كَرْمِ العِنَبِ"" : الطَّلْعَةُ في نَواحِيها. 5.""أَرْضٌ زَمَعَةٌ"" : مُنْخَفِضَةٌ."
81	زَمَعٌ		زمع		صفة			مذكر			جمع		زَمَعَةٌ															
82	زِماعٌ		زمع		صفة			مذكر			جمع		زَمَعَةٌ															
83	أَزْماعٌ		زمع		صفة			مذكر			جمع		زَمَعَةٌ															
84	زُمَّلٌ		زمل		صفة			مذكر			جمع								Tn									زُمَّلٌ-زُمَّلٌ[ز م ل]. ن. زُمَلٌ.
85	زُمَلٌ		زمل		صفة			مذكر			مفرد								Tn									"زُمَلٌ-زُمَلٌ[ز م ل]. ""وَلَدٌ زُمَلٌ"" : جَبانٌ، ضَعيفٌ."
86	زَمَمٌ		زمم		صفة			مذكر			مفرد								Tn									"زَمَمٌ-زَمَمٌ[ز م م]. 1.""أَمْرُ النَّاسِ زَمَمٌ"" : أَي مُعْتَدِلٌ لَمْ يُجاوِزِ القَدْرَ. 2.""دارِي زَمَمُ دارِهِ"" : أَي قَريبَةٌ مِنْ دارِهِ. 3.""وَجِهِي زَمَمُ النَّافِذَةِ"" : أَي مُواجِهٌ لَها."
87	زامِنٌ		زمن		صفة			مذكر			مفرد								Tn									"زامِنٌ-زامِنٌ[ز م ن]. ""زَمَنٌ زامِنٌ"" : شَديدٌ، صَعْبٌ."
88	مِزْوَاجٌ		زوج		صفة			مذكر			مفرد	+ات		Ta	DnT	Pf			Tn									"مِزْوَاجٌ-مِزْوَاجٌ [ز و ج]. ""كَانَ وَالِدُهُ مِزْوَاجاً"" : أَيْ يَتَزَوَّجُ مِنْ حِينٍ لآخَرَ."
89	سَبْسَبٌ		سبسب		صفة			مذكر			مفرد	+ات;سَبَاسِبُ		Ta	DnT	Pf			Tn									". ""بَلَدٌ سَبْسَبٌ"": بَلَدٌ أرْضُهُ مُسْتَوِيَةٌ، وَتَعْنِي أيْضاً الأَرْضَ الَّتي لا مَاءَ فِيهَا."
90	سَبَاسِبُ		سبسب		صفة			مذكر			جمع		سَبْسَبٌ														Non	
91	مَسْبَعَةٌ		سبع		صفة			مذكر			مفرد	مَسَابِعُ			DnN				Tn									". ""أَرْضٌ مَسْبَعَةٌ"" : كَثِيرَةُ السِّبَاعِ."
92	مَسَابِعُ		سبع		صفة			مذكر			جمع		مَسْبَعَةٌ														Non	
93	بُنِّيٌّ		بني		صفة			مذكر			مفرد	+ات		Ta	DnT	Pf			Tn									"‏ ""يَلْبَسُ مِعْطَفاً بُنِّيَّ اللَّوْنِ"" : لَ"
94	مَحْشِيٌّ		حشو		صفة			مذكر			مفرد	+ات		Ta	DnT	Pf			Tn									"مَحْشِيٌّ-مَحْشِيٌّ [ح ش و] (طخ). ""أَكْلٌ مَحْشِيٌّ"" : كُلُّ طَعَامٍ مِنْ خُضَرٍ يُحْشَى بِاللَّحْمِ أَوِ الأَرُزِّ وَمَا شَابَهَ ذَلِكَ."
95	سُخَرَةٌ		سخر		صفة			مذكر			مفرد								Tn									"سُخَرَةٌ-سُخَرَةٌ [س خ ر]. ""رَجُلٌ سُخَرَةٌ"" : مَنْ يَسْخَرُ مِنَ النَّاسِ."
96	سُخْنٌ		سخن		صفة			مذكر			مفرد	+ات		Ta	DnT	Pf			Tn									"سُخْنٌ-سُخْنٌ [س خ ن]. ""مَاءٌ سُخْنٌ"" : حَارٌّ."
97	سَدَدٌ		سدد		صفة			مذكر			مفرد								Tn									"سَدَدٌ - [س د د]. 1.""لَهُ رَأْيٌ سَدَدٌ"" : سَديدٌ، صَائِبٌ. 2.""سَدَدُ خُلْقٍ"" : سَدادُهُ اِسْتِقَامَتُهُ. "
98	سَدِيٌ		سدي		صفة			مذكر			مفرد	+ات		Ta	DnT	Pf			Tn									"سَدِيٌ-سَدِيٌ، ةٌ [س د ي]. ""أَرْضٌ سَدِيَةٌ"" : رَطْبَةٌ، نَدِيَةٌ. ""مَكَانٌ سَدِيٌ""."
99	سَرِيٌّ		سرو		صفة			مذكر			مفرد	+ات;سُراةٌ;سُرىً;سَرايا		Ta	DnT	Pf			Tn									". 1.""عَرَفْتُهُ سَرِيّاً"" : صَاحِبَ مُرُوءةٍ فِي كَرَمٍ وَسَخَاءٍ أوْ فِي شَرَفِ. 2.""رَجُلٌ سَرِيٌّ"" : شَرِيفٌ سَخِيٌّ."
100	سُرَاةٌ		سبع		صفة			مذكر			جمع		سَرِيٌّ														Non	
101	سُرىً		سبع		صفة			مذكر			جمع		سَرِيٌّ															
102	سَرايا		سبع		صفة			مذكر			جمع		سَرِيٌّ														Non	
103	سَلْسَبِيلٌ		سلس		صفة			مذكر			مفرد	سَلاَسِيبُ			DnN				Tn									". 1. ""يَجْرِي مَاءٌ سَلْسَبِيلٌ فِي الغَدِيرِ"" : مَاءٌ عَذْبٌ. 2.الإنسان آية 17 ويُسْقَوْنَ فِيهَا كأساً كَانَ مِزَاجُهَا زَنْجَبِيلاً، عَيْناً فِيهَا تُسَمَّى سَلْسَبِيلاً (قرآن) : تُسَمَّى سَلْسَبِيلاً لِمَائِهَا العَذْبِ الْمُسَاغِ وَهِيَ عَيْنٌ بِالجَنَّةِ."
104	سَلاَسِيبُ		سلس		صفة			مذكر			جمع		سَلْسَبِيلٌ														Non	
105	سَلْسالٌ		سلسل		صفة			مذكر			مفرد	+ات;		Ta	DnT	Pf			Tn									"سَلْسالٌ-سَلْسالٌ [س ل س ل]. ""شَرِبَ ماءً سَلْسالاً"" : ماءً عَذْباً صافِياً. ""وَأَنْسامُ الرَّبيعِ تَمُرُّ تَشْرُدُ في مائِها السَّلْسالِ"". (بدر شاكر السياب)."
106	سَلْطٌ		سلط		صفة			مذكر			مفرد								Tn									"سَلْطٌ-سَلْطٌ [س ل ط]. ""هُوَ رَجُلٌ سَلْطُ اللِّسَانِ"" : طَوِيلُ اللِّسَانِ، أيْ سَلِيطٌ، كَلِمَاتُهُ لاذِعَةٌ. ""لِسَانٌ سَلْطٌ"" : يَخْشَاهُ الأَقَارِبُ وَالأَبَاعِدُ."
107	سِلْقَةٌ		سلق		صفة			مذكر			مفرد	سِلَقٌ			DnN				Tn									"سِلْقَةٌ - ج: سِلَقٌ. [س ل ق]. 1.""اِمْرَأةٌ سِلْقَةٌ"" : طَوِيلَةُ اللِّسَانِ، فَاحِشَةٌ، سَلِيطَةٌ، سَلطَانَةٌ. 2.""جَرَادةٌ سِلْقَةٌ"" : إذَا ألْقَتْ بَيْضَهَا. "
108	سِلَقٌ		سلق		صفة			مذكر			جمع		سِلْقَةٌ															
109	سَمْجٌ		سمج		صفة			مذكر			مفرد	سِمَاجٌ			DnN				Tn									". 1. وَجَدَ الطَّعَامَ سَمْجاً"": أيْ خَبِيثَ الطَّعْمِ كَرِيهَ الرَّائِحَةِ. 2. ""لَهُ مِزَاجٌ سَمْجٌ"": سَيِّئٌ، قَبِيحٌ."
110	سِمَاجٌ		سمج		صفة			مذكر			جمع		سَمْجٌ															
111	سَمِعَةٌ		سمع		صفة			مذكر			مفرد								Tn									"سَمِعَةٌ-سَمِعَةٌ [س م ع]. ""أُذُنٌ سَمِعَةٌ"" : سَامِعَةٌ."
112	سَمِلٌ		سمل		صفة			مذكر			مفرد	+ات;		Ta	DnT	Pf			Tn									"سَمِلٌ-سَمِلٌ [س م ل]. ""ثَوْبٌ سَمِلٌ"" : بَالٍ، مُهْتَرِئٌ."
113	سَواسِيَةٌ		سوي		صفة			مذكر			جمع		سَواء						Tn									"سَواسِيَةٌ-سَواسِيَةٌ [س و ي] (جمع سَواء على غَيْرِ قِياس). ""هُمْ سَواسِيَةٌ"" : إِذا اسْتَوَوْا في شَيْءٍ، في اللُّؤْمِ والشَّرِّ، أَوْ في شَيْءٍ عادِيٍّ. ""النَّاسُ سَواسِيَةٌ كَأَسْنانِ الْمُشْطِ""."
114	شَطُورٌ		شطر		صفة			مذكر			مفرد								Tn									"شَطُورٌ-شَطُورٌ [ش ط ر]. ""ثَوْبٌ شَطُورٌ"" : أَحَدُ طَرَفَيْ عَرْضِهِ أَطْوَلُ مِنَ الآخَرِ."
115	شَطُوفٌ		شطف		صفة			مذكر			مفرد								Tn									"شَطُوفٌ-شَطُوفٌ [ش ط ف]. ""نِيَّةٌ شَطُوفٌ"" : بَعِيدَةٌ."
116	شَعْشَاعٌ		شعشع		صفة			مذكر			مفرد	+ات;		Ta	DnT	Pf			Tn									"شَعْشَاعٌ - [ش ع ش ع]. 1.""ضَوْءٌ شَعْشَاعٌ""  : ضَوْءٌ مُتَفَرِّقٌ. 2.""ظِلٌّ شَعْشَاعٌ"" : فِيهِ فُرَجٌ لِلضَّوْءِ. 3.""وَلَدٌ شَعْشَاعٌ"": مُسْتَمْلَحٌ، خَفِيفُ الظِّلِّ وَالرُّوحِ. "
117	شَعْشَعٌ		شعشع		صفة			مذكر			مفرد	+ات		Ta	DnT	Pf			Tn									"شَعْشَعٌ-شَعْشَعٌ [ش ع ش ع]. 1.""رَجُلٌ شَعْشَعٌ"" : طَويلٌ. 2.""وَلَدٌ شَعْشَعٌ"""
118	شَافِعَةٌ		شفع		صفة			مذكر			مفرد								Tn									"شَافِعَةٌ-شَافِعَةٌ [ش ف ع]. ""عَيْنٌ شَافِعَةٌ"" : عَيْن ترَى الشَّيْئَيْنِ لِضَعْفِ بَصَرِهَا."
119	شَمَقْمَقٌ		شمق		صفة			مذكر			مفرد	+ات;		Ta	DnT	Pf			Tn									"شَمَقْمَقٌ-شَمَقْمَقٌ، ةٌ [ش م ق]. ""رَجُلٌ شَمَقْمَقٌ"" : طَوِيلٌ جَسِيمٌ، أَوْ نَشِيطٌ."
120	شَاهِبٌ		شهب		صفة			مذكر			مفرد	+ات		Ta	DnT	Pf			Tn									"شَاهِبٌ-شَاهِبٌ، ةٌ [ش هـ ب]. ""لَوْنُهُ شَاهِبٌ"" : مَا كَانَ لَوْنُهُ الشُّهْبَةَ، أيِ البَيَاضَ الْمُخْتَلِطَ بِالسَّوَادِ."
121	شَيِّقٌ		شوق		صفة			مذكر			مفرد	+ات		Ta	DnT	Pf			Tn									"شَيِّقٌ-شَيِّقٌ [ش و ق]. 1.""قَدَّمَتِ الفِرْقَةُ عَرْضاً شَيِّقاً"": فَاتِناً، جَذَّاباً، مُمْتِعاً، شَائِقاً. ""كَلاَمٌ شَيِّقٌ"". 2.""فُؤَادٌ شَيِّقٌ"" : مُشْتَاقٌ. ""شَيِّقٌ إِلَى لِقَاءِ الأَحْبَابِ""."
122	مُشَوِّكٌ		شوك		صفة			مذكر			مفرد	+ات;		Ta	DnT	Pf			Tn									"مُشَوِّكٌ-مُشَوِّكٌ [ش و ك]. ""شَجَرٌ مُشَوِّكٌ"" : شَجَرٌ كَثِيرُ الشَّوْكِ."
123	شَوِيٌّ		شوي		صفة			مذكر			مفرد	+ات;		Ta	DnT	Pf			Tn									"شَوِيٌّ-شَوِيٌّ [ش و ي]. ""لَحْمٌ شَوِيٌّ"" : مَا شُوِيَ مِنْهُ."
124	مُشاعٌ		شيع		صفة			مذكر			مفرد	+ات;		Ta	DnT	Pf			Tn									"مُشاعٌ، مَشَاعٌ، ةٌ - [ش ي ع]. 1.""خَبَرٌ مُشَاعٌ بَيْنَ النَّاسِ"" : ذائِعٌ. 2.""أَرَاضٍ مُشَاعَةٌ"" : الأَرَاضِي الَّتِي يَشْتَرِكُ فِي اسْتِغْلاَلِهَا عَامَّةُ النَّاسِ.   ""مَشَاعُ القُرَى"". "
125	مَشِينٌ		شين		صفة			مذكر			مفرد	+ات;		Ta	DnT	Pf			Tn									"مَشِينٌ-مَشِينٌ، ةٌ [ش ي ن]. ""سُلُوكٌ مَشِينٌ"" : مَعِيبٌ فَاضِحٌ."
126	صَحَاحٌ		صحح		صفة			مذكر			مفرد								Tn									"صَحَاحٌ-صَحَاحٌ [ص ح ح]. 1.""أَمْرٌ صَحَاحٌ"" : صَحِيحٌ. 2.""طَرِيقٌ صَحَاحٌ"" : مَا اشْتَدَّ مِنْهُ."
127	مِصْدَاقٌ		صدق		صفة			مذكر			مفرد								Tn									"مِصْدَاقٌ-مِصْدَاقٌ [ص د ق]. ""أَقْوَالُهُ جَاءتْ مِصْدَاقاً لِسُلُوكِهِ"": دَلِيلاً"
128	صَرْدٌ		صرد		صفة			مذكر			مفرد	صُرُودٌ			DnN				Tn									". 1.""ذَهَبٌ صَرْدٌ"" : خَالِصٌ. 2.""نَبِيذٌ صَرْدٌ"" : صَافٍ غَيْرُ مُخْتَلِطٍ بِشَيْءٍ. ""حُبٌّ صَرْدٌ"". 3.""يَوْمٌ صَرْدٌ"" : شَدِيدُ البَرْدِ."
129	صُرُودٌ		صرد		صفة			مذكر			جمع		صَرْدٌ															
130	صَرَّةٌ		صرر		صفة			مذكر			مفرد								Tn									"صِرَّةٌ-صِرَّةٌ [ص ر ر]. 1.""رِيحٌ صِرَّةٌ"" : شَدِيدَةُ الصَّوْتِ. 2.""لَيْلٌ فِيهِ صِرَّةٌ"" : بَرْدٌ شَدِيدٌ."
131	صِرْفٌ		صرف		صفة			مذكر			مفرد	+ات;		Ta	DnT	Pf			Tn									"صِرْفٌ-صِرْفٌ [ص ر ف]. ""مَاءُ زَهْرٍ صِرْفٌ"" : أَيْ خَالِصٌ غَيْرُ مَمْزُوجٍ بِشَيْءٍ آخَرَ."
132	مِصْقَعٌ		صقع		صفة			مذكر			مفرد	مَصَاقِعُ			DnN				Tn									". 1.""مُحَدِّثٌ مِصْقَعٌ"": بَلِيغٌ، ذُو فَصَاحَةٍ وَبَيَانٍ. 2.""خَطِيبٌ مِصْقَعٌ"" : عَالِي الصَّوْتِ."
133	مَصَاقِعُ		صقع		صفة			مذكر			جمع		مِصْقَعٌ														Non	
134	صَالِح		صلح		صفة			مذكر			مفرد	+ون;+ات;صَوَالِحُ		Ta	DnT	Pf	Pm		Tn									". ""أَتَتْ مِنْهُ صَالِحَةٌ"" : نِعْمَةٌ وَافِرَةٌ."
135	صَوَالِحُ		صلح		صفة			مذكر			جمع		صَالِح														Non	
136	صِنْدِيدٌ		صنديد		صفة			مذكر			مفرد	+ات;صَنَادِيدُ		Ta	DnT	Pf			Tn									"ج: صَنَادِيدُ. 1.""رَجُلٌ صِنْدِيدٌ"" : شُجَاعٌ، مِقْدَامٌ. 2.""بَرْدٌ صِنْدِيدٌ"" : شَدِيدٌ. ""هَبَّ رِيحٌ صِنْدِيدٌ"" ""تَهَاطَلَ مَطَرٌ صِنْدِيدٌ"". 3.""يَوْمٌ حَامِي الصَّنَادِيدِ"" : شَدِيدُ الْحَرِّ. 4.""صَنَادِيدُ الْقَدَرِ"" : مَصَائِبُهُ، دَوَاهِيهِ."
137	صَنَادِيدُ		صنديد		صفة			مذكر			جمع		صِنْدِيدٌ														Non	
138	صُوصٌ		صوص		صفة			مذكر			مفرد								Tn									"""إِنَّهُ رَجُلٌ صُوصٌ"" : بَخِيلٌ مُنْفَرِدٌ بِطَعَامِهِ وَلاَ يَدْعُو أَحَداً لِلأَكْلِ مَعَهُ."
139	مُضِبٌّ		ضبب		صفة			مذكر			مفرد	+ات;		Ta	DnT	Pf			Tn									"مُضِبٌّ-مُضِبٌّ، ةٌ [ض ب ب]. ""يَوْمٌ مُضِبٌّ"" : يَوْمٌ فِيهِ ضَبَابٌ."
140	ضُحَكَةٌ		ضحك		صفة			مذكر			مفرد								Tn									"ضُحَكَةٌ-ضُحَكَةٌ [ض ح ك]. ""رَجُلٌ ضُحَكَةٌ"" : كَثِيرُ الضَّحِكِ."
141	ضَيْغَمٌ		ضغم		صفة			مذكر			مفرد	ضَيَاغِمُ			DnN				Tn									". 1.""وَلَدٌ ضَيْغَمٌ"" : مَنْ يَعَضُّ، العَضَّاضُ. 2.""الضَّيْغَمُ فِي عَرِينِهِ"" : الأَسَدُ وَاسِعُ الشِّدْقِ."
142	ضَيَاغِمُ		ضغم		صفة			مذكر			جمع																Non	
143	مَضَلَّةٌ		ضلل		صفة			مذكر			مفرد	+ات			DnN	Pf			Tn									"مَضَلَّةٌ-مَضَلَّةٌ [ض ل ل]. ""أَرْضٌ مَضَلَّةٌ"" : يُضَلُّ فِيهَا عَنِ الطَّرِيقِ."
144	طَبِيبٌ		طبب		صفة			مذكر			مفرد	+ات;أَطِبَّاءُ		Ta	DnT	Pf			Tn									". 1.""طَبِيبٌ مَاهِرٌ"" : مُعَالِجُ الأَمْرَاضِ بِالطِّبِّ، مَنْ حِرْفَتُهُ الطِّبُّ. 2.""طَبِيبٌ اِخْتِصَاصِيٌّ"" : مُخْتَصٌّ فِي طِبٍّ مُعَيَّنٍ. ""طَبِيبُ الطِّبِّ العَامِّ"
145	أَطِبَّاءُ		طبب		صفة			مذكر			جمع																Non	
146	طَرْطُورٌ		طرطر		صفة			مذكر			مفرد								Tn									"طَرْطُورٌ-طَرْطُورٌ [ط ر ط ر]. ""رَجُلٌ طَرْطُورٌ"" : تَافِهٌ ، ضَعِيفٌ، مَنْ لاَ قِيمَةَ لَهُ."
147	طِرْفٌ		طرف		صفة			مذكر			مفرد	+ات;		Ta	DnT	Pf			Tn									"طِرْفٌ-طِرْفٌ، ةٌ [ط ر ف]. ""رَجُلٌ طِرْفٌ"" : كَرِيمٌ، أَصِيلٌ. ""فَرَسٌ طِرْفَةٌ""."
148	مُطْرَفٌ		طرف		صفة			مذكر			مفرد	+ات		Ta	DnT	Pf			Tn									"مُطْرِفٌ-مُطْرِفٌ [ط ر ف] (فَا. مِن أَطْرَفَ). ""مَالٌ مُطْرِفٌ"": حَدِيثٌ مُسْتَحْدَثٌ."
149	طَرِيٌّ		طرو		صفة			مذكر			مفرد	+ات;طِرَاءٌ		Ta	DnT	Pf			Tn									". 1.""غُصْنٌ طَرِيٌّ"" : لَيِّنٌ. 2.""لَحْمٌ طَرِيٌّ"" : غَضٌّ.النحل آية 14 وَهُوَ الَّذِي سَخَّرَ البَحْرَ لِتَأكُلُوا مِنْهُ لَحْماً طَرِيّاً (قرآن)."
150	طِرَاءٌ		طرو		صفة			مذكر			جمع																	
151	طَازَجٌ		طزج		صفة			مذكر			مفرد	+ات		Ta	DnT	Pf			Tn									"طَازَجٌ-طَازَجٌ، ةٌ [ط ز ج]. ""خُبْزٌ طَازَجٌ"" : طَرِيٌّ. ""فَاكِهَةٌ طَازَجَةٌ"" ""خُضَارٌ طَازَجٌ""."
152	طِلْسٌ		طلس		صفة			مذكر			مفرد	أَطْلاَسٌ;طُلُوسٌ			DnN				Tn									". 1.""ذِئْبٌ طِلْسٌ"" : لَوْنُهُ بِهِ غَبْرَةٌ إِلَى سَوَادٍ. 2.""ثَوْبٌ طِلْسٌ"" : وَسِخٌ. 3.""صَارَ الكِتَابُ طِلْساً"" : كِتَابَتُهُ مَمْحُوَّةٌ. 4.""جِلْدُ فَخِذِ البَعِيرِ طِلْسٌ"" : إِذَا تَسَاقَطَ شَعْرُهُ."
153	أَطْلاَسٌ		طلس		صفة			مذكر			جمع																	
154	طُلُوسٌ		طلس		صفة			مذكر			جمع																	
155	طَلْقٌ		طلق		صفة			مذكر			مفرد								Tn									"طِلْقٌ-طِلْقٌ [ط ل ق]. 1.""رَجُلٌ طِلْقٌ"" : غَيْرُ مُقَيَّدٍ، مُطْلَقٌ، أَيْ مُتَمَكِّنٌ مِنْ جَمِيعِ التَّصَرُّفَاتِ. 2.""اِفْعَلْ ذَلِكَ فَهُوْ طِلْقٌ لَكَ"" : حَلاَلٌ. 3.""أَنْتَ طِلْقٌ مِنْهُ"" : بَرِيءٌ. 4.""طِلْقُ اللِّسَانِ"" : فَصِيحٌ. 5.""طِلْقُ الوَجْهِ"" : بَشُوشٌ، ضَاحِكٌ."
156	طُلُقٌ		طلق		صفة			مذكر			مفرد								Tn									"طَلِقٌ-طَلِقٌ [ط ل ق] (صِيغَةُ فَعِل). 1.""لِسَانُهُ طَلِقٌ"" : فَصِيحُ اللِّسَانِ. 2.""طَلِقُ الوَجْهِ"" : ضَاحِكُهُ."
157	طِلْقٌ		طلق		صفة			مذكر			مفرد								Tn									"طَلْقٌ-طَلْقٌ [ط ل ق]. 1.""طَلْقُ الْمُحَيَّا"" : بَشُوشٌ، ضَاحِكٌ. ""طَلْقُ الوَجْهِ"". 2.""رَجُلٌ طَلْقُ اليَدَيْنِ"" : كَرِيمٌ، سَخِيٌّ. 3.""خَطِيبٌ طَلْقُ اللِّسَانِ"" : فَصِيحٌ. 4.""يَوْمٌ طَلْقٌ"" : يَوْمٌ مُعْتَدِلٌ. 5.""خَرَجَ إِلَى الْهَوَاءِ الطَّلْقِ"" : الْخَلاَءُ. 6.""طَلْقُ الوِلاَدَةِ "" : وَجَعُهَا."
158	طَامِثٌ		طمث		صفة			مذكر			مفرد	+ات			DnN	Pf			Tn									"طَامِثٌ-طَامِثٌ [ط م ث]. ""اِمْرَأَةٌ طَامِثٌ"" : حَائِضٌ."
159	طَافٌ		طوف		صفة			مذكر			مفرد								Tn									"طَافٌ-طَافٌ [ط و ف]. ""رَجُلٌ طَافٌ"" : كَثِيرُ الطَّوَافِ."
160	طُوَالٌ		طول		صفة			مذكر			مفرد								Tn									"طُوَالٌ-طُوَالٌ [ط و ل]. ""رَجُلٌ طُوَالٌ"" : طَويلٌ. ""حَبْلٌ طُوَالٌ""."
161	طَانٌّ		طين		صفة			مذكر			مفرد	+ات;		Ta	DnT	Pf			Tn									"طَانٌّ-طَانٌّ [ط ي ن]. ""مَكَانٌ طَانٌّ"" : كَثِيرُ الطِّينِ."
162	ظِلِّيمٌ		ظلم		صفة			مذكر			مفرد								Tn									"ظِلِّيمٌ-ظِلِّيمٌ [ظ ل م]. ""رَجُلٌ ظِلِّيمٌ"" : كَثيرُ الظُّلْمِ."
163	ظَليمٌ		ظليم		صفة			مذكر			مفرد	ظُلْمانٌ			DnN				Tn									"ج: ظُلْمانٌ. 1.""وَلَدٌ ظَليمٌ"" : مَظْلومٌ. 2. : ذَكَرُ النَّعامِ. ن. نَعامَةٌ."
164	ظُلْمانٌ		ظليم		صفة			مذكر			جمع																	
165	عارِيَّةٌ		عارية		صفة			مذكر			مفرد	+ات;عَوَارِيُّ			DnN	Pf			Tn									ج: عَوَارِيُّ. ن. عَارِيَةٌ.
166	عَوَارِيُّ		عارية		صفة			مذكر			جمع																Non	
167	يَعْبُوبٌ		عبب		صفة			مذكر			مفرد	يَعَابِيبُ			DnN				Tn									"يَعْبُوبٌ - ج: يَعَابِيبُ. [ع ب ب]. 1.""نَهْرٌ يَعْبُوبٌ"" : شَدِيدُ الْجَرْيِ. 2.""جَدْوَلٌ يَعْبُوبٌ"" : كَثِيرُ الْمَاءِ. 3.""أَمْطَرَ الْيَعْبُوبُ"" : السَّحَابُ. 4.""فَرَسٌ يَعْبُوبٌ"" : طَوِيلٌ وَسَرِيعُ الْعَدْوِ. "
168	يَعَابِيبُ		عبب		صفة			مذكر			جمع																Non	
169	عِبْرٌ		عبر		صفة			مذكر			مفرد								Tn									"عِبْرٌ - [ع ب ر]. 1.""عِبْرُ نَهْرٍ"" : شَاطِئُهُ، نَاحِيَتُهُ. 2.""مَجْلِسٌ عِبْرٌ"" : كَثِيرُ الأَهْلِ. 3.""جِمَالٌ عِبْرُ الأَسْفَارِ"" : قَوِيَّةٌ عَلَى السَّيْرِ. 4.""بَنَاتُ عِبْرٍ"" : الْكَذِبُ، الْبَاطِلُ. 5.""أَبُو بَنَاتِ عِبْرٍ"" : الْكَذَّابُ. "
170	عَبَّاسٌ		عبس		صفة			مذكر			مفرد								Tn									"عَبَّاسٌ-عَبَّاسٌ [ع ب س]. 1.""رَجُلٌ عَبَّاسٌ"" : مُقَطِّبٌ، عَبُوسٌ، شَرِسٌ، مُتَجَهِّمٌ. 2.""كَشَّرَ العَبَّاسُ عَنْ أَنْيَابِهِ"" : الأَسَدُ. 3.: اِسْمُ عَلَمٍ لِلْذُّكُورِ. ""عَبَّاسُ، عَبَّاسٌ إِذَا حَضَرَ الوَغَى""."
171	عِتْبٌ		عتب		صفة			مذكر			مفرد								Tn									"عِتْبٌ-عِتْبٌ [ع ت ب]. ""رَجُلٌ عِتْبٌ"" : كَثِيرُ الْعِتَابِ."
172	عَتَدٌ		عتد		صفة			مذكر			مفرد								Tn									"عَتَدٌ-عَتَدٌ (مذ، مُؤ) [ع ت د]. ""فَرَسٌ عَتَدٌ"" : شَدِيدٌ، تَامُّ الخَلْقِ، أَوْ مُعَدٌّ لِلْجَرْيِ."
173	عَتِيٌّ		عتو		صفة			مذكر			مفرد	أَعْتَاءٌ			DnN				Tn									". ""عَتِيٌّ فِي مَسْلَكِهِ"" : مُتَكَبِّرٌ، عَاتٍ."
174	أَعْتَاءٌ		عتو		صفة			مذكر			جمع																	
175	عِتِيٌّ		عتو		صفة			مذكر			مفرد	أَعْتَاءٌ			DnN				Tn									". ""بَلَغَ مِنَ العُمْرِ عِتِيّاً"" : تَقَدَّمَ كَثِيراً فِي السِّنِّ. مريم آية 8 وَقَدْ بَلَغْتُ مِنَ الكِبَرِ عِتِيّا (قرآن)."
176	أَعْتَاءٌ		عتو		صفة			مذكر			جمع																	
177	عَجَاجٌ		عجج		صفة			مذكر			مفرد								Tn									"عَجَاجٌ-عَجَاجٌ [ع ج ج]. ""هَبَّ عَجَاجٌ عَلَى الْمَدِينَةِ"" : غُبَارٌ. "" تَتَكَوَّنُ مَوْجَاتُ عَجَاجٍ تَقْذِفُهَا الرِّيحُ"". (حنا مينه)."
178	عِذَابٌ		عذب		صفة			مذكر			جمع		عَذْب		DnN				Tn									". ""أَطْعِمَةٌ عِذَابٌ"" : سَائِغَةٌ طَعْمُهَا لَذِيذٌ. ""أَمَانٍ عِذَابٌ""."
179	عِرَابٌ		عرب		صفة			مذكر			جمع								Tn									"عِرَابٌ-عِرَابٌ [ع ر ب]. ""خَيْلٌ عِرَابٌ"" : كَرَائِمُ، سَالِمَةٌ مِنَ الْهُجْنَةِ."
180	عَرِبٌ		عرب		صفة			مذكر			مفرد								Tn									"عَرِبٌ-عَرِبٌ [ع ر ب]. 1.""مَاءٌ عَرِبٌ"" : صَافٍ. 2.""رَجُلٌ عَرِبٌ"" : فَصِيحٌ."
181	عَرَمْرَمٌ		عرم		صفة			مذكر			مفرد								Tn									"عَرَمْرَمٌ-عَرَمْرَمٌ [ع ر م]. 1.""وَاجَهَ جَيْشاً عَرَمْرَماً"" : كَثِيراً. 2.""صَبَّ مَطَرٌ عَرَمْرَمٌ"" : شَدِيدٌ."
182	عَزَبٌ		عزب		صفة			مذكر			مفرد	+ات;عُزَّابٌ;أَعْزَابٌ		Ta	DnT	Pf			Tn									"ح: عُزَّابٌ، أَعْزَابٌ. ""رَجُلٌ عَزَبٌ"" : لاَ زَوْجَ لَهُ. ""اِمْرَأَةٌ عَزَبَةٌ""."
183	عُزَّابٌ		عزب		صفة			مذكر			جمع																	
184	أَعْزَابٌ		عزب		صفة			مذكر			جمع																	
185	عَصِيدٌ		عصد		صفة			مذكر			مفرد								Tn									"عَصِيدٌ-عَصِيدٌ [ع ص د]. ""رَجُلٌ عَصِيدٌ"" : مَعْقُودٌ."
186	مُعْصِرٌ		عصر		صفة			مذكر			مفرد	مَعَاصِرُ;مَعَاصِيرُ			DnN				Tn									". ""فَتَاةٌ مُعْصِرٌ"": أَدْرَكَتْ سِنَّ الشَّبَابِ."
187	مَعَاصِرُ		عصر		صفة			مذكر			جمع																Non	
188	مَعَاصِيرُ		عصر		صفة			مذكر			جمع																Non	
189	عِضَاضٌ		عضض		صفة			مذكر			مفرد								Tn									"عِضَاضٌ-عِضَاضٌ [ع ض ض ]. ""رَجُلٌ عِضَاضٌ"" : صَبُورٌ عَلَى الشٍّدَّةِ."
190	عِضَاةٌ		عضه		صفة			مذكر			مفرد								Tn									عِضَاةٌ-عِضَاةٌ [ع ض هـ]. : كُلُّ شَجَرٍ عَظِيمٍ لَهُ شَوْكٌ.
191	عَظِيم		عظم		صفة			مذكر			مفرد	+ون;+ات;عَظَائِمُ		Ta	DnT	Pf	Pm		Tn									". 1.""أُمَّةٌ عَظِيمَةٌ يَشْهَدُ تَارِيخُهَا الْمَجِيدُ بِذَلِكَ"" : كَبِيرَةٌ، قَوِيَّةٌ، لَهَا مَهَابَتُهَا وَجَلاَلُهَا. 2.""إِنَّهَا فَرْحَةٌ عَظِيمَةٌ"" : مُنَاسَبَةٌ كُبْرَى، فَخْمَةٌ. 3.""عَظَائِمُ الأُمُورِ"" : مَصَائِبُهَا، كَوَارِثُهَا."
192	عَظَائِمُ		عظم		صفة			مذكر			جمع																Non	
193	عِفْرٌ		عفر		صفة			مذكر			مفرد	أَعْفَارٌ			DnN				Tn									". 1. : ذَكَرُ الْخَنَازِيرِ. 2.""رَجُلٌ عِفْرٌ"" : خَبِيثٌ. 3.""أَسَدٌ عِفْرٌ"" : جِرِّيءٌ، شَدِيدٌ."
194	أَعْفَارٌ		عفر		صفة			مذكر			جمع																	
195	عَفُوٌّ		عفو		صفة			مذكر			مفرد	+ات		Ta	DnT	Pf			Tn									"عَفُوٌّ-عَفُوٌّ [ع ف و]. ""حَاكِمٌ عَفُوٌّ"" : كَثِيرُ العَفْوِ. النساء آية 99 وَكَانَ اللهُ عَفُوّاً غَفُوراً (قرآن)."
196	عَاقِرٌ		عقر		صفة			مذكر	عاقر	عاقر	مفرد	عَوَاقِرُ;عُقَّرٌ			DnN				Tn									". 1.""اِمْرَأَةٌ عَاقِرٌ"" : لاَ تَلِدُ. 2.""رَجُلٌ عَاقِرٌ"" : لاَ يُولَدُ لَهُ وَلَدٌ."
197	عَوَاقِرُ		عقر		صفة			مذكر			جمع																Non	
198	عُقَّرٌ		عقر		صفة			مذكر			جمع																	
199	عُقْرَةٌ		عقر		صفة			مذكر			مفرد								Tn									"عُقَرَةٌ-عُقَرَةٌ [ع ق ر]. 1.""اِمْرَأَةٌ عُقَرَةٌ"" : فِي رَحِمِهَا دَاءٌ يَمْنَعُهَا مِنَ الْحَبَلِ. 2.""عُقَرَةُ العِلْمِ النِّسْيَانُ"" : عَثْرَةُ، آفَةُ العِلْمِ..."
200	عُقَاقٌ		عقق		صفة			مذكر			مفرد								Tn									"عُقَاقٌ-عُقَاقٌ [ع ق ق]. ""مَاءٌ عُقَاقٌ"" : مُرٌّ."
201	عَقِيفَةٌ		عقق		صفة			مذكر			مفرد	عَقَائِفُ			DnN				Tn									". ""شَوْكَةٌ عَقِيفَةٌ"" : مَلْوِيَّةٌ كَالصِّنَّارَةِ."
202			عقق		صفة			مذكر																			Non	
203	عَقَامٌ		عقم		صفة			مذكر			مفرد								Tn									"عَقَامٌ-عَقَامٌ [ع ق م]. 1.""يَوْمٌ عَقَامٌ"" : شَدِيدٌ، عُقَامٌ. 2.""رَجُلٌ عَقَامٌ"" : لاَ يُولَدُ لَهُ."
204	عُقَامٌ		عقم		صفة			مذكر			مفرد								Tn									"عُقَامٌ-عُقَامٌ [ع ق م]. 1.""حَرْبٌ عُقَامٌ"" : شَدِيدَةٌ. 2.""يَوْمٌ عُقَامٌ"" : شَدِيدٌ. 3.""دَاءٌ عُقَامٌ"" : دَاءٌ عُضَالٌ، لاَ يُبْرَأُ مِنْهُ، لاَ يُرْجَى مِنْهُ شِفَاءٌ."
205	عُلْوٌ		علو		صفة			مذكر			مفرد								Tn									"عَلْوٌ-عَلْوٌ [ع ل و]. ""أَخَذَهُ عَلْواً"" : قَهْراً وَعَنْوَةً وَتَعَسُّفاً."
206	عِلْيٌ		علي		صفة			مذكر											Tn									"""هُمْ مِنْ عِلْيِ الْقَوْمِ"" : عُلِّيَّة، أَيْ مِنْ خِيَارِهِمْ وَأَشْرَافِهِمْ."
207	عُمْيٌ		عمي		صفة			مذكر			جمع				DnN				Tn									". ""هُمْ عُمْيٌ"" : فَاقِدُو الْبَصَرِ.البقرة آية 18صُمٌّ بُكْمٌ عُمْيٌ فَهُمْ لاَ يَرْجِعُونَ (قرآن)."
208	عَنِيٌّ		عني		صفة			مذكر			مفرد	+ون;+ات		Ta	DnT	Pf	PmS		Tn									"عَنِيٌّ-عَنِيٌّ [ع ن ي]. ""عَنِيٌّ بِاْلأَمْرِ"" : مُهْتَمٌّ بِهِ . "
209	مُعَادٌ		عود		صفة			مذكر			مفرد	+ات;		Ta	DnT	Pf			Tn									"مُعَادٌ-مُعَادٌ [ع و د]. ""كَلاَمٌ مُعَادٌ"" : مُكَرَّرٌ."
210	مُعْوِرٌ		عور		صفة			مذكر			مفرد	+ات;		Ta	DnT	Pf			Tn									"مُعْوِرٌ-مُعْوِرٌ، ةٌ [ع و ر]. 1.""رَجُلٌ مُعْوِرٌ"" : سَيِّءُ الأَخْلاَقِ، قَبِيحُ الأَعْمَالِ. 2.""غَابَةٌ مُعْوِرَةٌ"" : مَخُوفَةٌ."
211	مِعْوَزٌ		عوز		صفة			مذكر			مفرد	+ات;مَعَاوِزُ;مَعَاوِزَةٌ		Ta	DnT	Pf			Tn									". ""ثَوْبٌ مِعْوَزٌ"": بَالٍ، مُهْتَرِئٌ، مُسْتَعْمَلٌ."
212	مَعَاوِزُ		عوز		صفة			مذكر			جمع																	
213	مَعَاوِزَةٌ		عوز		صفة			مذكر			جمع																	
214	مَعِينٌ		عين		صفة			مذكر			مفرد	+ات;		Ta	DnT	Pf			Tn									"مَعِينٌ-مَعِينٌ [ع ي ن]. ""مَاءٌ مَعِينٌ"" : جَارٍ عَلَى وَجْهِ الأَرْضِ مُتَدَفِّقاً. الملك آية 30 قُلْ أَرَأَيْتُمْ إِنْ أَصْبَحَ مَاؤُكُمْ غَوْرًا فَمَنْ يَأْتِيكُمْ بِمَاءٍ مَعِين (قرآن)."
215	مُغَبِّرَةٌ		غبر		صفة			مذكر			مفرد								Tn									"مُغَبِّرَةٌ-مُغَبِّرَةٌ [غ ب ر]. ""نَاسِكُونَ مُغَبِّرَةٌ"" : أَيِ الَّذِينَ يُغَبِّرُونَ بِذِكْرِ اللهِ، أَيْ يُرَدِّدُونَ اسْمَ اللهِ فِي كُلِّ آنٍ."
216	غِرٌّ		غرر		صفة			مذكر			مفرد	+ات;أَغْرَارٌ		Ta	DnT	Pf			Tn									". ""ما يَزَالُ غِرّاً"" : شَابّاً لاَ خِبْرَةَ لَهُ وَلاَ تَجْرِبَةَ."
217	أَغْرَارٌ		غرر		صفة			مذكر			جمع																	
218	غِطْرِسٌ		غطرس		صفة			مذكر			مفرد	غَطَارِسُ			DnN				Tn									". ""وَلَدٌ غِطْرِسٌ"" : مُتَكَبِّرٌ،"
219	غَطَارِسُ		غطرس		صفة			مذكر			جمع																Non	
220	غِطْرِيسٌ		غطرس		صفة			مذكر			مفرد	غَطَارِيسُ			DnN				Tn									. ن. غِطْرِسٌ.
221	غَطَارِيسُ		غطرس		صفة			مذكر			جمع																Non	
222	غُطْرُوفٌ		غطرف		صفة			مذكر			مفرد								Tn									"غُطْرُوفٌ - [غ ط ر ف]. ""شَابٌّ غُطْرُوفٌ"" : حَسَنٌ، ظَرِيفٌ. "
223	غِطْرِيفٌ		غطرف		صفة			مذكر			مفرد	غَطَارِيفُ;غَطَارِفَةٌ			DnN				Tn									". ""رَجُلٌ غِطْرِيفٌ"" : كَرِيمٌ، سَخِيٌّ."
224	غَطَارِيفُ		غطرف		صفة			مذكر			جمع																Non	
225	غَطَارِفَةٌ		غطرف		صفة			مذكر			جمع																	
226	غُفْلٌ		غفل		صفة			مذكر			مفرد	أَغْفَالٌ			DnN				Tn									". 1.""عَرَفُوهُ غُفْلاً"" : إِنْسَاناً لاَ يُرْجَى خَيْرُهُ وَلاَ يُخْشَى شَرُّهُ. 2.""رَجُلٌ غُفْلٌ"" : لَمْ يُخَبِّرِ الأُمُورَ. 3.""شِعْرٌ غُفْلٌ"" : قَائِ"
227	أَغْفَالٌ		غفل		صفة			مذكر			جمع																	
228	غَلِيٌّ		غلو		صفة			مذكر			مفرد	+ات;		Ta	DnT	Pf			Tn									"غَلِيٌّ-غَلِيٌّ [غ ل و]. ""سِعْرٌ غَلِيٌّ"" : مُرْتَفِعٌ."
229	غُمْرٌ		غمر		صفة			مذكر			مفرد	أَغْمَارٌ			DnN				Tn									". 1.""فَتـىً غُمْرٌ"" : غِرٌّ، لَمْ يُجَرِّبِ الأُمُورَ. 2. : زَعْفَرَانٌ."
230	أَغْمَارٌ		غمر		صفة			مذكر			جمع																	
231	غُنْدُرٌ		غندر		صفة			مذكر			مفرد								Tn									"غُنْدُرٌ - [غ ن د ر]. ""شَابٌّ غُنْدُرٌ"" : حَسَنُ الشَّبَابِ، نَاعِمٌ. "
232	غُنْدُورٌ		غندر		صفة			مذكر			مفرد								Tn									"غُنْدُورٌ - [غ ن د ر]. ""شَابٌّ غُنْدُورٌ"" : حَسَنُ الشَّبَابِ،  غُنْدُرٌ، نَاعِمٌ. "
233	غَوِيٌّ		غوي		صفة			مذكر			مفرد	+ون;+ات;أَغْوِيَاءُ		Ta	DnT	Pf	PmS		Tn									". 1.""عَرَفْتُهُ رَجُلاً غَوِيّاً"" : رَجُلاً ظَالِماً وَمُمْعِناً فِي الضَّلاَلِ، غَاوٍ.القصص"
234	أَغْوِيَاءُ		غوي		صفة			مذكر			جمع																Non	
235	غَيِّثٌ		غيث		صفة			مذكر			مفرد	+ات;		Ta	DnT	Pf			Tn									"غَيِّثٌ-غَيِّثٌ [غ ي ث]. 1.""سَحَابٌ غَيِّثٌ"" : كَثِيرُ الْغَيْثِ. 2.""فَرَسٌ ذُو غَيِّثٍ"" : أَيْ يَزْدَادُ جَرْياً بَعْدَ جَرْيٍ."
236	غَادَةٌ		غيد		صفة			مذكر			مفرد	+ات;غِيدٌ			DnN	Pf			Tn									". ""كَانَتْ غَادَةً بَيْنَ قَرِينَاتِهَا"" : أَيْ فَتَاةً جَمِيلَةً نَاعِمَةً."
237	غِيدٌ		غيد		صفة			مذكر			جمع																	
238	مُتَفَتِّقَةٌ		فتق		صفة			مذكر			مفرد								Tn									"مُتَفَتِّقَةٌ - [ف ت ق]. ""اِمْرَأَةٌ مُتَفَتِّقَةٌ"" : سَلِيطَةُ اللِّسَانِ، سَرِيعَةُ الإِجَابَةِ"
239	فَتِيٌّ		فتو		صفة			مذكر			مفرد	+ون;+ات;فِتَاءٌ;أَفْتَاءٌ		Ta	DnT	Pf	PmS		Tn									". 1.""وَلَدٌ فَتِيٌّ"" : شَابٌّ. 2.""كَبْشٌ فَتِيٌّ"" : لَمْ يَمُرَّ عَلَيْهِ الْحَوْلُ، لَحْمُهُ طَرِيٌّ."
240	فِتَاءٌ		فتو		صفة			مذكر			جمع																	
241	أَفْتَاءٌ		فتو		صفة			مذكر			جمع																Non	
242	فِجٌّ		فجج		صفة			مذكر			مفرد	+ات		Ta	DnT	Pf			Tn									"فِجٌّ-فِجٌّ، ةٌ [ف ج ج]. 1.""طَعَامٌ فِجٌّ"" : غَيْرُ نَاضِجٍ. ""فَاكِهَةٌ فِجَّةٌ"". 2.""كَلاَمٌ فِجٌّ"" : سَاقِطٌ، نَابٍ"
243	فَحْفَاحٌ		فحفح		صفة			مذكر			مفرد	+ات;		Ta	DnT	Pf			Tn									"فَحْفَاحٌ-فَحْفَاحٌ [ف ح ف ح]. 1.""رَجُلٌ فَحْفَاحٌ"" : فِي صَوْتِهِ بُحَّةٌ. 2.""خَطِيبٌ فَحْفَاحٌ"" : كَثِيرُ الكَلاَمِ."
244	فَحْلَةٌ		فحل		صفة			مذكر			مفرد	+ات			DnN	Pf			Tn									"فَحْلَةٌ-فَحْلَةٌ [ف ح ل]. ""اِمْرَأَةٌ فَحْلَةٌ"" : سَلِيطَةُ اللِّسَانِ ."
245	فَحْلٌ		فحل		صفة			مذكر			مفرد	فُحُولٌ			DnN				Tn									"(حو). 1. : الذَّكَرُ مِنْ كُلِّ حَيَوَانٍ. 2.""فُحُولُ الشُّعَرَاءِ"" : الْمُفَضَّلُونَ وَالْمُتَمَ"
246	فُحُولٌ		فحل		صفة			مذكر			جمع																	
247	فَخْمٌ		فخم		صفة			مذكر			مفرد	+ات;		Ta	DnT	Pf			Tn									"فَخْمٌ - [ف خ م]. 1.""رَجُلٌ فَخْمٌ"" : عَظِيمُ الْقَدْرِ. 2.""كَلاَمٌ فَخْمٌ"" : فَصِيحٌ، جَزْلٌ. 3.""بَيْتٌ فَخْمٌ"" : فَاخِرٌ. "
248	مِفَرٌّ		فرر		صفة			مذكر			مفرد								Tn									"مِفَرٌّ - [ف ر ر]. ""جَوَادٌ مِفَرٌّ"" : سَرِيعٌ جِدّاً.   "
249	فَرَطٌ		فرط		صفة			مذكر			مفرد								Tn									"فَرَطٌ-فَرَطٌ [ف ر ط]. 1.""رَجُلٌ فَرَطٌ"" : فَارِطٌ، أَيْ مَنْ يَسْبِقُ إِلَى الْمَاءِ يُعِدُّهُ وَيُهَيِّئُهُ. ""قَوْمٌ فَرَطٌ"". 2.""اللَّهُمَّ اجْعَلْهُ لَنَا فَرَطاً"" : أَجْراً، عَمَلاً يَتَقَدَّمُنَا حَتَّى نَرِدَ عَلَيْهِ. 3.""كَانَ أَمْرُهُ فَرَطاً"" : أَيْ مَا يُفَرِّطُ فِيهِ الإِنْسَانُ، يُضَيِّعُهُ بِتَقْصِيرِهِ وَإِهْمَالِهِ. 4."" فِي عَمَلِهِ فَرَطٌ"" : عَجَلَةٌ."
250	فُرُطٌ		فرط		صفة			مذكر			مفرد								Tn									"فُرُطٌ-فُرُطٌ [ف ر ط]. 1.""فِي حُكْمِهِ فُرُطٌ"" : ظُلْمٌ، اِعْتِدَاءٌ. 2.""مَا قَامَ بِهِ جَاءَ أَمْراً فُرُطاً"" : فِيهِ إِسْرَافٌ وَتَجَاوُزٌ لِلْحَدِّ. 3.""أَمْرٌ فُرُطٌ"" : مُضَيَّعٌ وَمَتْرُوكٌ. الكهف آية 28وَاتَّبَعَ هَوَاهُ وَكَانَ أَمْرُهُ فُرُطاً (قرآن)."
251	فُرُغٌ		فرغ		صفة			مذكر			مفرد								Tn									"فِرْغٌ-فِرْغٌ [ف ر غ] .""ذَهَبَ دَمُهُ فِرْغاً"" : هَدَراً."
252	فِرْغٌ		فرغ		صفة			مذكر			مفرد								Tn									"فُرُغٌ-فُرُغٌ [ف ر غ]. 1.""إِنَاءٌ فُرُغٌ"" : مُفْرَغٌ، خَالٍ. 2.""قَوْسٌ فُرُغٌ"" : بِغَيْرِ وَتَرٍ."
253	فَارُوقٌ		فرق		صفة			مذكر			مفرد								Tn									"فَارُوقٌ-فَارُوقٌ [ف ر ق]. 1.""حَاكِمٌ فَارُوقٌ"" : يُفَرِّقُ بَيْنَ الْحَقِّ وَالْبَاطِ"
254	فُرُقٌ		فرق		صفة			مذكر			مفرد								Tn									"فُرُقٌ-فُرُقٌ [ف ر ق]. ""رَجُلٌ فُرُقٌ"" : شَدِيدُ الفَزَعِ وَالْخَوْفِ."
255	فَرُوقَةٌ		فرق		صفة			مذكر			مفرد								Tn									"فَرُوقَةٌ-فَرُوقَةٌ [ف ر ق]. ""رَجُلٌ فَرُوقَةٌ"" : جَبَانٌ، شَدِيدُ الْخَوْفِ. ""اِمْرَأَةٌ فَرُوقَةٌ""."
256	فَرِيٌّ		فري		صفة			مذكر			مفرد	+ات		Ta	DnT	Pf			Tn									"فَرِيٌّ-فَرِيٌّ [ف ر ي]. 1.""إِنَّهُ لَأَمْرٌ فَرِيٌّ"" : لَأَمْرٌ عَجِيبٌ. مريم آية 27قَالُوا يَا مَرْيَمَ لَقَدْ جِئْتِ شَيْئاً فَرِيّاً (قرآن). 2.""مَا"
257	فَزٌّ		فزز		صفة			مذكر			مفرد	أَفْزَازٌ			DnN				Tn									". 1.""وَلَدٌ فَزٌّ"" : ضَعِيفٌ، خَفِيفٌ. 2.""صَادَ الفَزَّ"" : وَلَدُ البَقَرَةِ الوَحْشِيَّةِ."
258	أَفْزَازٌ		فزز		صفة			مذكر			جمع																	
259	فَزَّاعَةٌ		فزع		صفة			مذكر			مفرد	+ات			DnN	Pf			Tn									"فَزَّاعَةٌ - [ف ز ع]. 1.""إِنَّهُ رَجُلٌ فَزَّاعَةٌ"" : يُفْزِعُ النَّاسَ كَثِيراً. 2.""فَزَّاعَةُ الطُّيُورِ"" : تِمْثَالٌ عَلَى شَكْلِ إِنْسَانٍ مِنَ الْقَشِّ وَالثَّوْبِ يُنْصَبُ فِي الْمَزَارِعِ لِتَخْوِيفِ الطُّيُورِ وَالحْيَوَانَاتِ. "
260	فُزَعَةٌ		فزع		صفة			مذكر			مفرد								Tn									"فُزَعَةٌ-فُزَعَةٌ [ف ز ع]. ""رَجُلٌ فُزَعَةٌ"" : يَفْزَعُ مِنَ النَّاسِ كَثِيراً."
261	فَسِيحٌ		فسح		صفة			مذكر			مفرد	+ات		Ta	DnT	Pf			Tn									"فَسِيحٌ-فَسِيحٌ [ف س ح]. ""مَكَانٌ فَسِيحٌ"" : وَاسِعٌ."
262	فَسْفَاسٌ		فسفس		صفة			مذكر			مفرد								Tn									"فَسْفَاسٌ-فَسْفَاسٌ [ف س ف س]. 1.""رَجُلٌ فَسْفَاسٌ"" : شَدِيدُ الْحُمْقِ. 2.""سَيْفٌ فَسْفَاسٌ"" : كَلِيلٌ. 3. (نب) : نَبَاتٌ أَخْضَرُ يَنْبُتُ فِي الْمَجَارِي، لَهُ زَهْرَةٌ بَيْضَاءُ وَلَهُ رَائِحَةٌ خَبِيثَةٌ. "
263	فَضَضٌ		فضض		صفة			مذكر			مفرد								Tn									"فَضَضٌ-فَضَضٌ [ف ض ض]. 1.""مَاءٌ فَضَضٌ"" : مَا تَفَرَّقَ مِنْهُ عِنْدَ الاغْتِسَالِ. 2.""عُشْبٌ فَضَضٌ"" : مُتَفَرِّقٌ، مُنْتَشِرٌ."
264	فَضْفَاضَةٌ		فضفض		صفة			مذكر			مفرد								Tn									"فَضْفَاضَةٌ-فَضْفَاضَةٌ [ف ض ف ض]. 1.""سَحَابَةٌ فَضْفَاضَةٌ"" : كَثِيرَةُ الْمَاءِ. 2.""اِمْرَأَةٌ فَضْفَاضَةٌ"" : كَثِيرَةُ اللَّحْمِ طَوِيلَةُ الْجِسْمِ. 3.""دِرْعٌ فَضْفَاضَةٌ"" : وَاسِعَةٌ."
265	فَضْفَاضٌ		فضفض		صفة			مذكر			مفرد								Tn									"فَضْفَاضٌ-فَضْفَاضٌ [ف ض ف ض]. 1.""يَرْتَدِي لِبَاساً فَضْفَاضاً"": وَاسِعاً. ""عَيْشٌ فَضْفَاضٌ"". 2.""نَهْرٌ فَضْفَاضٌ"" : كَثِيرُ الْعَطَاءِ. 3.""رَجُلٌ فَضْفَاضٌ"" : كَثِيرُ العَطَاءِ."
266	فَاطِمٌ		فطم		صفة			مذكر			مفرد	+ات;		Ta	DnT	Pf			Tn									"فَاطِمٌ-فَاطِمٌ، ةٌ [ف ط م]. 1. : نَاقَةٌ فُطِمَ وَلَدُهَا عَنْهَا. 2.""فَاطِمُ"" : اِسْمُ عَلَمٍ لِلْإِنَاثِ. ""أَفَاطِمُ مَهْلاً بَعْضَ هَذَا التَّذَلُّلِ"". (امرؤ القَيس)."
267	فَظٌّ		فظظ		صفة			مذكر			مفرد	+ات;أَفْظَاظٌ		Ta	DnT	Pf			Tn									". ""رَجُلٌ فَظٌّ "" : خَشِنُ، غَلِيظُ الْجَانِبِ، سَيِّءُ الْخُلُقِ.آل عمران آية 159وَلَوْ كُنْتَ فَظّاً غَلِيظَ الْقَلْبِ لانْفَضُّوا مِنْ حَوْلِكَ (قرآن) ""تَصَرُّفَاتُهُ فَظَّةٌ""."
268	أَفْظَاظٌ		فظظ		صفة			مذكر			جمع																	
269	فَاقِعٌ		فقع		صفة			مذكر			مفرد	+ات;فَوَاقِعُ		Ta	DnT	Pf			Tn									". ""لَوْنٌ فَاقِعٌ"" : نَاصِعٌ، وَيُطْلَقُ عَلَى كُلِّ لَوْنٍ خَالِصٍ، وَإِنْ كَانَ يَغْلُبُ عَلَى اللَّوْنِ الأَصْفَرِ.البقرة آية 69إِنَّهَا بَقَرَةٌ صَفْرَاءُ فَاقِعٌ لَوْنُهَا (قرآن) ""وَعَـلاَ اصْفِرَارٌ فَاقِعٌ وُجُوهَ الْمُتَّهَمِينَ"". (ع. غلاب)"
270	فَوَاقِعُ		فقع		صفة			مذكر			جمع																Non	
271	فَالِكٌ		فلك		صفة			مذكر			مفرد	فَوَالِكُ			DnN				Tn									". ""فَتَاةٌ فَالِكٌ"" : أَي اِسْتَدَارَ ثَدْيُهَا. ""صَارَتْ مِنَ الفَوَالِكِ""."
272	فَوَالِكُ		فلك		صفة			مذكر			جمع																Non	
273	فِلاَيَةٌ		فلي		صفة			مذكر			مفرد								Tn									فَلاَّيَةٌ-فَلاَّيَةٌ [ف ل ي] (صِيغَةُ فَعَّالَة).
274	فَنَّاءٌ		فني		صفة			مذكر			مفرد								Tn									"فَنَّاءٌ-فَنَّاءٌ [ف ن ي]. ""شَجَرَةٌ فَنَّاءٌ"" : كَثِيرَةُ الأَفْنَانِ، أَيِ الأَغْصَانِ."
275	فَيْهَقٌ		فهق		صفة			مذكر			مفرد	فَيَاهِقُ			DnN				Tn									". ""فَمٌ فَيْهَقٌ"" : وَاسِعٌ. ""مَفَازَةٌ فَيْهَقٌ""."
276	فَيَاهِقُ		فهق		صفة			مذكر			جمع																Non	
277	فَاضَةٌ		فيض		صفة			مذكر			مفرد								Tn									"فَاضَةٌ-فَاضَةٌ [ف ي ض]. ""دِرْعٌ فَاضَةٌ"" : وَاسِعَةٌ."
278	فَالَ		فيل		صفة			مذكر			مفرد								Tn									"فَالَ-فَالَ [ف ي ل]. ""رَجُلٌ فَالُ الرَّأْيِ"" : ضَعِيفُهُ."
279	قُحَاحٌ		قحح		صفة			مذكر			مفرد								Tn									قُحَاحٌ-قُحَاحٌ [ق ح ح]. : خَالِصٌ مِنْ كُلِّ شَيْءٍ.
280	قُحٌّ		قحح		صفة			مذكر			مفرد	أَقْحَاحٌ			DnN				Tn									". 1.""بَدَوِيٌّ قُحٌّ"" : خَالِصٌ فِي بَدَوِيَّتِهِ. ""عَرَبِيٌّ قُحٌّ"" """
281	أَقْحَاحٌ		قحح		صفة			مذكر			جمع																	
282	قَحْمٌ		قحم		صفة			مذكر			مفرد								Tn									"قَحْمٌ - [ق ح م]. ""رَجُلٌ قَحْمٌ"" : بَلَغَ أَكْبَرَ العُمُرِ مِنَ النَّاسِ. "
283	مُقْحَمٌ		قحم		صفة			مذكر			مفرد	+ات		Ta	DnT	Pf			Tn									". ""لَفْظَةٌ مُقْحَمَةٌ فِي النَّصِّ"" : زَائِـدَةٌ، خَارِج السِّيَاقِ."
284	قَذَعٌ		قذع		صفة			مذكر			مفرد								Tn									"قَذِعٌ-قَذِعٌ [ق ذ ع] (صِيغَةُ فَعِل). ""وَلَدٌ قَذِعٌ"" : ذُو قَذَعٍ، أَيْ فَاحِشٌ فِي كَلاَمِهِ."
285	قَرَاحٌ		قرح		صفة			مذكر			مفرد	أَقْرِحَةٌ			DnN				Tn									". ""مَاءٌ قَرَاحٌ"" : الصَّافِي، الْخَالِصُ. ""مَاؤُنَا قَرَاحٌ يُقَدَّمُ إِلَيْنَا فِي إِنَاءٍ جَمِيلٍ"". (إسحق الحسيني)."
286	أَقْرِحَةٌ		قرح		صفة			مذكر			جمع																	
287	قَرِيحٌ		قرح		صفة			مذكر			مفرد	قَرْحَى			DnN				Tn									". 1.""مَاءٌ قَرِيحٌ"" : خَالِصٌ، صَافٍ. 2.""جَاءَ قَرِيحاً"" : "
288	قَرْحَى		قرح		صفة			مذكر			جمع																Non	
289	قَرَّاضَةٌ		قرض		صفة			مذكر			مفرد								Tn									"قَرَّاضَةٌ-قَرَّاضَةٌ [ق ر ض]. 1.""رَجُلٌ قَرَّاضَةٌ"" : يَغْتَابُ النَّاسَ وَيَعِيبُهُمْ. 2. : حَشَرَةٌ تَقْرِضُ الصُّوفَ."
290	قَرِيٌّ		قري		صفة			مذكر			مفرد	+ات;		Ta	DnT	Pf			Tn									"قَرِيٌّ-قَرِيٌّ، ةٌ [ق ر ي]. ""رَجُلٌ قَرِيٌّ"" : مَنْ يَقْرِي الضَّيْفَ. ""إِنَّهُ لَقَرِيٌّ، إِنَّهَا لَقَرِيَّةٌ""."
291	قُزٌّ		قزز		صفة			مذكر			مفرد								Tn									"قُزٌّ-قُزٌّ [ق ز ز]. 1.""رَجُلٌ قُزٌّ"" : مُتَقَزِّزٌ، مُتَجَنِّبٌ الْمَعَاصِيَ وَالْمَعَايِبَ. 2.""وَلَدٌ قُزٌّ"" : يَعَافُ الطَّعَامَ. 3.""شَيْءٌ قُزٌّ"" : يُتَقَزَّزُ مِنْهُ. ""ما في طَعَامِهِ قُزٌّ""."
292	قَسِيٌّ		قسو		صفة			مذكر			مفرد	+ات;قِسْيَانٌ		Ta	DnT	Pf			Tn									". 1.""كَانَ قَسِيّاً فِي مُعَامَلَتِهِ"" : قَاسِياً، صَلْباً، مُتَشَدِّداً. 2."" يَوْمٌ قَسِيٌّ"" : شَدِيدُ البَرْدِ أَوْ شَدِيدُ الْحَرِّ. 3.""عَشِيَّةٌ قَسِيَّةٌ"" : بَارِدَةٌ."
293	قِسْيَانٌ		قسو		صفة			مذكر			جمع																	
294	قِصْلٌ		قصل		صفة			مذكر			مفرد								Tn									"قِصْلٌ-قِصْلٌ [ق ص ل]. ""رَجُلٌ قِصْلٌ"" : لاَ مُرُوءةَ لَهُ وَلاَ جَلَدَ، أَوْ هُوَ أَحْمَقُ لاَ خَيْرَ فِيهِ."
295	قَصِيٌّ		قصي		صفة			مذكر			مفرد	+ات;أَقْصَاءٌ;قَصَايَا		Ta	DnT	Pf			Tn									". ""اِسْتَقَرَّ فِي مَكَانٍ قَصِيٍّ"" : بَعِيدٍ. ""فِي غُرْفَةٍ قَصِيَّةٍ كَدَّسَ الْعِيَالَ وَالنَّبَاتَ"". (عبد الحكيم قاسم) ""مَرْمىً قَصِيٌّ""."
296	أَقْصَاءٌ		قصي		صفة			مذكر			جمع																	
297	قَصَايَا		قصي		صفة			مذكر			جمع																Non	
298	قُطْرُبٌ		قطرب		صفة			مذكر			مفرد	قَطَارِبُ		Ta	DnT				Tn									"ج: قَطَارِبُ. 1.""رَجُلٌ قُطْرُبٌ"" : لِصٌّ مُتَمَكِّنٌ مِنَ اللُّصُوصِيَّةِ. 2. (حش) : دُوَيِبَّةٌ تُضِيءُ فِي اللَّيْلِ كَأَنَّهَا شُعْلَةٌ، كَثِيرَةُ الْحَرَكَةِ. 3. (نب) : نَبَاتٌ شَائ"
299	قَطَارِبُ		قطرب		صفة			مذكر			جمع																Non	
300	قَمْرَةٌ		قمر		صفة			مذكر			مفرد								Tn									"قَمْرَةٌ-قَمْرَةٌ [ق م ر]. ""لَيْلَةٌ قَمْرَةٌ"" : لَيْلَةٌ قَمْرَاءُ، يُنِيرُهَا ضَوْءُ القَمَرِ."
301	قَمْطَرِيرٌ		قمطرير		صفة			مذكر			مفرد								Tn									"قَمْطَرِيرٌ - 1."" يَوْمٌ قَمْطَرِيرٌ"" : شَدِيدٌ وَعَسِيرٌ.الإنسان آية 10 إِنَّا نَخَافُ مِنْ رَبِّنَا يَوْماً عَبُوساً قَمْطَرِيراً   ( قرآن). 2.""رَجُلٌ قَمْطَرِيرٌ"" : رَجُلٌ شَدِيدُ العُبُوسِ. "
302	قَمِنَةٌ		قمن		صفة			مذكر			مفرد								Tn									"قَمِنَةٌ-قَمِنَةٌ [ق م ن]. ""رَائِحَةٌ قَمِنَةٌ"" : مَنْتَنَةٌ، فَاسِدَةٌ."
303	قُنْزُعَةٌ		قنزعة		صفة			مذكر			مفرد	قَنَازِعُ			DnN				Tn									"ن: قَنْزَعَةٌ. ج: قَنَازِعُ. ""اِمْرَأََةٌ قُنْزُعَةٌ"" : مُفْرِطَةٌ فِي الْقِصَرِ."
304	قَنَازِعُ		قنزعة		صفة			مذكر			جمع																Non	
305	قِنْوَةٌ		قني		صفة			مذكر			مفرد								Tn									"قِنْوَةٌ-قِنْوَةٌ، قُنْوَةٌ [ق ن ي]. ""لَهُ غَنَمٌ قُنْوَةٌ"" : خَالِصَةٌ لَهُ ثَابِتَةٌ عَلَيْهِ، أَيِ اكْتَسَبَهَا."
306	مِقْوَلٌ		قول		صفة			مذكر			مفرد	مَقَاوِلُ			DnN				Tn									". 1. ""رَجُلٌ مِقْوَلٌ"" : كَثِيرُ الكَلاَمِ والقَوْلِ، لَسِنٌ. 2. ""كَانَ مِقْوَلُهُ لاذِعا"" : لِسَانُهُ."
307	مَقَاوِلُ		قول		صفة			مذكر			جمع																Non	
308	قَيِّدٌ		قيد		صفة			مذكر			مفرد								Tn									"قَيِّدٌ-قَيِّدٌ [ق ي د]. ""فَرَسٌ قَيِّدٌ"" : ذَلُولٌ، مُنْقَادٌ."
309	قَيِّمٌ		قيم		صفة			مذكر			مفرد	+ون;+ات		Ta	DnT	Pf	Pm		Tn									"قَيِّمَةٌ - [ق ي م]. 1.""أُمَّةٌ قَيِّمَةٌ"" : مُسْتَقِيمَةٌ، مُعْتَدِلَةٌ. 2.""دِينُ القَيِّمَةِ"" : أَي دِينُ الأُمَّةِ القَيِّمَةِ.  البينة آية 5وَذَلِكَ دِينُ الْقَيِّمَةِ (قرآن). 3.""كُتُبٌ قَيِّمَةٌ"" : مُسْتَقِيمَةٌ تُبَيِّنُ الحَقَّ مِنَ البَاطِلِ. "
310	مَكْبُودٌ		كبد		صفة			مذكر			مفرد								Tn									"مَكْبُودٌ-مَكْبُودٌ [ك ب د]. ""رَجُلٌ مَكْبُودٌ"" : مُصَابٌ بِدَاءِ الكَبِدِ."
311	كَتْكَاتٌ		كتكت		صفة			مذكر			مفرد	+ات;		Ta	DnT	Pf			Tn									"كَتْكَاتٌ-كَتْكَاتٌ [ك ت ك ت]. ""وَلَدٌ كَتْكَاتٌ"" : مُسْرِعٌ فِي كَلاَمِهِ، أَي يَصِلُ بَعْضَهُ بِبَعْضِهِ."
312	كُثْرٌ		كثر		صفة			مذكر			مفرد								Tn									"كُثْرٌ-كُثْرٌ [ك ث ر]. 1.""لَهُ مَالٌ كُثْرٌ"" : كَثِيرٌ. 2.""كُثْرُ الشَّيْءِ"" : مُعْظَمُهُ."
313	كُدَاسَةٌ		كدس		صفة			مذكر			مفرد								Tn									"كُدَاسَةٌ - [ك د س]. ""وَجَدَ الأَثَاثَ وَالكُتُبَ كُدَاسَةً"" : مَا تَرَاكَمَ مِنْهَا بَعْضُهُ فَوْقَ بَعْضٍ. "
314	مَكْرَمَةٌ		كرم		صفة			مذكر			مفرد	مَكَارِمُ			DnN				Tn									". 1.""رَجُلٌ مَكْرَمَةٌ"" : كَرِيمٌ. 2.""أَرْضٌ مَكْرَمَةٌ"" : صَالِحَةٌ جِدّاً للنَّبَاتِ، خِصْبَةٌ، جَيِّدَةُ التُّرْبَةِ."
315	مَكَارِمُ		كرم		صفة			مذكر			جمع																Non	
316	كَرِيٌّ		كري		صفة			مذكر			مفرد	+ات;أَكْرِيَاءُ		Ta	DnT	Pf			Tn									". 1.""وَلَدٌ كَرِيٌّ"" : نَاعِسٌ، نَائِمٌ. 2.""هُوَ الكَرِيُّ"" : الْمُكْتَرِي، الأَجِيرُ."
317	أَكْرِيَاءُ		كري		صفة			مذكر			جمع																Non	
318	كَفْءٌ		كفأ		صفة			مذكر			مفرد	أَكْفَاءٌ;كِفَاءٌ			Dz				Tn									". 1.""هُوَ كَفْءٌ لَهُ"": مِثْلُهُ، نَظِيرُهُ. 2.""مُوَظَّفٌ كَفْءٌ"" : كُفْؤٌ، مُقْتَدِرٌ."
319	كَفْأَةٌ		كفأ		صفة			مذكر			مفرد	+ات;:أَكْفَاءٌ;كِفَاءٌ			DnN	Pf			Tn									". 1.""هُوَ كَفْءٌ لَهُ"": مِثْلُهُ، نَظِيرُهُ. 2.""مُوَظَّفٌ كَفْءٌ"" : كُفْؤٌ، مُقْتَدِرٌ."
320	كُفُؤٌ		كفأ		صفة			مذكر			مفرد	أَكْفَاءٌ;كِفَاءٌ			Dz				Tn									". 1.""هُوَ كُفُؤٌ لِهَذَا العَمَلِ"" : قَادِرٌ عَلَيْهِ، مُهَيَّأٌ لَهُ، جَدِيرٌ بِهِ. 2.""مُوَظَّفٌ كُفُؤٌ"" : يَتَمَتَّعُ بِمُؤَهِّلاَتٍ، مُقْتَدِرٌ. 3.""هُوَ كُفُؤٌ لَهُ"" : نَظِيرٌ لَهُ، مِثْلُهُ.الإخلاص آية 4وَلَمْ يَكُنْ لَهُ كُفُؤاً أَحَدٌ (قرآن)."
321	أَكْفَاءٌ		كفأ		صفة			مذكر			جمع																	
322	كِفَاءٌ		كفأ		صفة			مذكر			جمع																	
323	كَفِيفٌ		كفف		صفة			مذكر			مفرد	+ون;+ات;أَكِفَّاءُ		Ta	DnT	Pf	Pm		Tn									". ""رَجُلٌ كَفِيفٌ"" : أَعْمَى. ""كَفِيفُ البَصَرِ""."
324	أَكِفَّاءُ		كفف		صفة			مذكر			جمع																Non	
325	كَفِيٌّ		كفي		صفة			مذكر			مفرد	+ات;		Ta	DnT	Pf			Tn									"كَفِيٌّ-كَفِيٌّ [ك ف ي]. 1.""رَجُلٌ كَفِيٌّ"" : يُسْتَغْنَى وَيُكْتَفَ"
326	كَلِئٌ		كلأ		صفة			مذكر			مفرد	+ات;		Ta	DnT	Pf			Tn									"كَلِئٌ-كَلِئٌ، ةٌ [ك ل أ]. ""أَرْضٌ كَلِئَةٌ"" : كَثِيرَةُ الكَلَإِ."
327	كُلْثُومٌ		كلثم		صفة			مذكر			مفرد								Tn									"كُلْثُومٌ-كُلْثُومٌ [ك ل ث م]. 1.""اِمْرَأَةٌ كُلْثُومٌ"" : مُمْتَلِئَةُ لَحْمِ الْخَدَّيْنِ وَالوَجْهِ. 2. : الْحَرِيرُ عَلَى رَأْسِ العَلَمِ. 3. ""كُلْثوم"" : اسْمُ عَلَمٍ لِلإِنَاثِ."
328	كُلْسَةٌ		كلس		صفة			مذكر			مفرد								Tn									"كُلْسَةٌ-كُلْسَةٌ [ك ل س]. ""صَارَ لَوْنُهُ كُلْس"
329	كُنْدُرٌ		كندر		صفة			مذكر			مفرد	كَنَادِرَةٌ			DnN				Tn									"ج: كَنَادِرَةٌ. ""رَجُلٌ كُنْدُرٌ"" : غَلِيظٌ وَقَصِيرٌ مَعَ شِدَّةٍ. ""فِتْيَانٌ كَنَادِرَةٌ""."
330	كَنَادِرَةٌ		كندر		صفة			مذكر			جمع																	
331	كَوْثَرٌ		كوثر		صفة			مذكر			مفرد								Tn									"كَوْثَرٌ-كَوْثَرٌ [ك و ث ر]. 1.""جَيْشٌ كَوْثَرٌ"" : عَدَدُهُ كَثِيرٌ. 2.""رَجُلٌ كَوْثَرٌ"" : رَجُلٌ سَخِيٌّ. 3.الك"
332	لُبَابٌ		لبب		صفة			مذكر			مفرد	+ات;		Ta	DnT	Pf			Tn									"لُبَابٌ-لُبَابٌ [ل ب ب]. 1.""نَسَبٌ لُبَابٌ"" : خَالِصٌ، أَصِيلٌ. ""هُوَ لُبَابُ قَوْمِهِ"" ""هِيَ لِبَابُ قَوْمِهَا"" ""هُمْ لِبَابُ قَوْمِهِمْ. 2.""لُبَابُ اللَّوْزِ"" : الثَّمَرَةُ الَّتِي تُؤْكَلُ وَهِيَ تَحْتَ القِشْرَةِ. 3.""لُبَابُ الخُبْزِ"" : مَا يَكُونُ بِدَاخِلِهِ طَرِيّاً."
333	لُبْلُبٌ		لبلب		صفة			مذكر			مفرد	+ات;		Ta	DnT	Pf			Tn									"لُبْلُبٌ-لُبْلُبٌ [ل ب ل ب]. 1. ""وَلَدٌ لُبْلُبٌ"" : يُحْسِنُ مُعَامَلَةَ أَهْلِهِ عَنْ حُبٍّ. 2.""جَارٌ لُبْلُبٌ"" : مُحْسِنٌ لِجِيرَانِهِ."
334	لُجَاجٌ		لجج		صفة			مذكر			مفرد	+ات;		Ta	DnT	Pf			Tn									"لُجَاجٌ-لُجَاجٌ [ل ج ج]. ""بَحْرٌ لُجَاجٌ"" : وَاسِعُ اللُّجِّ."
335	لُجَّةٌ		لجج		صفة			مذكر			مفرد	لُجٌّ;لَجَجٌ;لِجَاجٌ			DnN				Tn									". 1.""لُجَّةُ البَحْرِ"": مُعْظَمُهُ وَتَرَدُّدُ أَمْوَاجِهِ وَتَلاَطُمُهَا. 2.""عَالِمٌ لُجَّةٌ وَاسِعَةٌ"" : أَيْ شَبِيهٌ بِالبَحْرِ فِي سَعَتِهِ. 3.""لُجَّةُ الظَّلاَمِ"" : شِدَّةُ سَوَادِهِ. ""كَأَنَّ عَيْشَهُ لُجَّةٌ""."
336	لُجٌّ		لجج		صفة			مذكر			جمع																	
337	لَجَجٌ		لجج		صفة			مذكر			جمع																	
338	لِجَاجٌ		لجج		صفة			مذكر			جمع																	
339	لَجْلاَجٌ		لجلج		صفة			مذكر			مفرد	+ات;		Ta	DnT	Pf			Tn									"لَجْلاَجٌ-لَجْلاَجٌ [ل ج ل ج]. ""طِفْلٌ لَجْلاَجٌ"" : ثَقِيلُ اللِّسَانِ، يَتَلَعْثَمُ فِي كَلاَمِهِ."
340	لُحْنَةٌ		لحن		صفة			مذكر			مفرد								Tn									"لُحَنَةٌ-لُحَنَةٌ [ل ح ن]. ""قَارِئٌ لُحَنَةٌ"" :كَثِيرُ اللَّحْنِ، أَوْ مَنْ يُخَطِّئُ النَّاسَ كَثِيراً."
341	لَزِجٌ		لزج		صفة			مذكر			مفرد	+ات;		Ta	DnT	Pf			Tn									"لَزِجٌ، ةٌ - [ل ز ج]. ""مَادَّةٌ لَزِجَةٌ"" : مَادَّةٌ سَائِلَةٌ سَرِيعَةُ الإِلْصَاقِ. ""قَطَرَاتُ العَرَقِ عَلَى ظَاهِرِ اليَدِ سَاخِنَةٌ لَزِجَةٌ"". (عبد الحكيم قاسم). "
342	لُكَعٌ		لكع		صفة			مذكر			مفرد	+ات;		Ta	DnT	Pf			Tn									"لُكَعٌ-لُكَعٌ، ةٌ [ل ك ع]. 1.""رَجُلٌ لُكَعٌ"" : لَئِيمٌ، أَوْ أَحْمَقُ. ""اِمْرَأَةٌ لُكَعَةٌ"". 2.""وَلَدٌ لُكَعٌ"" : صَغِيرٌ."
343	لُمَزَةٌ		لمز		صفة			مذكر			مفرد								Tn									"لُمَزَةٌ-لُمَزَةٌ (مذ، مؤ) [ل م ز]. ""رَجُلٌ لُمَزَةٌ"" : عَيَّابٌ لِلنَّاسِ، يَعِيبُ النَّاسَ فِي وُجُوهِهِمْ.الهمزة آية 1 وَيْلٌ لِكُلِّ هُمَزَةٍ لُمَزَةٍ (قرآن)."
344	مَعِيٌّ		لمع		صفة			مذكر			مفرد	+ون;+ات		Ta	DnT	Pf	PmS		Tn									"أَلْمَعِيٌّ-أَلْمَعِيٌّ، ةٌ [ل م ع]. 1.""أَلْمَعِيٌّ فِي دِرَاسَتِهِ وَعَمَلِهِ"" : ذَكِيُّ، نَشِيطٌ. 2.""أَلْمَعِيٌّ مَعَ أقْرَانِهِ"" : ظَرِيفٌ، خَفِيفُ الرُّوحِ وَالحَرَكَةِ."
345	مُلَمِّعَةٌ		لمع		صفة			مذكر			مفرد								Tn									"مُلَمِّعَةٌ-مُلَمِّعَةٌ [ل م ع]. ""أَرْضٌ مُلَمِّعَةٌ"" : سَرَابُهَا مُشِعٌّ، يَلْمَعُ."
346	لَهُوٌّ		لهو		صفة			مذكر			مفرد	+ات		Ta	DnT	Pf			Tn									"لَهُوٌّ-لَهُوٌّ، ةٌ [ل هـ و]. ""رَجُلٌ لَهُوٌّ عَنِ الْخَيْرِ"" : أَيْ كَثِيرُ الإِعْرَاضِ عَنْهُ وَالتَّرْكِ لَهُ."
347	لَيْنٌ		لين		صفة			مذكر			مفرد	+ون;+ات		Ta	DnT	Pf	Pm		Tn									". ن. لَيِّنٌ. لَيِّنٌ، ةٌ - ج: ـون، ـات. [ل ي ن]. ""لَيِّنُ الْجَانِبِ"" : هَادِئ، لَطِيفُ الْمُعَاشَرَةِ، نَاعِمٌ . ""لَيِّنُ الْعَرِيكَةِ"" ""لَيِّنُ الطَّبْعِ"". "
348	مَتِينٌ		متن		صفة			مذكر			مفرد	+ات;مِتَانٌ		Ta	DnT	Pf			Tn									". 1.""شَدَّهُ بِحَبْلٍ مَتِينٍ"" : قَوِيٍّ، صَلْبٍ.""وَلَدٌ مَتِينُ العَضَلاَتِ"".2.الذاريات آية 58 إِنَّ الله هُوَ الرَّزَّاقُ ذُو القُوَّةِ الْمَتِينُ (قرآن) : مِنْ أَسْمَاءِ الله الحسنى. 3.""رَأْيٌ مَتِينٌ"" : رَأْيٌ لَهُ وَجَاهَتُهُ، قَوِيٌّ."
349	مِتَانٌ		متن		صفة			مذكر			جمع																	
350	مَجِيدٌ		مجد		صفة			مذكر			مفرد	+ون;+ات;أَمْجَادٌ		Ta	DnT	Pf	Pm		Tn									". 1.""بَطَلٌ مَجِيدٌ"" : ذُو مَجْدٍ. 2.""عَمَلٌ مَجِيدٌ"" : رَفِيعٌ، عَالٍ. 3.""هُوَ اللهُ الْمَجِيدُ"": الْمُبَجَّلُ. 4.""الكِتَابُ الْمَجِيدُ"" : القُرْآنُ الكَرِيمُ. 5.""عَبْدُ الْمَجِيدِ"": اِسْمُ عَلَمٍ مُرَكَّبٌ."
351	أَمْجَادٌ		مجد		صفة			مذكر			جمع																	
352	غَثٌّ		غثث	فَعْلٌ	صفة			مذكر			مفرد	+ات		Ta	DnT	Pf			Tn									"غَثٌّ-غَثٌّ [غ ث ث] (صف). 1.""وَاجَهَهُ بِكَلاَمٍ غَثٍّ"" : بِكَلاَمٍ فَاحِشٍ، سَاقِطٍ. 2.""لاَ يُمَيِّزُ بَيْنَ الغَثِّ وَالسَّمِينِ"" : أَيْ لاَ يُمَيِّزُ بَيْنَ الرَّدِيءِ وَالْجَيِّدِ. ""يُفْسِدُ السَّمِينَ بِالغَثِّ وَيَرْقَعُ الْجَدِيدَ بِالرَّثِّ"" (التوحيدي)."
353	مِرَّةٌ		مرر		صفة			مذكر			مفرد	مِرَرٌ;أَمْرَارٌ			DnN				Tn									".""بَطَلٌ مِرَّةٌ"" : أَيْ ذُو قُوَّةٍ وَشِدَّةٍ، ذُو حَصَافَةٍ فِي عَقْلِهِ.النجم آية 5 عَلَّمَهُ شَدِيدُ القُوَى ذُو مِرَّةٍ فَاسْتَوَى (قرآن)."
354	مِرَرٌ 		مرر		صفة			مذكر			جمع																	
355	أَمْرَارٌ		مرر		صفة			مذكر			جمع																	
356	مُزٌّ		مزز		صفة			مذكر			مفرد	+ات;		Ta	DnT	Pf			Tn									"مُزٌّ-مُزٌّ [م ز ز]. ""طَعْمٌ مُزٌّ"" : كَانَ مَا بَيْنَ الحُلْوِ وَالْحَامِضِ. ""يُحَلَّى اللَّيْمُونُ الْمُزُّ بِالسُّكَّرِ""."
357	مَسِيحٌ		مسح		صفة			مذكر			مفرد	مُسَحَاءُ;مَسْحَى			DnN				Tn									". 1.""مَسِيحٌ بِالدُّهْنِ"" : الْمَمْسُوحُ بِالدُّهْنِ. 2.""مَسِيحُ القَدَمَيْنِ"" : مُسَطَّحٌ. 3."" نَقْدٌ مَسِيحٌ"" : مُسْتَعْمَلٌ، مُتَآكِلٌ. 4.""الْمَسيحُ عَلَيْهِ السَّلاَمُ"": لَقَبُ سَيِّدِنَا عِيسَى، اليَسُوعُ. ""فَكَلَّمَهُ بِاسْمِ الرَّبِّ وَالسَّيِّدِ الْمَسِيحِ"". 5.""وَجْهٌ مَسِيحٌ"" : جَميلٌ، حَسَنٌ."
358	مُسَحَاءُ 		مسح		صفة			مذكر			جمع																Non	
359	مَسْحَى		مسح		صفة			مذكر			جمع																Non	
360	مِضْرٌ		مضر		صفة			مذكر			مفرد								Tn									"مِضْرٌ-مِضْرٌ [م ض ر]. ""ذَهَبَ دَمُهُ خِضْراً مِضْراً"" : هَدْراً."
361	مَعْمَعَانٌ		معمع		صفة			مذكر			مفرد								Tn									"مَعْمَعَانٌ-مَعْمَعَانٌ [م ع م ع]. 1.""يَوْمٌ مَعْمَعَانٌ"" : شَدِيدُ الْحَرِّ. 2.""وَصَلَ إِلَى البِلاَدِ فِي مَعْمَعَانِ الصَّيْفِ"" : فِي شِدَّةِ الْحَرِّ."
362	مَلِيسٌ		ملس		صفة			مذكر			مفرد	+ات;		Ta	DnT	Pf			Tn									"مَلِيسٌ-مَلِيسٌ [م ل س]. ""ثَوْبٌ مَلِيسٌ"" : أَمْلَسُ."
363	مَلِصٌ		ملص		صفة			مذكر			مفرد								Tn									"مَلِصٌ-مَلِصٌ [م ل ص]. ""خَيْطٌ مَلِصٌ"" : خَيْطٌ يَسْقُطُ لِمَلاَسَتِهِ وَلِينِهِ."
364	مَلِيٌّ		ملو		صفة			مذكر			مفرد								Tn									"مَلِيٌّ-مَلِيٌّ [م ل و]. ""اِنْتَظَرْتُهُ مَلِيّاً"" : مُدَّةً طَوِيلَةً مِنَ الزَّمَانِ.مريم آية 46 واهْجُرْنِي مَلِيّاً (قرآن)."
365	نَابِغٌ		نبغ		صفة			مذكر			مفرد	+ون;+ات;نَوَابِغُ		Ta	DnT	Pf	Pm		Tn									". 1.""عَالِمٌ نَابِغَةٌ"": عَظِيمُ الشَّأْنِ فِي عِلْمِهِ، ذُو مَكَانَةٍ فِي العِلْمِ. ""نَابِغٌ فِي فَنِّهِ"". 2.""كَلِمَةٌ نَابِغَةٌ"" : فَصِيحَةٌ."
366	نَوَابِغُ		نبغ		صفة			مذكر			جمع																Non	
367	نَوَابِغُ		نبغ		صفة			مذكر			جمع		نَابِغَة														Non	". ""نَوَابِغُ الفِكْرِ"" : جَهَابِذَتُهُ وَأَعْلاَمُهُ."
368	نَبْكَةٌ		نبك		صفة			مذكر			مفرد	نَبَكٌ;نِبَاكٌ			DnN				Tn									". ""أَرْضٌ نَبَكَـةٌ"" : مُلْتَوِيَةٌ، فِي صُعُودٍ وَهُبُوطٍ."
369	نَبَكٌ 		نبك		صفة			مذكر			جمع		نَبْكَةٌ															
370	نِبَاكٌ		نبك		صفة			مذكر			جمع		نَبْكَةٌ															
371	نَابِهٌ		نبه		صفة			مذكر			مفرد	+ات;نُبَهَاءُ		Ta	DnT	Pf			Tn									". 1.""نَابِهٌ فيِ عَمَلِهِ"" : مُتَيَقِّظٌ، فَطِنٌ، ذُو نَبَاهَةٍ. 2.""رَجُلٌ نَابِهٌ"" : ذُو ذِكْرٍ حَسَنٍ، شَرِيفٌ. 3.""أَمْرٌ نَابِهٌ "" : أَيْ عَظِيمٌ."
372	نُبَهَاءُ		نبه		صفة			مذكر			جمع		نَابِهٌ														Non	
373	نَبَهٌ		نبه		صفة			مذكر			مفرد	+ات;نُبَهَاءُ;أَنْبَاهٌ		Ta	DnT	Pf			Tn									". 1.""أَمْرٌ نَبَهٌ"" : أَمْرٌ وُجِدَ عَنْ غَفْلَةٍ لاَ عَنْ طَلَبٍ. ""وُجِدَتِ الضَّالَّةُ نَبَهاً"". 2.""رَجُلٌ نَبَهٌ"": شَرِيفٌ. ""قَوْمٌ نَبَهٌ"". 3.""وَلَدٌ نَبَهٌ"" : ذُو نَبَاهَةٍ وَفِطْنَةٍ. 4.""رِيَاضِيٌّ نَبَهٌ"" : مَشْهُورٌ. 5.""أَنْبَاهُ العُلَمَاءِ"" : مَشْهُوروهُمْ."
374	نُبَهَاءُ 		نبه		صفة			مذكر			جمع		نَبَهٌ														Non	
375	أَنْبَاهٌ		نبه		صفة			مذكر			جمع		نَبَهٌ															
376	نَجَائِبُ		نجب		صفة			مذكر			جمع																Non	"نَجَائِبُ-نَجَائِبُ [ن ج ب]. ن. نَجِيبٌ، ةٌ. نَجِيبٌ، ةٌ - ج: أَنْجَابٌ، نُجَبَاءُ، نَجِيبَاتٌ، نَجَائِبُ.    [ن ج ب]. (صِيغَةُ فَعِيل). 1.""رَجُلٌ نَجِيبٌ"" : نَبِيلٌ، فَاضِلٌ، كَرِيمٌ، مَنْ صَمَدَ فِي نَظَرِهِ أَوْ قَوْلِهِ أَوْ فِعْلِهِ. 2.""وَلَدٌ نَجِيبٌ"" : ذَكِيٌّ، فَطِنٌ. 3.""نَاقَةٌ نَجِيبَةٌ"" : قَوِيَّةٌ وَخَفِيفَةٌ.  

أَمْسَتْ سُعَادُ بِأَرْضٍ لاَ يُبَلِّغُهَـا


 


إِلاَّ الْعِتَاقُ النَّجِيبَاتُ الْمَرَاسِيـلُ

                                 (كعب بن زُهَير).

4.""نَجَائِبُ الْقُرْآنِ"" : أَفْضَلُهُ، مَحْضُهُ. 5.""نَجِيبٌ"" : اِسْمُ عَلَمٍ لِلْمُذَكَّرِ، ""وَنَجِيبَةُ"" : اِسْمُ عَلَمٍ للإِنَاثِ"
377	نَجَبٌ		نجب		صفة			مذكر			جمع								Tn									"نَجْبٌ-نَجْبٌ [ن ج ب] (مص. نَجَبَ). ""وَلَدٌ نَجْبٌ"" : سَخِيٌّ، كَرِيمٌ."
378	نَحْرِيرٌ		نحر		صفة			مذكر			مفرد	نَحَارِيرُ			DnN				Tn									". ""رَجُلٌ نَحْرِيرٌ"" : فَاطِنٌ، حَاذِقٌ، عَاقِلٌ. ""عَالِمٌ نَحْرِيرٌ""."
379	نَحَارِيرُ		نحر		صفة			مذكر			جمع		نَحْرِيرٌ														Non	
380	نَحِيرٌ		نحر		صفة			مذكر	نَحْرَى		مفرد	نُحَرَاءُ;نَحَائِرُ			DnN				Tn									". ""حَيَوَانٌ نَحِيرٌ"" : مَذْبُوحٌ مِنْ نَحْرِهِ."
381	نحرى		نحر		صفة			مؤنث			مفرد	نحريات			Dy	Pf											Non	
382	نُحَرَاءُ 		نحر		صفة			مذكر			جمع		نَحِيرٌ														Non	
383	نَحَائِرُ		نحر		صفة			مذكر			جمع		نَحِيرٌ														Non	
384	نَدِيٌّ		ندو		صفة			مذكر			مفرد	+ات;		Ta	DnT	Pf			Tn									"نَدِيٌّ-نَدِيٌّ، ةٌ [ن د و]. 1.""ثَوْبٌ نَدِيٌّ"" : مُبْتَلٌّ. 2.""نَدِيُّ الكَفِّ"" : كَرِيمٌ، جَوَادٌ."
385	نَذْلٌ		نذل		صفة			مذكر			مفرد	أَنْذَالٌ		Ta	DnT				Tn									". ""رَجُلٌ نَذْلٌ"" : الْخَسِيسُ، الْحَقِيرُ، الْمُحْتَقَرُ. ""سَأُسْقِطُ ذَلِكَ الْحَمْلَ، أَنَا لاَ أُرِيدُ لَهُ أَباً نَذْلاً"". (نزار قباني)."
386	أَنْذَالٌ		نذل		صفة			مذكر			جمع		نَذْلٌ															
387	نَزُوحٌ		نزح		صفة			مذكر			مفرد								Tn									"نَزُوحٌ-نَزُوحٌ [ن ز ح]. 1.""بَلَدٌ نَزُوحٌ"" : بَعِيدٌ. 2.""بِئْرٌ نَـزُوحٌ"" : مَاؤُهَا قَلِيلٌ."
388	نَزِيحٌ		نزح		صفة			مذكر			مفرد	+ات;		Ta	DnT	Pf			Tn									"نَزِيحٌ-نَزِيحٌ، ةٌ [ن ز ح]. ""نَزِيحٌ عَنْ بِلاَدِهِ"" : بَعِيدٌ."
389	نَزِرَةٌ		نزر		صفة			مذكر			مفرد								Tn									"نَزِرَةٌ-نَزِرَةٌ [ن ز ر]. ""اِمْرَأَةٌ نَزِرَةٌ"" : قَلِيلَةُ الوَلَدِ أَوِ اللَّبَنِ."
390	نَزِيعَةٌ		نزع		صفة			مؤنث			مفرد	نَزَائِعُ			DnN				Tn									". 1.""اِمْرَأَةٌ نَزِيعَةٌ"" : مُتَزَوِّجَةٌ مِنْ غَيْرِ قَوْمِهَا وَأَصْلِهَا. 2.""هِيَ فِي غُرْبَتِهَا نَزِيعَةٌ"" : مُشْتَاقَةٌ إِلَى أَهْلِهَا وَوَطَنِهَا."
391	نَزَائِعُ		نزع		صفة			مذكر			جمع		نَزِيعَةٌ														Non	
392	نَزْهٌ		نزه		صفة			مذكر			مفرد	أَنْزَاهٌ			DnN				Tn									". 1.""رَجُلٌ نَزْهٌ"" : عَفِيفٌ، بَعِيدٌ عَنِ الشُّرُورِ. 2.""مَكَانٌ نَزْهٌ"" : نَزِيهٌ، حَسَنُ الْمُنَاخِ، نَقِيُّ الْهَوَاءِ."
393	أَنْزَاهٌ		نزه		صفة			مذكر			جمع		نَزْهٌ															
394	نَسِيٌّ		نسي		صفة			مذكر			مفرد	+ات		Ta	DnT	Pf			Tn									"نَسِيٌّ-نَسِيٌّ، ةٌ [ن س ي]. 1.""رَجُلٌ نَسِيٌّ"" : كَثِيرُ النِّسْيَانِ. 2.""هُوَ نَسِيُّ قَوْمِهِ"" : لاَ يُعَدُّ فِيهِمْ لِحَقَارَتِهِ."
395	نَشَازٌ		نشز		صفة			مذكر			مفرد								Tn									"نَشَازٌ-نَشَازٌ [ن ش ز]. 1.""فِي مَكَانٍ نَشَازٍ"" : فِي مَكَانٍ مُرْتَفِعٍ. 2.""كَلِمَةٌ نَشَازٌ"" : كَلِمَةٌ نَابِيَةٌ. 3.""نَغْمَةٌ نَشَازٌ"" : أَيْ خَارِجَةٌ عَنِ اللَّحْنِ الْمُحَدَّدِ فِي نِظَامٍ مُوسِيقِيٍّ مُعَيَّنٍ. ""قَوْلٌ نَشَاز، يُثِيرُ الاشْمِئْزَاز""."
396	نَشَزٌ		نشز		صفة			مذكر			مفرد	نِشَازٌ;أَنْشَازٌ			DnN				Tn									". 1.""أَرْضٌ نَشَزٌ"" : بِهَا نُتُوءٌ. 2.""رَجُلٌ نَشَزٌ"" : قَوِيٌّ، صَلْبٌ."
397	نِشَازٌ 		نشز		صفة			مذكر			جمع		نَشَزٌ															
398	أَنْشَازٌ		نشز		صفة			مذكر			جمع		نَشَزٌ															
399	نَشِفَةٌ		نشف		صفة			مذكر			مفرد								Tn									"نَشِفَةٌ-نَشِفَةٌ [ن ش ف]. ""أَرْضٌ نَشِفَةٌ"" : مُمْتَصَّةٌ لِلْمَاءِ، أَيْ تُنَشِّفُهُ."
400	نَشِقٌ		نشق		صفة			مذكر			مفرد								Tn									"نَشِقٌ-نَشِقٌ [ن ش ق]. ""رَجُلٌ نَشِقٌ"" : إِذَا دَخَلَ فِي أَمْرٍ عَلِقَ فِيهِ لاَ يَكَادُ يَتَخَلَّصُ مِنْهُ."
401	نَاشِلَةٌ		نشل		صفة			مذكر			مفرد								Tn									"نَاشِلَةٌ-نَاشِلَةٌ [ن ش ل]. ""فَخِذٌ نَاشِلَةٌ"" : قَلِيلَةُ اللَّحْمِ."
402	نَشِمٌ		نشم		صفة			مذكر			مفرد	+ات;		Ta	DnT	Pf			Tn									"نَشِمٌ-نَشِمٌ، ةٌ [ن ش م]. 1.""ثَوْرٌ نَشِمٌ"" : فِيهِ نُقَطٌ سُودٌ وَنُقَطٌ بِيضٌ. 2.""يَدٌ نَشِمَةٌ"" : عَلِقَتْ بِهَا رَائِحَةٌ كَرِيهَةٌ."
403	نُضَارٌ		نضر		صفة			مذكر			مفرد								Tn									"نُضَارٌ-نُضَارٌ [ن ض ر]. 1.""ذَهَبٌ نُضَارٌ"" : ذَهَبٌ خَالِصٌ. 2.""وَجْهٌ نُضَارٌ"" : صَافٍ، حَسَنٌ، جَمِيلٌ."
404	نِضْوٌ		نضو		صفة			مذكر			مفرد	أَنْضَاءٌ			DnN				Tn									". ""حَيَوَانٌ نِضْوٌ"" : مَهْزُولٌ، ضَعِيفٌ."
405	أَنْضَاءٌ		نضو		صفة			مذكر			جمع		نِضْوٌ														Non	
406	نَطْسٌ		نطس		صفة			مذكر			مفرد								Tn									"نَطْسٌ-نَطْسٌ [ن ط س]. ""عَالِمٌ نَطْسٌ"" : مُدَقِّقٌ فِي الأُمُورِ، بَعِيدُ النَّظَرِ. وَيُقَالُ أَيْضاً"" : نَطُسٌ، نَطِسٌ."
407	نَعِيٌّ		نعي		صفة			مذكر			مفرد	نَعَايَا		Ta	DnT				Tn									". ""جَاءَ النَّعِيُّ بِالخَبَرِ الْمُفْجِعِ"": مَنْ يَحْمِلُ خَبَرَ الْمَوْتِ، النَّاعِي."
408	نَعَايَا		نعي		صفة			مذكر			جمع		نَعِيٌّ														Non	
409	نَفَشٌ		نفش		صفة			مذكر			مفرد								Tn									"نَفَشٌ-نَفَشٌ [ن ف ش]. 1.""عَزَلَ النَّفَشَ"" : الصُّوف أَوِ الْقُطْن الْمَنْفُوش. 2.""بَاتَتْ غَنَمُهُ نَفَشاً"" : مُنْتَشِرَةً، مُتَفَرِّقَةً. 3.""بَلَدٌ ذُو نَفَشٍ"" : مُخْصِبٌ. 4.""غَنَمٌ نَفَشٌ"" : يَرْعَى لَيْلاً بِلاَ رَاعٍ."
410	نَوْفَلٌ		نفل		صفة			مذكر			مفرد								Tn									"نَوْفَلٌ-نَوْفَلٌ [ن ف ل]. 1.""رَجُلٌ نَوْفَلٌ"" : كَرِيمٌ، مِعْطَاءٌ. 2.""وَلَدٌ نَوْفَلٌ"" : جَمِيلٌ. 3. ""نَوْفَل"" : اِسْمُ عَلَمٍ لِلْمُذَكَّرِ."
411	نَفِيٌّ		نفي		صفة			مذكر			مفرد	+ون;+ات		Ta	DnT	Pf	PmS		Tn									"نَفِيٌّ-نَفِيٌّ [ن ف ي]. 1.""نَفِيٌّ مِنْ وَطَنِهِ"" : الْمَنْفِيُّ، الْمُبْعَدُ. 2.""نَفِيُّ الرِّيحِ"" : نُفَايَتُهُ، أَيْ مَا"
412	نَقِيرٌ		نقر		صفة			مذكر			مفرد	أَنْقِرَةٌ			DnN				Tn									". 1. : مَا نُقِرَ مِنَ الْحَجَرِ أَوِ الْخَشَبِ وَنَحْوِهِ. 2.""لاَيَمْلِكُ شَرْوَى نَقِيرٍ"" : لاَيَمْلِكُ شَيْئاً، أَيْ هُوَ فَقِيرٌ."
413	أَنْقِرَةٌ		نقر		صفة			مذكر			جمع		نَقِيرٌ															
414	نِقْلَةٌ		نقل		صفة			مذكر			مفرد	نِقَلٌ			DnN				Tn									". ""اِمْرَأَةٌ نِقْلَةٌ"" : تُتْرَكُ وَلا تُخْطَبُ لِكِبَرِها."
415	نِقَلٌ		نقل		صفة			مذكر			جمع		نِقْلَةٌ															
416	نَقِيٌّ		نقو		صفة			مذكر			مفرد	+ون;+ات;أَنْقِيَاءُ		Ta	DnT	Pf	PmS		Tn									". 1.""مَاءٌ نَقِيٌّ"" : صَافٍ، خَالِصٌ. 2.""أَثْوَابٌ نَقِيَّةٌ"" : نَظِيفَةٌ."
417	أَنْقِيَاءُ		نقو		صفة			مذكر			جمع		نَقِيٌّ														Non	
418	نَاهِجٌ		نهج		صفة			مذكر			مفرد	+ات;		Ta	DnT	Pf			Tn									"نَاهِجٌ، ةٌ - [ن هـ ج]. 1.""طَرِيقٌ نَاهِجٌ"" : سَالِكٌ، وَاضِحٌ. 2.""طَرِيقَةٌ نَاهِجَةٌ"" : وَاضِحَةٌ، بَيِّنَةٌ. "
419	نُوَمَةٌ		نوم		صفة			مذكر			مفرد								Tn									"نُوَمَةٌ-نُوَمَةٌ [ن و م]. 1.""رَجُلٌ نُوَمَةٌ"" : كَثِيرُ النَّوْمِ. 2.""وَلَدٌ نُوَمَةٌ"" : خَامِلٌ، كَسُولٌ. 3.""وَجَدَهُ نُوَمَةً بَعْدَ مُعَاشَرَةٍ"" : مُغَفَّلاً، لاَ يُؤْبَهُ بِهِ."
420	نُومَةٌ		نوم		صفة			مذكر			مفرد								Tn									"نُومَةٌ-نُومَةٌ [ن و م]. ""رَجُلٌ نُومَةٌ"" : لاَ يُهْتَمُّ بِهِ، لاَ يُؤْبَهُ بِهِ، مُغَفَّلٌ."
421	نَوِيٌّ		نوي		صفة			مذكر			مفرد	+ات;		Ta	DnT	Pf			Tn									"نَوِيٌّ-نَوِيٌّ، ةٌ [ن و ي]. 1.""هُوَ نَوِيُّهُ"" : رَفِيقُهُ فِي السَّفَرِ. 2.""صَاحِبٌ نَوِيٌّ"" : أَيْ هُوَ صَاحِبٌ، نِيَّتُهُ نِيَّتُكَ."
422	نِيْءٌ		نيأ		صفة			مذكر			مفرد								Tn									"نِيْءٌ-نِيْءٌ [ن ي أ]. 1.""لَحْمٌ نِيْءٌ"" : لَمْ يَنْضُجْ بَعْدُ. 2.""لَبَنٌ نِيْءٌ"" : مَحْضٌ."
423	نِيْأة		نيأ		صفة			مذكر			مفرد	+ات;			DnN	Pf			Tn									
424	هَبْهَابٌ		هبهب		صفة			مذكر			مفرد								Tn									"هَبْهَابٌ-هَبْهَابٌ [هـ ب هـ ب]. 1.""جَمَلٌ هَبْهَابٌ"" : سَرِيعٌ. 2.""ذِئْبٌ هَبْهَابٌ"" : صَيَّاحٌ. 3.""هَبْهَابُ الصَّحْرَاءِ"" : سَرَابُهَا."
425	هُجَأَةٌ		هجأ		صفة			مذكر			مفرد								Tn									"هُجَأَةٌ-هُجَأَةٌ [هـ ج أ]. ""رَجُلٌ هُجَأَةٌ"" : أَحْمَقُ. ""اِمْرَأَةٌ هُجَأَةٌ""."
426	هِجَانٌ		هجن		صفة			مذكر			مفرد	هُجُنٌ;هَجَائِنُ			DnN				Tn									". 1.""رَجُلٌ هِجَانٌ"" : كَرِيمُ الْحَسَبِ وَالنَّسَبِ. 2.""اِمْرَأَةٌ هِجَانٌ"" : عَقِيلَةُ قَوْمِهَا. 3.""أَرْضٌ هِجَانٌ"" : كَرِيمَةُ التُّرْبَةِ، خِصْبَةٌ."
427	هُجُنٌ		هجن		صفة			مذكر			جمع		هِجَانٌ															
428	هَجَائِنُ		هجن		صفة			مذكر			جمع		هِجَانٌ														Non	
429	هَدِيٌّ		هدي		صفة			مذكر			مفرد	+ات;		Ta	DnT	Pf			Tn									"هَدِيٌّ-هَدِيٌّ [هـ د ي]. 1.""رَجُلٌ هَدِيٌّ"" : مُحْتَرَمٌ. 2.""زَفَّ الْهَدِيَّ إِلَى زَوْجِهَا"" : الْعَرُوسَ. 3.""قَدَّمَ الْهَدِيَّ"" : الْهَدْي، مَا يُهْدَى إِلَى الْحَرَمِ مِنَ النّ"
430	هُزَأَةٌ		هزأ		صفة			مذكر			مفرد								Tn									"هُزْأَةٌ-هُزْأَةٌ [هـ ز أ]. ""رَجُلٌ هُزْأَةٌ"" : أَيْ يُهْزَأُ مِنْهُ. ""كَانَ هُزْأَةً بَيْنَ النَّاسِ""."
431	هِزَبْرٌ		هزبر		صفة			مذكر			مفرد	هَزَابِرُ			DnN				Tn									". 1.""زَأَرَ الْهِزَبْرُ"" : الأَسَدُ. 2.""رَجُلٌ هِزَبْرٌ"" : ضَخْمٌ، غَلِيظٌ."
432	هَزَابِرُ		هزبر		صفة			مذكر			جمع		هِزَبْرٌ														Non	
433	هَيْشَرٌ		هشر		صفة			مذكر			مفرد	هَيَاشِرُ			DnN				Tn									". 1.""رَجُلٌ هَيْشَرٌ"" : رَخْوٌ، ضَعِيفٌ طَوِيلٌ. 2. (نب) : نَبَاتٌ مِنْ فَصِيلَةِ الْمُرَكَّبَاتِ، مُعَمِّرٌ وَشَائِكٌ، لَهُ س"
434	هَيَاشِرُ		هشر		صفة			مذكر			جمع		هَيْشَرٌ														Non	
435	هَشِيمَةٌ		هشم		صفة			مذكر			مفرد								Tn									"هَشِيمَةٌ-هَشِيمَةٌ [هـ ش م]. 1.""أَرْضٌ هَشِيمَةٌ"" : أَشْجَارُهَا يَابِسَةٌ. 2.""شَجَرَةٌ هَشِيمَةٌ"" : يَابِسَةٌ."
436	هِضَبٌّ		هضب		صفة			مذكر			مفرد								Tn									"هِضَبٌّ-هِضَبٌّ [هـ ض ب]. 1.""هُوَ هِضَبٌّ"" : صَلْبٌ شَدِيدٌ. 2.""جَوَادٌ هِضَبٌّ"" : كَثِيرُ الْعَرَقِ."
437	هَاضُومٌ		هضم		صفة			مذكر			مفرد	هَوَاضِيمُ			DnN				Tn									". ""دَوَاءٌ هَاضُومٌ"" : أَيْ مُسَاعِدٌ عَلَى هَضْمِ الطَّعَامِ."
438	هَوَاضِيمُ		هضم		صفة			مذكر			جمع		هَاضُومٌ														Non	
439	هُزْهُزٌ		هزهز		صفة			مذكر			مفرد								Tn									"هُزْهُزٌ - [هـز هـ ز]. 1.""مَاءٌ هُزْهُزٌ"" : صَافٍ وَيَهْتَزُّ مِنْ جَرَّاءِ صَفَائِهِ. 2.""بِئْرٌ هُزْهُزٌ"" : بَعِيدَةُ الْغَوْرِ. 3.""عَيْنٌ هُزْهُـزٌ"" : غَزِيرَةٌ. "
440	هِطْلٌ		هطل		صفة			مذكر			مفرد	+ات;		Ta	DnT	Pf			Tn									"هِطْلٌ - [هـ ط ل]. 1.""رَجُلٌ هِطْلٌ"" : أَهْوَجُ، أَحْمَقُ. 2.""ضَبَطُوا الْهِطْلَ"" : اللِّصَّ. 3.""حَيَوَانٌ يُشْبِهُ الْهِطْلَ"" : الذِّئْبَ. "
441	هِفٌّ		هفف		صفة			مذكر			مفرد	+ات		Ta	DnT	Pf			Tn									"هِفٌّ - [هـ ف ف]. 1.""زَرْعٌ هِفٌّ"" : أَيْ زَرْعٌ يُؤَخَّرُ حَصَادُهُ فَيَنْتَشِرُ حَبُّهُ. 2.""سَحَابٌ هِفٌّ"" : قَلِيلُ الْمَطَرِ. 3.""رَجُلٌ هِفٌّ"" : خَفِيفٌ. 4.""جَوْزٌ هِفٌّ"" : خَفِيفٌ لاَشَيْءَ فِي جَوْفِهِ"
442	يَهْفُوفٌ		هفف		صفة			مذكر			مفرد	يَهَافِيفُ			DnN				Tn									". 1.""وَلَدٌ يَهْفُوفٌ"": أَحْمَقُ. 2.""رَجُلٌ يَهْفُوفٌ"" : جَبَانٌ. 3.""أَرْضٌ يَهْفُوفٌ"" : قَفْرٌ، خَالِيَةٌ لاَ نَبْتَ فِيهَا."
443	يَهَافِيفُ		هفف		صفة			مذكر			جمع		يَهْفُوفٌ														Non	
444	هَفْهَافٌ		هفهف		صفة			مذكر			مفرد	+ات;		Ta	DnT	Pf			Tn									"هَفْهَافٌ، ةٌ - [هـ ف هـ ف]. 1.""اِمْرَأَةٌ هَفْهَافَةٌ"" : ضَامِرَةُ الْبَطْنِ، دَقِيقَةُ الْخَصْرِ. 2.""ثَوْبٌ هَفْهَافٌ"" : رَقِيقٌ شَفَّافٌ. 3.""ظِلٌّ هَفْهَافٌ"" : بَارِدٌ تَهُبُّ فِيهِ الرِّيحُ فَيُسْمَعُ صَوْتُ هُبُوبِهَا. 4.""غُرْفَةٌ هَفْهَافَةٌ"" : بَارِدَةٌ"
445	هِلٌّ		هلل		صفة			مذكر			مفرد	+ات;		Ta	DnT	Pf			Tn									"هَلٌّ-هَلٌّ [هـ ل ل]. 1.""ثَوْبٌ هَلٌّ"" : شَفَّافٌ، رَقِيقٌ. 2.""شَعْرٌ هَلٌّ"" : خَفِيفٌ، رَقِيقٌ."
446	هَلْهَالٌ		هلهل		صفة			مذكر			مفرد								Tn									"هَلْهَالٌ-هَلْهَالٌ [هـ ل هـ ل]. 1.""ثَوْبٌ هَلْهَالٌ"" : رَقِيقٌ. 2.""شَعْرٌ هَلْهَالٌ"" : ضَعِيفٌ."
447	هِمْلٌ		همل		صفة			مذكر			مفرد	+ات;		Ta	DnT	Pf			Tn									"هِمْلٌ-هِمْلٌ [هـ م ل]. 1.""ثَوْبٌ هِمْلٌ"" : مُرَقَّعٌ. 2.""جَاءَ مُرْتَدِياً هِمْلاً"" : كِسَاءً مِنْ صُوفٍ أَحْمَرَ."
448	هَمَلٌ		همل		صفة			مذكر			مفرد	+ات;		Ta	DnT	Pf			Tn									"هَمَلٌ-هَمَلٌ، ةٌ [هـ م ل]. 1.""مَاشِيَةٌ هَمَلَةٌ"" : أَيْ مُهْمَلَةٌ، مَتْرُوكَةٌ لَيْلاً وَنَهَاراً بِلاَ رِعايَةٍ وَلاَ عِنايَةٍ. 2.""صارَ الْمَاءُ هَمَلاً"": أَيْ سَائِلاً لاَ مانِعَ يَحْجُزُهُ. 3.""هَمَلُ النَّخْلَةِ"" : لِيفُهَا الَّذِي يُنْزَعُ مِنْهَا."
449	هُمَامٌ		همم		صفة			مذكر			مفرد								Tn									"هُمَامٌ-هُمَامٌ [هـ م م]. 1.""السَّيِّدُ الْهُمَامُ"" : السَّيِّدُ الشُّجَاعُ، السَّخِيُّ. 2.""إِنَّهُ الْهُمَامُ فِي عَرِينِهِ"" : الْأَسَدُ. 3.""هُمَامُ الثَّلْجِ"" : مَا سَالَ مِنْهُ إِذَا ذَابَ. 4.""هُمَام"" : اِسْمُ عَلَمٍ لِلْمُذَكَّرِ."
450	هِمٌّ		همم		صفة			مذكر			مفرد	أَهْمَامٌ			DnN				Tn									". 1.""رَجُلٌ هِمٌّ"" : شَيْخٌ كَبِيرٌ هَرِمٌ. 2.""وَلَدٌ هِمٌّ"" : رَقِيقٌ، نَحِيفٌ. 3.""قَدَحٌ هِمٌّ"" : قَدِيمٌ، مُتَكَسِّرٌ."
451	أَهْمَامٌ		همم		صفة			مذكر			جمع		هِمٌّ															
452	هَمْهَامٌ		همهم		صفة			مذكر			مفرد	+ات;		Ta	DnT	Pf			Tn									"هَمْهَامٌ-هَمْهَامٌ، ةٌ [هـ م هـ م]. ""رَجُلٌ هَمْهَامٌ"" : شُجَاعٌ، سَخِيٌّ."
453	هَنِيءٌ		هنأ		صفة			مذكر			مفرد								Tn									"هَنِيءٌ-هَنِيءٌ [هـ ن أ]. 1.""طَعَامٌ هَنِيءٌ"" : سَائِغٌ. 2.""كُلْهُ هَنِيئاً مَرِيئاً"" : أَيْ مُسْتَسَاغاً بِلاَ مَشَقَّةٍ، وَهُوَ دُعَاءٌ لِلأَكْلِ. 3.""هَنِيئاً لَكَ بِالنَّجَاحِ"" : لِيَكُنْ نَجَاحُكَ نَجَاحاً يُفْرِحُكَ وَيَبْعَثُ السُّرُورَ."
454	هَنِيئة		هنأ		صفة			مذكر			مفرد	+ات			DnN	Pf			Tn									
455	هَوْفٌ		هوف		صفة			مذكر			مفرد								Tn									"هُوفٌ-هُوفٌ [هـ و ف]. 1.""هُوفُ الصَّيْفِ"" : رِيحُهُ الْحَارَّةُ. 2.""هُوفُ الشِّتَاءِ"" : رِيحُهُ البَارِدَةُ. 3.""رَجُلٌ هُوفٌ"" : جَبَانٌ لاَ خَيْرَ فِيهِ. 4.""وَلَدٌ هُوفٌ"" : أَحْمَقُ."
456	هَوْمٌ		هوم		صفة			مذكر			مفرد								Tn									"هَوْمٌ-هَوْمٌ [هـ و م]. 1.""نَوْمُهُ هَوْمٌ"" : خَفِيفٌ. 2.""هَوْمُ الْمَجُوسِ"" (نب). : نَبَاتٌ مِنْ فَصِيلَةِ الصَّلِيبِيَّاتِ، أَوْرَاقُهُ تُشْبِهُ أَوْرَاقَ اليَاسَمِينَ، طَعْمُهُ مَا بَيْنَ الْحَلاَوَةِ وَالحِدَّةِ، وَهُوَ أَنْوَاعٌ، وَأَجْوَدُهُ مَا عَلَتْ زَهْرَهُ صُفْرَةٌ، يُسْتَخْرَجُ مِنْهُ دَوَاءٌ يُفَتِّتُ الْحَصَاةَ فِي الكُلْيَةِ وَيُدِرُّ البَوْلَ."
457	مَهِينٌ		هون		صفة			مذكر			مفرد	+ات;مُهَنَاءُ		Ta	DnT	Pf			Tn									". ""رَجُلٌ مَهِينٌ"": حَقِيرٌ، ذَلِيلٌ. ""قَدْ قِيلَ: لاَ تَحْتَقِرَنَّ الْعَدُوَّ الضَّعِيفَ الْمَهِينَ"". (ابن المقفع)."
458	مُهَنَاءُ		هون		صفة			مذكر			جمع		مَهِينٌ														Non	
459	هَيِّنٌ		هون		صفة			مذكر			مفرد	+ون;+ات		Ta	DnT	Pf	Pm		Tn									"هَيِّنٌ-هَيِّنٌ [هـ و ن]. 1.""سُلُوكٌ هَيِّنٌ"" : حَقِيرٌ. 2.""رَجُلٌ هَيِّنٌ"" : وَقُورٌ مُتَسَامِحٌ. 3.""عَمَلٌ هَيِّنٌ"" : سَهْلٌ، يَسِيرٌ. النور آية 15وَتَحْسَبُونَهُ هَيِّناً وَهُوَ عِنْدَ اللَّهِ عَظِيم. (قرآن)."
460	مَهِيبٌ		هيب		صفة			مذكر			مفرد	+ات		Ta	DnT	Pf			Tn									"مَهِيبٌ-مَهِيبٌ [هـ ي ب]. ""شَيْخٌ مَهِيبٌ"" : مَنْ يَخَافُهُ النَّاسُ. ""مَهِيبُ الطَّلْعَةِ"" ""إِنْ كَانَ مَهِيباً فَفِي الرِّجَالِ مَنْ هُوَ أَهْيَبُ""."
461	هَيْقٌ		هيق		صفة			مذكر			مفرد	+ات;أَهْيَاقٌ;هُيُوقٌ		Ta	DnT	Pf			Tn									". 1.""اِمْرَأَةٌ هَيْقَةٌ"" : دَقِيقَةٌ وَمُفْرِطَةٌ فِي الطُّولِ. وَمَا لَيْلَى مِنَ الْهَيْقَاتِ طُـولا*وَلاَ لَيْلَى مِنَ الْحَـذَفِ القِصَار2. : ذَكَرُ النَّعَامِ، سُمِّيَ بِذَلِكَ لِطُولِهِ."
462	أَهْيَاقٌ 		هيق		صفة			مذكر			جمع		هَيْقٌ															
463	هُيُوقٌ		هيق		صفة			مذكر			جمع		هَيْقٌ															
464	وَأْبٌ		وأب		صفة			مذكر			مفرد	+ات;أَوْآبٌ		Ta	DnT	Pf			Tn									". 1.""حَافِرٌ وَأْبٌ"" : شَدِيدٌ، مُنْضَمُّ السَّنَابِكِ. 2.""قَدَحٌ وَأْبٌ"" : ضَخْمٌ وَوَاسِعٌ. ""قِدْرٌ وَأْبَةٌ خَاصَّةٌ بِالضُّيُوفِ"". 3.""اِمْرَأَةٌ وَأْبَةٌ"" : قَصِيرَةٌ وَعَرِيضَةٌ. 4.""بِئْرٌ وَأْبَةٌ"" : وَاسِعَةٌ، بَعِيدَةُ القَعْرِ."
465	أَوْآبٌ		وأب		صفة			مذكر			جمع		وَأْبٌ															
466	وَثْبَى		وثب		صفة			مذكر			مفرد	+ات			Dy	Pf											Non	"وَثْبَى-وَثْبَى [و ث ب]. ""نَاقَةٌ وَثْبَى"" : سَرِيعَةُ الوُثُوبِ، القَفْزِ. ""فَرَسٌ وَثْبَى""."
467	وَجَنٌ		وجن		صفة			مذكر			مفرد								Tn									"وَجَنٌ-وَجَنٌ [و ج ن]. ""مَكَانٌ وَجَنٌ"" : أَيْ مَكَانٌ صَلْبٌ ذُو حِجَارَةٍ."
468	وِجَاهٌ		وجه		صفة			مذكر			مفرد								Tn									"وِجَاهٌ-وِجَاهٌ [و ج هـ]. 1. ""لَقِيتُهُ وِجَاهاً"" : لَقِيتُهُ وَجْهاً لِوَجْهِ. 2. ""وِجَاهَ السَّاعَةِ الوَاحِدَةِ"" : حَوَالَيْ."
469	مَوْحُوشَةٌ		وحش		صفة			مذكر			مفرد								Tn									"مَوْحُوشَةٌ-مَوْحُوشَةٌ [و ح ش]. ""أَرْضٌ مَوْحُوشَةٌ"" : كَثِيرَةُ الوَحْشِ."
470	وَحْشَةٌ		وحش		صفة			مذكر			مفرد								Tn									"وَحْشَةٌ-وَحْشَةٌ [و ح ش]. 1.""وَجَدَ نَفْسَهُ فِي أَرْضٍ وَحْشَةٍ"" : فِي أَرْضٍ قَفْرٍ مُسْتَوْحَشَةٍ. 2.""اِنْعَزَلَ فِي وَحْشَةٍ"" : فِي خُلْوَةٍ. 3.""وَحْشَةُ القَبْرِ"" :"
471	وَدَجٌ		ودج		صفة			مذكر			مفرد	أَوْدَاجٌ			DnN				Tn									". ""وَدَجُ العُنُقِ"" : عِرْقٌ فِي العُنُقِ يَنْتَفِخُ عِنْدَ الغَضَبِ، وَهُمَا وَدَجَانِ. ""اِنْتَفَخَتْ أَوْدَاجُهُ""."
472	أَوْدَاجٌ		ودج		صفة			مذكر			جمع		وَدَجٌ															
473	وَخْمَةٌ		وخم		صفة			مذكر			مفرد								Tn									"وَخْمَةٌ - [و خ م]. ""أَرْضٌ وَخْمَةٌ"" : وَبِيئَةٌ. "
474	وَسْمِيٌّ		وسم		صفة			مذكر			مفرد	+ات;		Ta	DnT	Pf			Tn									"وَسْمِيٌّ-وَسْمِيٌّ [و س م]. ""مَطَرُ الوَسْمِيِّ"" : أَوَّلُ مَطَرِ الرَّبِيعِ."
475	وَسْنَانٌ		وسن		صفة			مذكر			مفرد								Tn									"وَسْنَانٌ-وَسْنَانٌ [و س ن]. ""رَجَلٌ وَسْنَانٌ"" : نَاعِسٌ، أَي الَّذِي غَلَبَهُ النُّعَاسُ."
476	وَشْوَاشٌ		وشوش		صفة			مذكر			مفرد								Tn									"وَشْوَاشٌ-وَشْوَاشٌ [و ش و ش]. ""وَلَدٌ وَشْوَاشٌ"" : سَرِيعٌ، خَفِيفٌ، وَشْوَشٌ."
477	وَشْوَشٌ		وشوش		صفة			مذكر			مفرد								Tn									"وَشْوَشٌ-وَشْوَشٌ [و ش و ش]. ""وَلَدٌ وَشْوَشٌ"" : سَرِيعٌ، خَفِيفٌ، وَشْوَاشٌ."
478	وَفِيٌّ		وفي		صفة			مذكر			مفرد	+ون;+ات;أَوْفِيَاءُ		Ta	DnT	Pf	PmS		Tn									". 1.""عَمَلٌ وَفِـيٌّ"" : تَامٌّ. 2.""صَدِيقٌ وَفِيٌّ"" : مُخْلِصٌ، مُلْتَزِمٌ بِالوَفَاءِ وَالإِخْلاَصِ، كَثِيرُ الوَفَاءِ."
479	أَوْفِيَاءُ		وفي		صفة			مذكر			جمع		وَفِيٌّ														Non	
480	وَهْدٌ		وهد		صفة			مذكر			مفرد	أَوْهُدٌ;وُهْدَانٌ			DnN				Tn									". ""مَكَانٌ وَهْدٌ"" : مُنْخَفِضٌ، بِهِ هُوَّةٌ."
481	أَوْهُدٌ 		وهد		صفة			مذكر			جمع		وَهْدٌ															
482	وُهْدَانٌ		وهد		صفة			مذكر			جمع		وَهْدٌ															
483	وَهْنَانَةٌ		وهن		صفة			مذكر			مفرد								Tn									"وَهْنَانَةٌ-وَهْنَانَةٌ [و هـ ن]. ""اِمْرَأَةٌ وَهْنَانَةٌ"" : كَسْلَى عَنِ العَمَلِ تَنَعُّماً وَتَبَخْتُراً."
484	وَهْوَاهٌ		وهوه		صفة			مذكر			مفرد								Tn									"وَهْوَاهٌ-وَهْوَاهٌ [و هـ و هـ]. 1.""فَرَسٌ وَهْوَاهٌ"" : نَشِيطٌ، حَدِيدٌ، مُتَحَفِّزٌ، نَزِقٌ، وَهْوَهٌ. 2.""رَجُلٌ وَهْوَاهٌ"" : جَبَانٌ. 3.""أَسَدٌ وَهْوَاهٌ"" : زَائِرٌ."
485	وَهْوَهٌ		وهوه		صفة			مذكر			جمع								Tn									"وَهْوَهٌ-وَهْوَهٌ [و هـ و هـ]. ""فَرَسٌ وَهْوَهٌ"" : نَشِيطٌ، حَدِيدٌ، مُتَحَفِّزٌ، نَزِقٌ، وَهْواهٌ."
486	يَبَابٌ		يبب		صفة			مذكر			مفرد								Tn									"يَبَابٌ-يَبَابٌ [ي ب ب]. 1.""اِنْتَهَتِ الْحَرْبُ وَبَقِيَتِ الْمَدِينَةُ يَبَاباً"" : خَرَاباً. 2.""وَجَدُوا الْقَرْيَةَ يَبَاباً "" : مَهْجُورَةً. ""الأَرْضُ اليَبَابُ""."
487	يَبَسَةٌ		يبس		صفة			مذكر			مفرد								Tn									"يَبَسَةٌ-يَبَسَةٌ [ي ب س]. ""أَتَانٌ يَبَسَةٌ"" : ضَامِرَةٌ، يَابِسَةٌ."
488	يَبْسَةٌ		يبس		صفة			مذكر			مفرد								Tn									"يَبْسَةٌ-يَبْسَةٌ [ي ب س]. ""أَتَانٌ يَبْسَةٌ"" : ضَامِرَةٌ، يَابِسَةٌ."
489	يَبَسٌ		يبس		صفة			مذكر			مفرد	أَيْبَاسٌ			DnN				Tn									". 1.""أَرْضٌ يَبَسٌ"" : صُلْبَةٌ، شَدِيدَةٌ. 2.""مَكَانٌ يَبَسٌ"" : يَابِسٌ، كَانَ فِيهِ مَاءٌ فَذَهَبَ. طه آية 77فَاضْرِبْ لَهُمْ طَرِيقاً فِي ال"
490	أَيْبَاسٌ		يبس		صفة			مذكر			جمع		يَبَسٌ															
491	يَسِيرٌ		يسر		صفة			مذكر			مفرد	+ات		Ta	DnT	Pf			Tn									"يَسِيرٌ-يَسِيرٌ [ي س ر]. 1.""طَعَامٌ يَسِيرٌ"" : قَلِيلٌ. ""مَنْ طَلَبَ الْكَثِيرَ أَضَاعَ الْيَسِيرَ"". 2.""عَمَلٌ يَسِيرٌ"" : سَهْلٌ، لَيِّنٌ. ""مَا دَخَلَ عَسِيراً لَمْ يَخْرُجْ يَسِيراً"".(ابن حزم) l ""ضَرَبَهُ ضَرْباً يَسِيراً""."
492	يَفَعٌ		يفع		صفة			مذكر			مفرد	أَيْفَاعٌ			DnN				Tn									". ""وَلَدٌ يَفَعٌ"" : يَافِعٌ، بَالِغٌ سِنَّ الْبُلُوغِ، مُتَرَعْرِعٌ."
493	أَيْفَاعٌ		يفع		صفة			مذكر			جمع		يَفَعٌ															
494	يَلَقٌ		يلق		صفة			مذكر			مفرد								Tn									"يَلَقٌ-يَلَقٌ [ي ل ق]. ""بَقَرٌ يَلَقٌ"" : أَبْيَضُ، وَتُطْلَقُ عَلَى الْبِيضِ مِنَ الْبَقَرِ. ""يَلَقٌ أَبْيَضُ""."
495	أَيَلٌّ		يلل		صفة			مذكر			مفرد																Non	"أَيَلُّ-أَيَلُّ [ي ل ل]. "" وَلَدٌ أَيَلُّ "" : أَسْنَانُهُ قَصِيرَةٌ مُلْتَزِقَةٌ مُقْبِلَةٌ عَلَى دَاخِلِ الْفَمِ."
496	مِبْدان		يلل		صفة			مذكر			مفرد	+ات		Ta	DnT	Pf			Tn									رجل مبدان
497	حابِلَةٌ		حبل		صفة			مذكر			مفرد	+ات;حَبَلَةٌ			DnN	Pf			Tn									". ""اِمْرَأَةٌ حابِلَةٌ"" : حُبْلَى."
498	حَبَلَةٌ		حبل		صفة			مذكر			جمع		حابِلَةٌ															
499	وَسَنِيٌّ		وسن		صفة			مذكر			مفرد	+ات;		Ta	DnT	Pf			Tn									"وَسَنِيٌّ-وَسَنِيٌّ، ةٌ [و س ن]. ""وَلَدٌ وَسَنِيٌّ"" :كَثِيرُ النُّعَاسِ."
500	نِسْبِيٌّ		نسب		صفة			مذكر			مفرد	+ات;		Ta	DnT	Pf			Tn									"نِسْبِيٌّ،-نِسْبِيٌّ، ةٌ [ن س ب]. ""أَمْرٌ نِسْبِيٌّ"" : أَيْ أَمْرٌ مُقَيَّدٌ بِغَيْرِهِ مُرْتَبِطٌ بِهِ غَيْرُ مُطْلَقٍ. ""أَحْكَامٌ نِسْبِيَّةٌ"" ""هُنَاكَ عَلاَقَةٌ نِسْبِيَّةٌ بَيْنَ العَمَلِ وَمَرْدُودِهِ""."
501	مِسْكِيٌّ		مسك		صفة			مذكر			مفرد	+ات;		Ta	DnT	Pf			Tn									"مِسْكِيٌّ-مِسْكِيٌّ، ةٌ [م س ك]. ""عِنَبٌ مِسْكِيٌّ"" : لَهُ طَعْمُ الْمِسْكِ، مُمَسَّكٌ. كَأْسُ عَصِيرٍ مِسْكِيٌّ""."
502	مُقْرِفٌ		قرف		صفة			مذكر			مفرد	+ات;		Ta	DnT	Pf			Tn									". 1.""رَجُلٌ مُقْرِفٌ"" : نَذْلٌ، دَنِيءٌ. 2.""وَجْهٌ مُقْرِفُ"" : غَيْرُ حَسَنٍ."
503	أَرْيَحِيٌّ		روح		صفة			مذكر			مفرد	+ات;		Ta	DnT	Pf			Tn							ـو		"أَرْيَحِيٌّ-أَرْيَحِيٌّ، ةٌ [ر و ح]. 1.""رَجُلٌ أَرْيَحِيٌّ"" : الوَاسِعُ الخُلُقِ، مَنْ يَسْعَى إِلَى الْمَعْرُوفِ وَعَمَلِ الخَيْرِ. 2.""يَتَمَتَّعُ بِأَرْيَحِيَّةٍ"" : خَصْلَةٌ تَجْعَلُ الإِنْسَانَ يَرْتَاحُ إِلَى الأَفْعَالِ الحَمِيدَةِ وَبَذْلِ العَطَايَا."
504	جِدِّيٌّ		جدد		صفة			مذكر			مفرد	+ون;+ات		Ta	DnT	Pf	PmS		Tn									". ""رَجُلٌ جِدِّيٌّ"" : مُتَعَقِّلٌ، ثَابِتٌ فِي رَأْيِهِ، رَصِينٌ."
505	بَغِيٌّ		بغي		صفة			مذكر			مفرد	بَغايا		Ta	DnT				Tn									". ""اِمْرَأَةٌ بَغِيٌّ"" : اِمْرَأَةٌ زانِيَةٌ.مريم آية 20 قالَتْ أَنَّى يَ"
506	بَغايا		بغي		صفة			مذكر			جمع		بَغِيٌّ														Non	
507	حَيِيٌّ		حيي		صفة			مذكر			مفرد	+ات;		Ta	DnT	Pf			Tn									"حَيِيٌّ-حَيِيٌّ [ح ي ي]. ""رَجُلٌ حَيِيٌّ"" : مُحْتَشِمٌ، ذُو حَيَاءٍ."
508	دَيُّوثٌ		ديث		صفة			مذكر			مفرد								Tn									"دَيُّوثٌ-دَيُّوثٌ [د ي ث]. ""رَجُلٌ دَيُّوثٌ"" : رَجُلٌ لا يَغارُ على أَهْلِهِ وَلا يَخْجَلُ."
509	سَمِيٌّ		سمي		صفة			مذكر			مفرد	+ون;+ات;		Ta	DnT	Pf	PmS		Tn									"سَمِيٌّ - [س م ي]. ""هُوَ سَمِيُّهُ"" : مُتَّفِقٌ مَعَهُ فِي الاسْمِ، نَظِيرُهُ"
510	أَتِيٌّ		أتي		صفة			مذكر			مفرد	+ون;+ات		Ta	DnT	Pf	PmS		Tn									"أَتِيٌّ-أَتِيٌّ [أ ت ي]. 1.""وَصَلَ الأَتِيُّ"" : الغَرِيبُ الدَّعِيُّ. 2.""اِنْدَفَعَ الأتِيُّ"" : السَّيْلُ الْمُنْدَفِعُ الَّذِي يَأْتِي مِنْ بَعِيدٍ."
511	دُفُفٌ		دفف		صفة			مذكر			جمع		دَفوفٌ						Tn									"أَتِيٌّ-أَتِيٌّ [أ ت ي]. 1.""وَصَلَ الأَتِيُّ"" : الغَرِيبُ الدَّعِيُّ. 2.""اِنْدَفَعَ الأتِيُّ"" : السَّيْلُ الْمُنْدَفِعُ الَّذِي يَأْتِي مِنْ بَعِيدٍ."
