#رقم	مشكول	غير مشكول	جذر	وزن	صنف	أصل	معرفة	جنس	مؤنثه	مذكره	عدد	الجمع	مفرده	التأنيث	التثنية	ج, مؤ, س,	ج, مذ, س,	المنقوص	تنوين النصب	نسب	إض, لف,	ـو	ك	كال	ها	هم	 تنوين النصب للجمع 	شرح	
2	أَعْسَرُ		عسر		اسم تفضيل			مذكر	عُسْرَى		مفرد	+ون			DnN		Pm										Non		
3	أَعَاسِرُ		عسر		اسم تفضيل			مذكر			جمع																Non		
4	عُسْرَى		عسر		اسم تفضيل			مؤنث			مفرد	+ات			Dy	Pf											Non		". 1.""يَكْتُبُ بِاليَدِ العُسْرَى"" : بِاليَدِ اليُسْرَى. 2.""هُوَ فِي عُسْرَى"" : فِي أَمْرٍ صَعْبٍ شَدِيدِ الوَطْأَةِ.الليل آية 8 ، 9 ، 10 وَأَمَّا مَنْ بَخِلَ وَاسْتَغْنَى وَكَذَّبَ بِالْحُسْنَى فَسَنُيَسِّرُهُ لِلْعُسْرَى (قرآن)."
5	أقْصَى		قصو		اسم تفضيل			مذكر	قُصْوى		مفرد	أَقاصٍ;الأقَاصِي;مؤ:;قُصْوَى			Dy												Non	". 1.""تَدَهْوَرَتِ الأمُورُ إلَى أقْصَى حَدٍّ"" : إلَى أبْعَدِ حَدٍّ. 2.""إنَّ الغَايَةَ القُصْوَى مِنَ الْمَشْرُوعِ هِيَ ..."" : الهَدَفُ الأخيرُ. 3.""لاَ يَتَّصِلُ بِالطَّبِيبِ إِلاَّ عِنْدَ الضَّرُورَةِ القُصْوَى"" : فِي حَالَة"	
6	أقَاصِي		قصو		اسم تفضيل			مذكر			جمع							Tk									Non		
7	قُصْوى		قصو		اسم تفضيل			مؤنث			مفرد	+ات;مُؤَنَّثُ;أَقْصَى			Dy	Pf											Non	"مُؤَنَّثُ أَقْصَى. 1.""بَلَغَ الْغَايَةَ الْقُصْوَى"" : الْغَايَةَ الْبَعِيدَةَ. 2.""عِنْدَ الضَّرُورَةِ الْقُصْوَى"" : فِي مُنْتَهَى الضَّرُورَةِ."	
8	أَزْيَدُ		زيد		اسم تفضيل			مذكر			مفرد				DnN												Non	"أَزْيَدُ-أَزْيَدُ [ز ي د]. ""مُنْذُ أَزْيَدَ مِنْ شَهْرٍ وَأَنَا أَنْتَظِرُ رِسَالَةً"": أَكْثَرَ. ""لا تَنْتَظِرْ أَزْيَدَ مِنَ اللاَّزِمِ""."	
9	أَشْرَفُ		شرف		اسم تفضيل			مذكر	شُرْفَى		مفرد	+ون			DnN		Pm										Non		
10	أَشَارِفُ		شرف		اسم تفضيل			مذكر			جمع																Non		
11	شُرْفَى		شرف		اسم تفضيل			مؤنث			مفرد	+ات			Dy	Pf											Non		
12	أَظْرَفُ		ظرف		اسم تفضيل			مذكر	ظُرْفَى		مفرد	+ون			DnN		Pm										Non		
13	أظَارِفُ		ظرف		اسم تفضيل			مذكر			جمع																Non		
14	ظُرْفَى		ظرف		اسم تفضيل			مؤنث			مفرد	+ات			Dy	Pf											Non		
15	أَذَكَّى		ذكي		اسم تفضيل			مذكر	ذُكْيَا		مفرد	+ون			Dy		Pm										Non		
16	أذَاكي		ذكي		اسم تفضيل			مذكر			جمع							Tk									Non		
17	ذُكْيَا		ذكي		اسم تفضيل			مؤنث			مفرد	+ات			Dy	Pf											Non		
18	أَجْمَلُ		جمل		اسم تفضيل			مذكر	جُمْلَى		مفرد	+ون			DnN		Pm										Non		
19	أَجَامِلُ		جمل		اسم تفضيل			مذكر			جمع																Non		
20	جُمْلَى		جمل		اسم تفضيل			مؤنث			مفرد	+ات			Dy	Pf											Non		
21	أوْهَى		وهي		اسم تفضيل			مذكر	وُهْيَا		مفرد	+ون			Dy		Pm										Non	"أوْهَى-أوْهَى [أ هـ ي]. ""أوْهَى مِنْ بَيْتِ العَنْكَبُوتِ"" : أضْعَفُ."	
22	أوَاهِي		وهي		اسم تفضيل			مذكر			جمع							Tk									Non		
23	وُهْيَا		وهي		اسم تفضيل			مؤنث			مفرد	+ات			Dy	Pf											Non		
24	أَبْطَأُ		بطء		اسم تفضيل			مذكر	بُطْأَى		مفرد	+ون			DnN		Pm										Non		
25	أُبَاطِئُ		بطء		اسم تفضيل			مذكر			جمع																Non		
26	بُطْأَى		بطء		اسم تفضيل			مؤنث			مفرد	+ات			Dy	Pf											Non		
27	أَيْمَنُ		يمن		اسم تفضيل			مذكر	يُمْنى		مفرد	+ون;أَيامِنُ;مؤ:;يُمْنى;يُمْنَياتٌ;			DnN		Pm										Non	". 1.""اِتَّجَهَ جَانِبَهُ الأَيْمَنَ"" : جَانِبَ اليَمِينِ. ""الشَّارِعُ الأَيْمَنُ"" ""الجِهَةُ اليُمْنَى"". 2.""هُوَ أيْمَنُ وَأخُوهُ أيْسَرُ"" : أيْ مَن يَعْمَلُ وَيكْتُبُ بِيَدِهِ اليُمْنَى. 3.""نَظَرَ أَيْمَنَ"" : عَنْ يَمينِهِ."	
28	أَيامِنُ		يمن		اسم تفضيل			مذكر			جمع																Non		
29	يُمْنى		يمن		اسم تفضيل			مؤنث			مفرد	+ات			Dy	Pf											Non		
30	أَخْسَرُ		خسر		اسم تفضيل			مذكر	خُسْرَى		مفرد	+ون			DnN		Pm										Non		
31	أَخَاسِرُ		خسر		اسم تفضيل			مذكر			جمع																Non		
32	خُسْرَى		خسر		اسم تفضيل			مؤنث			مفرد	+ات			Dy	Pf											Non		
33	أَقَلُّ		قلل		اسم تفضيل			مذكر	قُلَّى		مفرد	+ون			DnN		Pm										Non		
34	أقَالِلُ		قلل		اسم تفضيل			مذكر			جمع																Non		
35	قُلَّى		قلل		اسم تفضيل			مؤنث			مفرد	+ات			Dy	Pf											Non		
36	أَحْرِصُ		حرص		اسم تفضيل			مذكر	حُرْصَى		مفرد	+ون			DnN		Pm										Non		
37	أحَارِصُ		حرص		اسم تفضيل			مذكر			جمع																Non		
38	حُرْصَى		حرص		اسم تفضيل			مؤنث			مفرد	+ات			Dy	Pf											Non		
39	أَبْعَدُ		بعد		اسم تفضيل			مذكر	بُعْدَى		مفرد	+ون;أبَاعِدُ;			DnN		Pm										Non	". 1.""المسَافَةُ أبْعَدُ مِما يُتَصَوَّرُ"" : بَعِيدَةٌ جِدّاً. 2.""هُوَ لاَ يَرَى أبْعَدَ مِنْ أنْفِهِ"" : أَيْ قَصِيرُ النَّظَرِ وَالتَّفْكِيرِ."	
40	أبَاعِدُ		بعد		اسم تفضيل			مذكر			جمع																Non		
41	بُعْدَى		بعد		اسم تفضيل			مؤنث			مفرد	+ات			Dy	Pf											Non		
42	أَدْنَى		دنو		اسم تفضيل			مذكر	دُنْيَا		مفرد	+ون;مؤ:;دُنْيَا;دُنىً;			Dy		Pm										Non	". 1.""خُذْ مِنْهُ أَدْنَى قَدْرٍ مِنَ الْمَالِ"" : أَقَلَّ، أَبْسَطَ شَيْءٍ. 2.""طَافَ ابْنُ بَطُّوطَةَ العَالَمَ مِنْ أَدْنَاهُ إلى أَقْصَاهُ"" : مِنْ أَقْرَبِ مَكَانٍ إلى مَا هُوَ أَبْعَدُ. 3. ""أَنَا الْمُوَقِّعُ أَدْنَاهُ"" : أَسْفَلَهُ. 4.""أَدْنَى مِنْ حَبْلِ الوَرِيدِ"". (مثل) : قَرِيبٌ جِدّاً، وَشِيكٌ. 5. ""الحَدُّ الأَدْنَى"" : أَصْغَرُ كَمِّيَّةٍ. 6. ""بُلْدَانُ الشَّرْقِ الأدْنَى"" (جغ) : مِنْطَقَةٌ تَضُمُّ البُلْدَانَ الْمُطِلَّةَ عَلَى الحَوْضِ الشَّرْقِيِّ مِنَ البَحْرِ الْمُتَوَسِّطِ."	
43	أَدَانِي		دنو		اسم تفضيل			مذكر			جمع							Tk									Non		
44	دُنْيَا		دنو		اسم تفضيل			مؤنث			مفرد	+ات			Dy	Pf											Non		
45	أَحْكَمُ		حكم		اسم تفضيل			مذكر	حُكْمَى		مفرد	+ون			DnN		Pm										Non		
46	أَحَاكِمُ		حكم		اسم تفضيل			مذكر			جمع																Non		
47	حُكْمَى		حكم		اسم تفضيل			مؤنث			مفرد	+ات			Dy	Pf											Non		
48	أوْسَطُ		وسط		اسم تفضيل			مذكر	وُسْطَى		مفرد	+ون;أوَاسِطُ;مؤ:;وُسْطَى;			DnN		Pm										Non	". 1. خَيْرُ الأمُورِ أوْسَطُهَا (حديث): اِعْتِدَالُهَا، وَسَطُهَا، أيْ مَا هُوَ وَاقِعٌ فِي الْمُنْتَصَفِ. 2.""أوْسَطُ العَصَا"" : مَا بَيْنَ طَرَفَيْهَا. 3.""هُوَ الأوْسَطُ فِي مَوْقِفِهِ"" : الْمُعْتَدِلُ."	
49	أوَاسِطُ		وسط		اسم تفضيل			مذكر			جمع																Non		
50	وُسْطَى		وسط		اسم تفضيل			مؤنث			مفرد	+ات			Dy	Pf											Non		
51	أسْمَى		سمو		اسم تفضيل			مذكر	سُمْيَا		مفرد	+ون			Dy		Pm										Non		
52	أَسَامِي		سمو		اسم تفضيل			مذكر			جمع							Tk									Non		
53	سُمْيَا		سمو		اسم تفضيل			مؤنث			مفرد	+ات			Dy	Pf											Non		
54	أَبْسَطُ		بسط		اسم تفضيل			مذكر	بُسْطَى		مفرد	+ون			DnN		Pm										Non		
55	أَبَاسِطُ		بسط		اسم تفضيل			مذكر			جمع																Non		
56	بُسْطَى		بسط		اسم تفضيل			مؤنث			مفرد	+ات			Dy	Pf											Non		
57	أَرَقُّ		رقق		اسم تفضيل			مذكر	رِقََّى		مفرد	+ون			DnN		Pm										Non		
58	أرَاقِقُ		رقق		اسم تفضيل			مذكر			جمع																Non		
59	رِقََّى		رقق		اسم تفضيل			مؤنث			جمع				Dy	Pf											Non		
60	أَثْقَلُ		ثقل		اسم تفضيل			مذكر	ثُقْلَى		مفرد	+ون			DnN		Pm										Non		
61	أَثَاقِلُ		ثقل		اسم تفضيل			مذكر			جمع																Non		
62	ثُقْلَى		ثقل		اسم تفضيل			مؤنث			مفرد	+ات			Dy	Pf											Non		
63	أَظْهَرُ		ظهر		اسم تفضيل			مذكر	ظُهْرَى		مفرد	+ون			DnN		Pm										Non		
64	أَظَاهِرُ		ظهر		اسم تفضيل			مذكر			جمع																Non		
65	ظُهْرَى		ظهر		اسم تفضيل			مؤنث			مفرد	+ات			Dy	Pf											Non		
66	أَخْفَى		خفي		اسم تفضيل			مذكر	خُفْيَا		مفرد	+ون			Dy		Pm										Non		
67	أَخَافِي		خفي		اسم تفضيل			مذكر			جمع							Tk									Non		
68	خُفْيَا		خفي		اسم تفضيل			مؤنث			مفرد	+ات			Dy	Pf											Non		
69	أَبْرَزُ		برز		اسم تفضيل			مذكر	بُرْزَى		مفرد	+ون			DnN		Pm										Non		
70	أَبَارِِزُ		برز		اسم تفضيل			مذكر			جمع																Non		
71	بُرْزَى		برز		اسم تفضيل			مؤنث			مفرد	+ات			Dy	Pf											Non		
72	أَسْرَعُ		سرع		اسم تفضيل			مذكر	سُرْعَى		مفرد	+ون;أسارع;مؤ:;سرعى;+ات			DnN		Pm										Non	"أَسْرَعُ-أَسْرَعُ [س ر ع] (أَفْعَل التَّفْضِيل). 1.""عَلَيْكَ أَنْ تُنْجِزَ هَذَا العَمَلَ بِأَسْرَعَ ما يُمْكِنُ"" : في أَقْصَرِ مُهْلَةٍ. 2.""ما أَسْرَعَهُ"": ما أَعْجَلَهُ."	
73	أَسَارِعُ		سرع		اسم تفضيل			مذكر			جمع																Non		
74	سُرْعَى		سرع		اسم تفضيل			مؤنث			مفرد	+ات			Dy	Pf											Non		
75	أَحْسَنُ		حسن		اسم تفضيل			مذكر	حُسْنَى		مفرد	+ون;أحَاسِنُ;مؤ:;حُسْنَى;حُسْنَيَاتٌ;			DnN		Pm										Non	"(اِسم تَفْضِيل مِنَ الحَسَنِ). 1. ""هُوَ أحْسَنُ مِنَ الآخَرِينَ"" : أفْضَل. ""أَحْسَنُ لَوْحَةٍ رَأَيْتُهَا"". 2. ""عَليْكَ أنْ تُعَامِلَ غيْرَكَ بِالَّتِي هِيَ أحْسَنُ"" : بِاللِّيَاقَةِ وَالأَدَبِ. 3. ""مِنْ أَحَاسِنِ النَّاس"" : مِنْ خِيرَتِهِمْ."	
76	أحَاسِنُ		حسن		اسم تفضيل			مذكر			جمع																Non		
77	حُسْنَى		حسن		اسم تفضيل			مؤنث			مفرد	+ات			Dy	Pf											Non		
78	أَنْجَعُ		نجع		اسم تفضيل			مذكر	نُجْعَى		مفرد	أناجع;مؤ:;نجعى;+ات															Non	"أَنْجَعُ-أَنْجَعُ [ن ج ع] (أَفْعَل التَّفْضِيل). ""أَنْجَعُ طَريقَةٍ لِلْعِلاجِ"" : أَنْجَحُ، أَوْفَرُ."	
79	أَنَاجِعُ		نجع		اسم تفضيل			مذكر			جمع																Non		
80	نُجْعَى		نجع		اسم تفضيل			مؤنث			مفرد	+ات			Dy	Pf											Non		
81	أهْلَكُ		هلك		اسم تفضيل			مذكر	هَلْكَى		مفرد	+ون;أهالك;مؤ:;هلكى;+ات			DnN		Pm										Non	"أهْلَكُ-أهْلَكُ [هـ ل ك] (أَفْعَل التَّفْضيل). ""أَهْلَكُ النَّاسِ"": أَكْثَرُهُمْ هَلاكاً."	
82	أَهَالِكُ		هلك		اسم تفضيل			مذكر			جمع																Non		
83	هَلْكَى		هلك		اسم تفضيل			مؤنث			مفرد	+ات			Dy	Pf											Non		
84	أقْدَمُ		قدم		اسم تفضيل			مذكر	قُدْمَى		مفرد	+ون;أقادم;مؤ:;قدمى;+ات			DnN		Pm										Non	"(أَفْعَل التَّفْضيلِ). 1. ""هَذَا مِنْ أقْدَمِ الآثَارِ"": مِنْ أعْرَقِ. 2. ""أقْدَمُ مُعَلِّمٍ فِي الْمَدْرَسَةِ"": مِنَ القُدَامى، مِنَ الأَوائِلِ. 3. : الأقَدمُ أَيِ الأسَدُ."	
85	أَقَادِمُ		قدم		اسم تفضيل			مذكر			جمع																Non		
86	قُدْمَى		قدم		اسم تفضيل			مؤنث			مفرد	+ات			Dy	Pf											Non		
87	أَنْبَلُ		نبل		اسم تفضيل			مذكر	نُبْلَى		مفرد	+ون;أنابل;مؤ:;هلكى;+ات			DnN		Pm										Non	"(أَفْعَل التَّفْضيلِ). 1.""مِنْ أَنْبَلِ النَّاسِ نَسَباً وَحَسَباً"" : مِنْ أَشْرَفِهِمْ وَأَكْرَمِهِمْ في حَسَبِهِ وَنَسَبِهِ. 2.""هُوَ الأنْبَلُ"" : الأَعْرَفُ بِرَمْيِ النَّبْلِ."	
88	أَنَابِلُ		نبل		اسم تفضيل			مذكر			جمع																Non		
89	نُبْلَى		نبل		اسم تفضيل			مؤنث			مفرد	+ات			Dy	Pf											Non		
90	أَجْوَدُ		جود		اسم تفضيل			مذكر	جُودَى		مفرد	+ون;أجاود;مؤ:;جودى;+ات			DnN		Pm										Non	"(أَفْعَلُ التَّفْضِيل). ""هوَ مِنْ أجْوَدِ النَّاسِ"" : مِنْ أَكْرَمِهِمْ."	
91	أَجَاوِدُ		جود		اسم تفضيل			مذكر			جمع																Non		
92	جُودَى		جود		اسم تفضيل			مؤنث			مفرد	+ات			Dy	Pf											Non		
93	أَرْذَلُ		رذل		اسم تفضيل			مذكر	رُذْلَى		مفرد	+ون;أَرَاذِلُ;			DnN		Pm										Non	"(أَفْعَلُ التَّفْضِيل). 1. ""قالَ عَنْهُ: هُوَ أَرْذَلُ خَلْقِ اللَّهِ"" : مِنْ أَسْوَإِ النَّاسِ، مِنْ أَرْدَإِ...، الدُّونُ، الخَسيسُ. ""لاَ تُصَاحِب الأَرَاذِلَ مِنَ النَّاسِ"" هود آية 27وَمَا نَرَاكَ اتَّبَعَكَ إِلاَّ الَّذِينَ هُمْ أَرَاذِلُنَا (قرآن). 2. ""بَلَغَ أَرْذَلَ العُمْرِ"" : أَيْ آخِرَ العُمْرِ فِي حَالِ الكِبَر والعَجْزِ وَالهَرَمِ."	
94	أَرَاذِلُ		رذل		اسم تفضيل			مذكر			جمع																Non		
95	رُذْلَى		رذل		اسم تفضيل			مؤنث			مفرد	+ات			Dy	Pf											Non		
96	أَسْبَقُ		سبق		اسم تفضيل			مذكر	سُبْقَى		مفرد	+ون;أسابق;مؤ:;سبقى;+ات			DnN		Pm										Non	"أَسْبَقُ-أَسْبَقُ [س ب ق] (أَفْعَلُ التَّفْضِيل). 1.""مَنْ هُوَ الأسْبَقُ"" : مَنْ هُوَ الأَوَّلُ. 2.""أَنَا أَسْبَقُ مِنْهُ"" : أَنَا قَبْلَهُ."	
97	أَسَابِقُ		سبق		اسم تفضيل			مذكر			جمع																Non		
98	سُبْقَى		سبق		اسم تفضيل			مؤنث			مفرد	+ات			Dy	Pf											Non		
99	أَسْلَسُ		سلس		اسم تفضيل			مذكر	سُلْسَى		مفرد	أسالس;مؤ:;سلسى;+ات															Non	"أَسْلَسُ-أَسْلَسُ [س ل س] (أَفْعَلُ التَّفْضِيل). ""أَسْلَسُ القِيادَةِ"": سَهْلُ القِيادَةِ. ""العَربِيَّةُ أَسْلَسُ حُرُوفاً وَأَرَقُّ لَفْظاً وَأَخَفُّ اسْمًا"". (التوحيدي)."	
100	أسَالس		سلس		اسم تفضيل			مذكر			جمع																Non		
101	سُلْسَى		سلس		اسم تفضيل			مؤنث			مفرد	+ات			Dy	Pf											Non		
102	أَشْقى		شقي		اسم تفضيل			مذكر	شُقْيَا		مفرد	+ون			Dy		Pm										Non	"أَشْقى-أَشْقى [ش ق ي] (أَفْعَلُ التَّفْضِيل). ""مِنْ أَشْقَى زُمَلائِهِ"": مِنْ أَتْعَسِهِمْ، أَنْكَدِهِمْ."	
103	أَشَاقِيُ		شقي		اسم تفضيل			مذكر			جمع							Tk									Non		
104	شُقْيَا		شقي		اسم تفضيل			مؤنث			مفرد	+ات			Dy	Pf											Non		
105	أَصْدَقُ		صدق		اسم تفضيل			مذكر	صُدْقَى		مفرد	+ون;أصادق;مؤ:;صدقى;+ات			DnN		Pm										Non	"أَصْدَقُ-أَصْدَقُ [ص د ق] (أَفْعَلُ التَّفْضِيل). ""هُوَ أَصْدَقُ مِنْ غَيْرِهِ"" : أَ"	
106	أَصَادِقُ		صدق		اسم تفضيل			مذكر			جمع																Non		
107	صُدْقَى		صدق		اسم تفضيل			مؤنث			مفرد	+ات			Dy	Pf											Non		
108	أوْجَهُ		وجه		اسم تفضيل			مذكر	وُجْهَى		مفرد	+ون;أواجه;مؤ:;وجهى;+ات			DnN		Pm										Non	"أوْجَهُ-أوْجَهُ [و ج هـ] (أَفْعَلُ التَّفْضِيل). ""هُوَ أوْجَهُ قَوْمِهِ"": أكْثَرُهُمْ جَاهاً، أفْضَلُهُمْ مَكَانَةً."	
109	أَوَاجِهُ		وجه		اسم تفضيل			مذكر			جمع																Non		
110	وُجْهَى		وجه		اسم تفضيل			مؤنث			مفرد	+ات			Dy	Pf											Non		
111	أوْسَعُ		وسع		اسم تفضيل			مذكر	وُسْعَى		مفرد	أواسع;مؤ:;وسعى;+ات															Non	"أوْسَعُ-أوْسَعُ [و س ع] (أَفْعَلُ التَّفْضِيل). مؤ: وُسْعَى. 1.""أوْسَعُ صَدْراً"" : أرْحَبُ، الأكْثَرُ رَحَابَةً. 2.""عَلَى نِطَاقٍ أوْسَعَ"" : أعَمَّ. 3.""كَانَ يَرَى فِي ذَلِكَ أوْسَعَ مَدىً"" : أفْسَحَ وَأبْعَدَ مَدىً."	
112	أَوَاسِعُ		وسع		اسم تفضيل			مذكر			جمع																Non		
113	وُسْعَى		وسع		اسم تفضيل			مؤنث			مفرد	+ات			Dy	Pf											Non		
114	أوْعَرُ		وعر		اسم تفضيل			مذكر	وُعْرَى		مفرد	أواعر;مؤ:;وعرى;+ات															Non	"أوْعَرُ-أوْعَرُ [و ع ر] (أَفْعَلُ التَّفْضِيل). 1.""أَوْعَرُ مَكَانٍ فِي الجَبَ"	
115	أَوَاعِرُ		وعر		اسم تفضيل			مذكر			جمع																Non		
116	وُعْرَى		وعر		اسم تفضيل			مؤنث			مفرد	+ات			Dy	Pf											Non		
117	أَوْعَى		وعي		اسم تفضيل			مذكر	وُعْيَا		مفرد	+ون;أواعي;مؤ:;وعيا;+ات			Dy		Pm										Non	"أَوْعَى-أَوْعَى [و ع ي] (أَفْعَلُ التَّفْضِيل). ""هُوَ أوْعَى مِنْ كُلِّ زُمَلائِهِ"" : أكْثَرُهُمْ فَهْماً واسْتيعَاباً."	
118	أَوَاعِيُ		وعي		اسم تفضيل			مذكر			جمع							Tk									Non		
119	وُعْيَا		وعي		اسم تفضيل			مؤنث			مفرد	+ات			Dy	Pf											Non		
120	أَيْسَرُ		يسر		اسم تفضيل			مذكر	يُسْرَى		مفرد	أياسر;مؤ:;يسرى;+ات															Non	"أَيْسَرُ-أَيْسَرُ [ي س ر] (أَفْعَلُ التَّفْضِيل). 1.""عَمَلُ اليَوْمِ أيْسَرُ مِنْ عَمَلِ الأمْسِ"" : أسْهَلُ، أبْسَطُ. ""تَخَافُ عَلَى ابْنِهَا مِنْ أيْسَرِ جُهْدٍ"". 2.""كَانَ عَلَى أيْسَرِهِ"" : فِي جَانِبِ يَدِهِ اليُسْرَى. 3. ""هُوَ وَلَدٌ أيْسَرُ"" : يَعْمَلُ بِاليَدِ اليُسْرَى."	
121	أَيَاسِرُ		يسر		اسم تفضيل			مذكر			جمع																Non		
122	يُسْرَى		يسر		اسم تفضيل			مؤنث			مفرد	+ات			Dy	Pf											Non		
123	أَجْدَى		جدو		اسم تفضيل			مذكر	جُدْوَى		مفرد				Dy												Non	"أَجْدَى-أَجْدَى [ج د و] (أَفْعَلُ التَّفْضِيلِ). ""هَذَا العَمَلُ أَجْدَى لَكَ"" : أنْفَعُ لَك"	
124	أَجَادِىُ		جدو		اسم تفضيل			مذكر			جمع																Non		
125	جُدْوَى		جدو		اسم تفضيل			مؤنث			مفرد	+ات			Dy	Pf											Non		
126	أَحَقُّ		حقق		اسم تفضيل			مذكر	حُقَّى		مفرد	+ون;أحاقق;مؤ:;حقّى;+ات			DnN		Pm										Non	"أَحَقُّ-أَحَقُّ [ح ق ق] (أَفْعَلُ التَّفْضِيلِ). 1. ""هُوَ أحَقُّ مِنْكَ"": ثُبُوتُ الحَقِّ لَكمَا وَتَرْجيحُهُ لَهُ، أَيْ هُوَ أَرْجَحُ حَقّاً مِنْكَ. 2.""هُوَ أَحَقُّ بِأن يَتَصَرَّفَ فِي أُمُورنَا"" : لاَ حَقَّ لِغَيْرِهِ فِيهَا."	
127	أَحَاقِقُ		حقق		اسم تفضيل			مذكر			جمع																Non		
128	حُقَّى		حقق		اسم تفضيل			مؤنث			مفرد	+ات			Dy	Pf											Non		
129	أَخَصُّ		خصص		اسم تفضيل			مذكر	خُصَّى		مفرد	+ون;أخاصص;مؤ:;خصّى;+ات			DnN		Pm										Non	"أَخَصُّ-أَخَصُّ [خ ص ص] (أَفْعَلُ التَّفْضِيلِ). ""هُوَ الأَخَصُّ"	
130	أَخَاصِصُ		خصص		اسم تفضيل			مذكر			جمع																Non		
131	خُصَّى		خصص		اسم تفضيل			مؤنث			مفرد	+ات			Dy	Pf											Non		
132	أخْيَرُ		خير		اسم تفضيل			مذكر	خُيْرَى		مفرد	+ون;أَخَايِرُ;			DnN		Pm										Non	"(أَفْعَلُ التَّفْضِيلِ). ""هُوَ مِنْ أَخْيَرِ النَّاسِ"" : مِنْ أفْضَلِهِمْ."	
133	أَخَايِرُ		خير		اسم تفضيل			مذكر			جمع																Non		
134	خُيْرَى		خير		اسم تفضيل			مؤنث			مفرد	+ات			Dy	Pf											Non		
135	أَرْجَحُ		رجح		اسم تفضيل			مذكر	رُجْحَى		مفرد	أراجح;مؤ:;رجحى;+ات															Non	"أَرْجَحُ-أَرْجَحُ [ر ج ح] (أَفْعَلُ التَّفْضِيلِ). 1.""الأرْجَحُ أَنَّ نَتَائِجَهُ سَتَكُونُ جَيِّدَةً"" : أَغْلَبُ الظَّنِّ. 2.""عَلَى الأرْجَحِ إِنَّنَا سَنُسَافِرُ إِلَى أُورُوبَّا"" : مِنَ الْمُحْتَمَلِ."	
136	أَرَاجِحُ		رجح		اسم تفضيل			مذكر			جمع																Non		
137	رُجْحَى		رجح		اسم تفضيل			مؤنث			مفرد	+ات			Dy	Pf											Non		
138	أَرْوَعُ		روع		اسم تفضيل			مذكر	رَوْعَاءُ		مفرد	رُوِعٌ;مؤ:;رَوْعَاءُ;															Non	"(أَفْعَلُ التَّفْضِيلِ). 1. ""وَلَدٌ أَرْوَعُ"" : ذَكِيُّ الْفُؤَادِ. 2. ""مَا رَأَيْتُ أَرْوَعَ مِنْ هَذَا الْمَنْظَرِ"" : أَحْسَنَ، أَجْمَلَ، أَبْهَى. 3.""مَا أَرْوَعَكَ"" : عِبَارَةٌ تُقَالُ لِمَنْ يَأْتِي بِعَمَلٍ رَائِعٍ وَجَمِيلٍ يُثِيرُ الإِعْجَابَ."	
139	رُوِعٌ		روع		اسم تفضيل			مذكر			جمع								Tn										
140	رَوْعَاءُ		روع		اسم تفضيل			مؤنث			مفرد																Non		
141	أغْلَبُ		غلب		اسم تفضيل			مذكر	غَلْبَاءُ		مفرد	ج;غُلْبٌ;مؤ;غَلْبَاءُ;															Non	"(أَفْعَلُ التَّفْضِيلِ). 1. ""فِي أغْلَبِ الأَحْيَانِ"" : فِي أكْثَرِ الأوْقَاتِ. 2.""عَلَى الأغْلَبِ يَأْتِي مَرَّة"	
142	غُلْبٌ		غلب		اسم تفضيل			مذكر			جمع								Tn										
143	غَلْبَاءُ		غلب		اسم تفضيل			مؤنث			مفرد																Non		
144	أَفْرَهُ		فره		اسم تفضيل			مذكر	فُرْهَى		مفرد	+ون			DnN		Pm										Non	"أَفْرَهُ-أَفْرَهُ [ف ر هـ] (أَفْعَلُ التَّفْضِيلِ). ""هُو"	
145	أَفَارِهُ		فره		اسم تفضيل			مذكر			جمع																Non		
146	فُرْهَى		فره		اسم تفضيل			مؤنث			مفرد	+ات			Dy	Pf											Non		
147	أَقْوَى		قوي		اسم تفضيل			مذكر	قُيَّا		مفرد	+ون;أقاوي;مؤ:;قيّا;+ات			Dy		Pm										Non	"أَقْوَى-أَقْوَى [ق و ي] (أَفْعَلُ التَّفْضِيلِ). 1.""هُوَ الأَقْوَى مِنْ بَيْنِ كُلِّ أقْرَانِهِ"" : الأَشَدُّ، الأصْلَبُ. 2. ""هُوَ الرَّأيُ الأقْوَى"": الأصَحُّ. ""هُوَ أقْوَى اسْتِعْدَاداً لِمُوَاجَهَةِ الصِّعَابِ"" ""لِلْعِلْمِ سُلْطَانٌ أقْوَى مِنْ كُلِّ سُلْطَانٍ"". (الكواكبي)."	
148	أَقَاوِيُ		قوي		اسم تفضيل			مذكر			جمع							Tk									Non		
149	قُيَّا		قوي		اسم تفضيل			مؤنث			مفرد	+ات			Dy	Pf											Non		
150	أَكْمَلُ		كمل		اسم تفضيل			مذكر	كُمْلَى		مفرد	+ون;أكامل;مؤ:;كملى;+ات			DnN		Pm										Non	"أَكْمَلُ-أَكْمَلُ [ك م ل] (أَفْعَلُ التَّفْضِيلِ). 1.""أَكْمَلُ عَمَلٍ رَأَيْتُهُ"" : أتَمَّهُ. 2.""أَنْهَيْتُ مَصْرُوفِي بِأَكْمَلِهِ"" : بِأَجْمَعِهِ. 3.""خَرَجُوا بِأكْمَلِهِمْ مِنَ الفَصْلِ"" : بِأَسْرِهِمْ. 4.""هُوَ الأَكْمَلُ"": الأَسْمَى، الأَحْسَنُ."	
151	أَكَامِلُ		كمل		اسم تفضيل			مذكر			جمع																Non		
152	كُمْلَى		كمل		اسم تفضيل			مؤنث			مفرد	+ات			Dy	Pf											Non		
153	أَكْيَسُ		كيس		اسم تفضيل			مذكر	كِيسَى;كُوسَى		مفرد	+ون;مؤ:;كِيسَى،كُوسَى;			DnN		Pm										Non	"(أَفْعَلُ التَّفْضِيلِ). ""مَا رَأيْتُ أكْيَسَ مِنْهُ"" : أعْقَل مِنْهُ، أَذْكَى مِنْهُ."	
154	أَكَايِسُ		كيس		اسم تفضيل			مذكر			جمع																Non		
155	كِيسَى		كيس		اسم تفضيل			مؤنث			مفرد	+ات			Dy	Pf											Non		
156	كُوسَى		كوس		اسم تفضيل			مؤنث			مفرد	+ات			Dy	Pf											Non		
157	أَلَدُّ		لدد		اسم تفضيل			مذكر	لَدَّاءُ		مفرد	مؤ:;لَدَّاءُ;لِدَادٌ;لُدٌّ;			DnN		Pm										Non	"(أَفْعَلُ التَّفْضِيلِ). 1.""كَانَ مِنْ أَلَدِّ أعْدَائِهِ"" : مِنْ أشَدِّهِمْ "	
158	لِدَادٌ		لدد		اسم تفضيل			مذكر			جمع								Tn										
159	لُدٌّ		لدد		اسم تفضيل			مذكر			جمع								Tn										
160	أَلَادِدُ		لدد		اسم تفضيل			مذكر			جمع																Non		
161	لَدَّاءُ		لدد		اسم تفضيل			مؤنث			مفرد																Non		
162	أَنْفَعُ		نفع		اسم تفضيل			مذكر	نُفْعَى		مفرد	+ون			DnN		Pm										Non	"أَنْفَعُ-أَنْفَعُ [ن ف ع] (أَفْعَلُ التَّفْضِيلِ). 1.""هَذَا الدَّواءُ أَنْفَعُ لَكَ مِنْ غَيْرِهِ"": أَنْجَعُ. 2.""هُوَ أَنْفَعُ مِنْ غَيْرِهِ"": أَصْلَحُ. ¨ ""خَيْرُ النَّاسِ أَنْفَعُهُمْ لِلنَّاسِ"". (ع. الكواكبي)."	
163	أَنَافِعُ		نفع		اسم تفضيل			مذكر			جمع																Non		
164	نُفْعَى		نفع		اسم تفضيل			مؤنث			مفرد	+ات			Dy	Pf											Non		
165	أَنْقَى		نقو		اسم تفضيل			مذكر	نَقْوَى		مفرد	+ون;مؤ:;نَقْوَى;			Dy		Pm										Non	"(أَفْعَلُ التَّفْضِيلِ). ""رَجُلٌ أنْقَى"": دقِيق القَصَبِ قَلِيلُ اللَّحْمِ."	
166	أَنَاقِيُ		نقو		اسم تفضيل			مذكر			جمع							Tk									Non		
167	نَقْوَى		نقو		اسم تفضيل			مؤنث			مفرد	+ات			Dy	Pf											Non		
168	أهْوَنُ		هون		اسم تفضيل			مذكر	هُوْنَى		مفرد	+ون			DnN		Pm										Non	"أهْوَنُ-أهْوَنُ [هـ و ن] (أَفْعَلُ التَّفْضِيلِ). 1.الروم آية 27وَهُوَ أهْوَنُ عَلَيْهِ .(قرآن) : أيْ هَيِّنٌ عَلَيْهِ. 2.""اِخْتَارَ أهْوَنَ الشَّرَّيْنِ"": أخَفَّهُمَا، أقَلَّهُمَا ضَرَراً. ""فالخَطْبُ أهْوَنُ مِنْ أنْ يَبْلُغَ بِكَ اليَأْس"". (م.ح. هيكل)."	
169	أَهَاوِنُ		هون		اسم تفضيل			مذكر			جمع																Non		
170	هُوْنَى		هون		اسم تفضيل			مؤنث			مفرد	+ات			Dy	Pf											Non		
171	أَنْصَفُ		نصف		اسم تفضيل			مذكر	نُصْفَى		مفرد	+ون			DnN		Pm										Non	"أَنْصَفُ-أَنْصَفُ [ن ص ف] (أَفْعَلُ التَّفْضِيلِ) (مِنْ فِعْلِ أَنْصَفَ). على غَيْرِ قِياسٍ. ""كانَ مِنْ أَنْصَفِ الحُكَّامِ"" : مِنْ أَعْدَلِهِمْ، مِنْ أَكْثَرِهِمْ إِنْصافاً."	
172	أَنَاصِفُ		نصف		اسم تفضيل			مذكر			جمع																Non		
173	نُصْفَى		نصف		اسم تفضيل			مؤنث			مفرد	+ات			Dy	Pf											Non		
174	أحْلَى		حلو		اسم تفضيل			مذكر	حُلْوَى		مفرد	مؤ:;حُلْوَى;			Dy												Non	"(أَفْعَلُ التَّفْضيل). 1.""أحْلَى مِنَ السُّكرِ"" : أكْثَرُ عُذُوبَةً وَرِقَّةً. 2. ""مَا أحْلاهُ"" : مَا ألْطَفَهُ. 3. ""مَا أحْلَى هَذِهِ الأَيَّامَ"" : مَا أعْذَبَهَا."	
175	أَحَالِيُ		حلو		اسم تفضيل			مذكر			جمع							Tk									Non		
176	حُلْوَى		حلو		اسم تفضيل			مؤنث			مفرد	+ات			Dy	Pf											Non		
177	أوْزَنُ		وزن		اسم تفضيل			مذكر	وُزْنَى		مفرد				DnN												Non	"أوْزَنُ-أوْزَنُ [و ز ن] (أَفْعَلُ التَّفْضيل). 1.""كَلامٌ أوْزَنُ مِنْ "	
178	أَوَازِنُ		وزن		اسم تفضيل			مذكر			جمع																Non		
179	وُزْنَى		وزن		اسم تفضيل			مؤنث			مفرد	+ات			Dy	Pf											Non		
180	أوْضَحُ		وضح		اسم تفضيل			مذكر	وُضْحَى		مفرد				DnN												Non	"أوْضَحُ-أوْضَحُ [و ض ح] (أَفْعَلُ التَّفْضيل). 1.""إنَّ الأمْرَ أوْضَحُ مِمَّا يَنْبَغِي"" : أبْيَنُ"	
181	أَوَاضِحُ		وضح		اسم تفضيل			مذكر			جمع																Non		
182	وُضْحَى		وضح		اسم تفضيل			مؤنث			مفرد	+ات			Dy	Pf											Non		
183	أوْلَى		ولي		اسم تفضيل			مذكر	وُلْيا		مفرد	+ون;أَوْلَوْنَ;أَوالٍ;مؤ:;وُلْيا;وُلَى;			Dy		Pm										Non	"(أَفْعَلُ التَّفْضيل). 1.""أوْلَى لَكَ أنْ تَأخُذَ هَذَا الْمَكَانَ"" : الأجْدَرُ بِكَ. 2.""هُوَ أوْلَى بِهَذَا الْمَنْصِبِ"" : أحَقُّ بِهِ."	
184	أَوالِي		ولي		اسم تفضيل			مذكر			جمع							Tk									Non		
185	وُلْيا		ولي		اسم تفضيل			مؤنث			مفرد	+ات			Dy	Pf											Non		
186	أَشْجَعُ		شجع		اسم تفضيل			مذكر	شُجْعى		مفرد	+ون;شُجْعٌ;مؤ:;شُجْعى;شُجْعَياتٌ;			DnN		Pm										Non	"(أَفْعَلُ التَّفْضيلِ). 1.""كانَ أَشْجَعَ قَوْمِهِ"" : مِنْ أَقْواهُمْ وَأَشَدِّهِمْ بَأْساً. 2.""هُوَ أَشْجَعُ مِنْ لَيْثٍ"" : أَكْثَرُ شَجاعَةً..."	
187	أَشَاجِعُ		شجع		اسم تفضيل			مذكر			جمع																Non		
188	شُجْعٌ		شجع		اسم تفضيل			مذكر			جمع																Non		
189	شُجْعى		شجع		اسم تفضيل			مؤنث			مفرد	+ات			Dy	Pf											Non		
190	أَشَدُّ		شدد		اسم تفضيل			مذكر	شُدَّى		مفرد	+ون			DnN		Pm										Non	"أَشَدُّ-أَشَدُّ [ش د د] (أَفْعَلُ التَّفْضيلِ). 1.""الحَذَرُ أَشَدُّ مِنَ الوَقيعَةِ"" (مثل). : الحَذَرُ أَقْوَى مِنْ...2.""هُوَ أَشَدُّ شَرَاسَةً"": أَكْثَرُ شَرَاسَةً. ¨ ""تَرَكْتُهُ أَسْوَأَ حالاً وَأَشَدَّ انْقِباضاً"". (ن. محفوظ). 3.""هُوَ أَشَدُّ سَواداً مِنَ الغُرابِ"": شَديدُ السَّوادِ. ""هُوَ أَشَدُّ بَياضاً""."	
191	أَشَادِدُ		شدد		اسم تفضيل			مذكر			جمع																Non		
192	شُدَّى		شدد		اسم تفضيل			مؤنث			مفرد	+ات			Dy	Pf											Non		
193	أَضْيَقُ		ضيق		اسم تفضيل			مذكر	ضُيْقَى;ضُوْقَى		مفرد				DnN												Non	"أَضْيَقُ-أَضْيَقُ[ض ي ق] (أَفْعَلُ التَّفْضيلِ). 1.""هَذا أَضْيَقُ شارِعٍ في الْمَدينَةِ"" : عَرْضُهُ ضَيِّقٌ لا يَسَعُ إِلاَّ عَدَداً قَليلاً مِنَ المارَّةِ. ""إِنَّهُ أَضْيَقُ طَريقٍ في المِنْطَقَةِ"". 2.""ما أَضْيَقَ العَيْشَ لَوْلاَ فُسْحَةُ الأَمَلِ""(الطغرائي) : ما أَشَدَّ ضَيْقَ العَيْشِ."	
194	أَضَايِقُ		ضيق		اسم تفضيل			مذكر			جمع																Non		
195	ضُيْقَى		ضيق		اسم تفضيل			مؤنث			مفرد	+ات			Dy	Pf											Non		
196	ضُوْقَى		ضيق		اسم تفضيل			مؤنث			مفرد	+ات			Dy	Pf											Non		
197	أَطْيَبُ		طيب		اسم تفضيل			مذكر	طُيْبَى;طوبَى		مفرد	+ون;أَطايِبُ;مؤ:;طوبَى;			DnN		Pm										Non	"(أَفْعَلُ التَّفْضيلِ). 1.""هُوَ مِنْ أَطْيَبِ النَّاسِ"" : مِنْ أَرَ"	
198	أَطايِبُ		طيب		اسم تفضيل			مذكر			جمع																Non		
199	طُيْبَى		طيب		اسم تفضيل			مؤنث			مفرد	+ات			Dy	Pf											Non		
200	طوبَى		طوب		اسم تفضيل			مؤنث			مفرد	+ات			Dy	Pf											Non		
201	أعْرَقُ		عرق		اسم تفضيل			مذكر	عُرْقَى		مفرد	+ون			DnN		Pm										Non	"أعْرَقُ-أعْرَقُ [ع ر ق] (أَفْعَلُ التَّفْضيلِ). ""هُوَ أعْرَقُ رَجُلٍ فِي الْمَدِينَةِ"" : ذُو العِرْقِ وَالأصْلِ. o ""هُوَ أعْرَقُ مِنْكَ فِي نَسَبِهِ""."	
202	أَعَارِقُ		عرق		اسم تفضيل			مذكر			جمع																Non		
203	عُرْقَى		عرق		اسم تفضيل			مؤنث			مفرد	+ات			Dy	Pf											Non		
204	أعْظَمُ		عظم		اسم تفضيل			مذكر	عُظْمَى		مفرد	+ون;أعَاظِمُ;			DnN		Pm										Non	"(أَفْعَلُ التَّفْضيلِ). 1.""كَانَ أعْظَمَ سُلْطَانٍ عَرَفَتْهُ البِلادُ"" : أكْبَرَ. 2. ""السَّوَادُ الأعْظَمُ مِنَ الأمَّةِ لا يَقْرَأُ"" : الأَغْلَبُ. 3. ""هِيَ أعْظَمُ أُمَّةٍ عَرَفَهَا التَّارِيخُ"" : أقْوَى."	
205	أعَاظِمُ		عظم		اسم تفضيل			مذكر			جمع																Non		
206	عُظْمَى		عظم		اسم تفضيل			مؤنث			مفرد	+ات			Dy	Pf											Non		
207	أعْلَمُ		علم		اسم تفضيل			مذكر			مفرد	+ون;عُلْم;مؤ:;عَلْمَاءُ;					Pm										Non	"(أَفْعَلُ التَّفْضيلِ). 1. ""هُوَ أَعْلَمُ مِنْ غَيْرِهِ بِعُلُومِ الفِقْهِ"" : أعْرَفُهُمْ، أَدْرَاهُمْ. 2.""اللَّهُ أعْلَمُ"" : أَيْ هُوَ العَالِمُ بِكُلِّ شَيءٍ."	
208	عُلْم		علم		اسم تفضيل			مذكر			جمع								Tn										
209	عَلْمَاءُ		علم		اسم تفضيل			مذكر			جمع																Non		
210	أَفْخَمُ		فخم		اسم تفضيل			مذكر	فُخْمَى		مفرد	+ون			DnN		Pm										Non	"أَفْخَمُ-أَفْخَمُ [ف خ م] (أَفْعَلُ التَّفْضيلِ). ""مَا رَأ"	
211	أَفَاخِمُ		فخم		اسم تفضيل			مذكر			جمع																Non		
212	فُخْمَى		فخم		اسم تفضيل			مؤنث			مفرد	+ات			Dy	Pf											Non		
213	أقْبَحُ		قبح		اسم تفضيل			مذكر	قُبْحَى		مفرد	+ون			DnN		Pm										Non	أقْبَحُ-أقْبَحُ [ق ب ح] (أَفْعَلُ التَّفْضيلِ). 	
214	أَقَابِحُ		قبح		اسم تفضيل			مذكر			جمع																Non		
215	قُبْحَى		قبح		اسم تفضيل			مؤنث			مفرد	+ات			Dy	Pf											Non		
216	أقْرأُ		قرء		اسم تفضيل			مذكر	قُرْأَى		مفرد	+ون			Dz		Pm										Non	"أقْرأُ-أقْرأُ [ق ر أ] (أَفْعَلُ التَّفْضيلِ). ""كانَ مِنْ أقْرَإِ الطُّلاَّبِ"": مِنْ أفْصَحِهِمْ قِراءةً أَوْ أَكْثَرهمْ قِراءةً."	
217	أَقَارِئُ		قرء		اسم تفضيل			مذكر			جمع																Non		
218	قُرْأَى		قرء		اسم تفضيل			مؤنث			مفرد	+ات			Dy	Pf											Non		
219	أقْرَبُ		قرب		اسم تفضيل			مذكر	قُرْبَى		مفرد	+ون			DnN		Pm										Non	"أقْرَبُ-أقْرَبُ [ق ر ب] (أَفْعَلُ التَّفْضيلِ). 1.""سَيَعودُ فِي أقْرَبِ وَقْتٍ مُمْكِنٍ"" : فِي أقْصَرِ مُهْلَةٍ. 2.""بِأقْرَبَ ما يُمْكِنُ"" : بِأسْرَعَ. 3.""هَذَا أقْرَبُ إلَى الوَاق"	
220	أَقَارِبُ		قرب		اسم تفضيل			مذكر			جمع																Non		
221	قُرْبَى		قرب		اسم تفضيل			مؤنث			مفرد	+ات			Dy	Pf											Non		
222	أقْسَى		قسو		اسم تفضيل			مذكر	قُسْوَى		مفرد	+ون			Dy		Pm										Non	"أقْسَى-أقْسَى [ق س و] (أَفْعَلُ التَّفْضيلِ). ""مِنْ أقْسَى النَّاسِ"": مِنْ أصْلَبِهِم، مِنْ أشدِّهِم بَأْساً، مِنْ أقْوَاهُمْ. o ""هُوَ أقْسَى مِنَ الصَّخْرِ""."	
223	أَقَاسِيُ		قسو		اسم تفضيل			مذكر			جمع							Tk									Non		
224	قُسْوَى		قسو		اسم تفضيل			مؤنث			مفرد	+ات			Dy	Pf											Non		
225	أكْبَرُ		كبر		اسم تفضيل			مذكر	كُبْرَى		مفرد	+ون;أكَابِرُ;مؤ:;كُبْرَى;كُبْرَيَاتٌ			DnN		Pm										Non	"(أَفْعَلُ التَّفْضيلِ). 1.""أكْبَرُ منِّي بِسَبْعِ سَنَواتٍ"" : عُمْرُهُ يَفُوقُ عُمْرِي... 2.""هُوَ الأكْبَرُ وَأنَا الأصْغَرُ"" : هُوَ البِكْرُ. 3.""اللَّهُ أكْبَرُ"" : الأعْظَمُ، الأَجَلُّ. 4.""هُوَ مِنْ أكَابِرِ القَوْمِ"" : مِنْ شُرَفَائِهِمْ، مِنْ أَعْيَانِهِمْ. 5.""جَرِيدَةٌ مِنْ كُبْرَيَاتِ الصُّحُفِ"" : أكْثَرُهَا مَكَانَةً وانتِشَاراً."	
226	أكَابِرُ		كبر		اسم تفضيل			مذكر			جمع																Non		
227	كُبَرٌ		كبر		اسم تفضيل			مذكر			جمع																Non		
228	كُبْرَى		كبر		اسم تفضيل			مؤنث			مفرد	+ات;كُبَرٌ;مؤنث;أَكْبَر;			Dy	Pf											Non	". 1.""الأُخْتُ الكُبْرَى"" : الأُخْتُ الَّتِي تَكْبُرُكَ. 2.""الثَّوْرَةُ الكُبْرَى"" : الثَّوْرَةُ العُظْمَى. ""الدَّوْلَتَانِ الكُبْرَيَانِ"" ""كُبْرَيَاتُ الصُّحُفِ""."	
229	ألَذُّ		لذذ		اسم تفضيل			مذكر	لُذَّى		مفرد	+ون			DnN		Pm										Non	"ألَذُّ-ألَذُّ [ل ذ ذ] (أَفْعَلُ التَّفْضيلِ). ""إنَّهُ طَعَامٌ مِنْ ألَذِّ مَا أكَلْتُ"" : طَيِّبُ الْمَذَاقِ، لَذِيذٌ جِدّاً. ""العَفْوُ عِنْدَ القَادِرِ ألَذُّ مِنَ الانْتِقَامِ"". (التوحِيدي)."	
230	أَلَاذِذُ		لذذ		اسم تفضيل			مذكر			جمع																Non		
231	لُذَّى		لذذ		اسم تفضيل			مؤنث			مفرد	+ات			Dy	Pf											Non		
232	ألْيَنُ		لين		اسم تفضيل			مذكر	لُيْنَى		مفرد	+ون			DnN		Pm										Non	"ألْيَنُ-ألْيَنُ [ل ي ن] (أَفْعَلُ التَّفْضيلِ). ""هُوَ مِنْ ألْيَنِ إِخْوَتِهِ"": أَكْثَرُهُمْ رِقَّةً وَسَمَاحَةً، يَمْتَازُ بِاللُّيُونَةِ وَالنُّعُومَةِ."	
233	أَلَايِنُ		لين		اسم تفضيل			مذكر			جمع																Non		
234	لُيْنَى		لين		اسم تفضيل			مؤنث			مفرد	+ات			Dy	Pf											Non		
235	أَمْثَلُ		مثل		اسم تفضيل			مذكر	مُثْلى		مفرد	أَماثِلُ;مؤ:;مُثْلى;مُثْلَيَاتٌ;															Non	"(أَفْعَلُ التَّفْضيلِ). 1.""هُوَ أَمْثَلُ زُمَلاَئِهِ"" : الأفْضَلُ. 2.""أَماثِلُ النَّاسِ"" : خِيارُهُم. 3.""الطَّريقَةُ الْمُثْلى"" : الفُضْلى. ""لاَبُدَّ مِنْ مُراعَاةِ طَريقَةٍ مُثْلى لِتَقْديمِ عَمَلِكَ"". 4.""هُوَ اليَوْمُ الأَمْثَلُ"" : الأَحْسَنُ حالاً."	
236	أَماثِلُ		مثل		اسم تفضيل			مذكر			جمع																Non		
237	مُثْلى		مثل		اسم تفضيل			مؤنث			مفرد	+ات			Dy	Pf											Non		
238	أَمَرُّ		مرر		اسم تفضيل			مذكر	مُرَّى		مفرد	مؤ:;مُرَّى;			DnN												Non	"(أَفْعَلُ التَّفْضيلِ). 1.""أَمَرُّ مِنَ الحَنْظَلِ"" : أَكْثَرُ مَرارةً مِنْ... 2.""هُوَ أَمَرُّ عِقْداً مِنْ صاحِبِهِ"" : أيْ أَحْكمُ أَمْراً مِنْهُ وَأَوْفى ذِمَّةً. 3. يُطْلَقُ الأَمَرُّ على الْمَصارِينِ الَّتي يَجْتَمِعُ فيها الفَرْثُ. ن. أَمَرَّانِ."	
239	أَمَارِرُ		مرر		اسم تفضيل			مذكر			جمع																Non		
240	مُرَّى		مرر		اسم تفضيل			مؤنث			مفرد	+ات			Dy	Pf											Non		
241	أَمْلَحُ		ملح		اسم تفضيل			مذكر	مُلْحَى		مفرد	+ون			DnN		Pm										Non	"أَمْلَحُ-أَمْلَحُ [م ل ح] (أَفْعَلُ التَّفْضيلِ). ""ما أَمْلَحَ الوَلَدَ"" : ما أَجْمَلَهُ، ما أَحْسَنَهُ، أَيْ هُوَ أَكْثَرُ حُسْناً وَجَمالاً وَصَباحَةً. ""ما أَمْلَحَهُ""."	
242	أَمَالِحُ		ملح		اسم تفضيل			مذكر			جمع																Non		
243	مُلْحَى		ملح		اسم تفضيل			مؤنث			مفرد	+ات			Dy	Pf											Non		
244	أَمْيَلُ		ميل		اسم تفضيل			مذكر	مَيْلاءُ		مفرد	+ون;مِيلٌ;مؤ:;مَيْلاءُ;					Pm										Non	"(أَفْعَلُ التَّفْضيلِ). 1.""نَفْسي أَمْيَلُ إِلَيْهِ"" : أَكْثَرُ نُزوعاً وَعَطْفاً وَمَحَبَّةً إِلَيْهِ.أَقيمُوا بَني أُمِّي صُدورَ مَطِيِّكُمْ*فإِنِّي إلى قَوْمٍ سِواكُمْ لأمْيَلُ (الشنفرى). 2.""بِنَاءٌ أَمْيَلُ"" : مائِلٌ، وَهُوَ هُنَا صِفَةٌ."	
245	مِيلٌ		ميل		اسم تفضيل			مذكر			جمع								Tn										
246	مَيْلاءُ		ميل		اسم تفضيل			مؤنث			مفرد																Non		
247	أَنْدَى		ندي		اسم تفضيل			مذكر	نُدْيَا		مفرد	+ون			Dy		Pm										Non	"أَنْدَى-أَنْدَى [ن د ي] (أَفْعَلُ التَّفْضيلِ). ""أَنْدَى رَجُلٍ في الجَماعَةِ"" : أَكْثَرُهُم عَطاءً."	
248	أَنَادِيُ		ندي		اسم تفضيل			مذكر			جمع							Tk									Non		
249	نُدْيَا		ندي		اسم تفضيل			مؤنث			مفرد	+ات			Dy	Pf											Non		
250	أَنْسَبُ		نسب		اسم تفضيل			مذكر	نُسْبَى		مفرد	+ون			DnN		Pm										Non	"أَنْسَبُ-أَنْسَبُ [ن س ب] (أَفْعَلُ التَّفْضيلِ). 1.""هَذِهِ المِهْنَةُ أَنْسَبُ لَكَ مِنْ غَيْرِها"" : أَوْفَقُ لكَ، أَكْثَرُ مُلاَءَمَةً لِفِكْرِكَ وَمِزَاجِكَ. 2.""هَذا البَيْتُ أَنْسَبُ مِنْ ذاكَ الَّذِي كُنْتَ تَسْكُنُهُ مِنْ قَبْلُ"" : أَحْسَنُ، أَرْيَحُ، أَوْفَقُ."	
251	أَنَاسِبُ		نسب		اسم تفضيل			مذكر			جمع																Non		
252	نُسْبَى		نسب		اسم تفضيل			مؤنث			مفرد	+ات			Dy	Pf											Non		
253	أَنْفَسُ		نفس		اسم تفضيل			مذكر	نُفْسَى		مفرد	+ون			DnN		Pm										Non	"أَنْفَسُ-أَنْفَسُ [ن ف س] (أَفْعَلُ التَّفْضيلِ). ""ثَوْبٌ مِنْ أَنْفَسِ الأثْوابِ الْمَوْجودَةِ في السُّوقِ"" : مِنْ أَجْوَدِ، أَثْمَنِ، أَرْقَى. ""أَنْفَسُ جَوْهَرَةٍ رَأَيْتُها""."	
254	أَنَافِسُ		نفس		اسم تفضيل			مذكر			جمع																Non		
255	نُفْسَى		نفس		اسم تفضيل			مؤنث			مفرد	+ات			Dy	Pf											Non		
256	أنْوَأُ		نوء		اسم تفضيل			مذكر	نُوْأَى		مفرد	+ون			Dz		Pm										Non	"أنْوَأُ-أنْوَأُ [ن و أ] (أَفْعَلُ التَّفْضيلِ). ""رَجُلٌ أنْوأُ"" : أعْلَمُ بِالأَنْوَاءِ."	
257	أَنَاوِئُ		نوء		اسم تفضيل			مذكر			جمع																Non		
258	نُوْأَى		نوء		اسم تفضيل			مؤنث			مفرد	+ات			Dy	Pf											Non		
259	أَنْوَرُ		نور		اسم تفضيل			مذكر	نُوْرَى		مفرد	+ون			DnN		Pm										Non	"أَنْوَرُ-أَنْوَرُ [ن و ر] (أَفْعَلُ التَّفْضيلِ). 1.""رَجُلٌ أنْوَرُ"" : حَسَنٌ، مُشْرِقُ الوَجْهِ. 2.""هَذَا أنْوَرُ مِنْ ذَاكَ"" : أوْضَحُ، أبْيَنُ. 3.: اِسْمُ عَلَمٍ."	
260	أَنَاوِرُ		نور		اسم تفضيل			مذكر			جمع																Non		
261	نُوْرَى		نور		اسم تفضيل			مؤنث			مفرد	+ات			Dy	Pf											Non		
262	أقْصَرُ		قصر		اسم تفضيل			مذكر	قُصْرَى		مفرد	+ون;أقَاصِيرُ;مؤ:;قُصْرَى			DnN		Pm										Non	"ج: أقَاصِيرُ. مؤ: قُصْرَى. (أَفْعَلُ التَّفْضيلِ). 1.""كَانَ أقْصَرَ رَجُلٍ"" : قَاَمتُهُ قَصِيرَةٌ. 2.""قَطَعَ الْمَسَافَةَ فِي أقْصَرِ وَقْتٍ"" : فِي أَقَلِّ وَقْتٍ."	
263	أقَاصِيرُ		قصر		اسم تفضيل			مذكر			جمع																Non		
264	قُصْرَى		قصر		اسم تفضيل			مؤنث			مفرد	+ات			Dy	Pf											Non		
265	أخفُّ		خفف		اسم تفضيل			مذكر	خُفَّى		مفرد	+ون			DnN		Pm										Non	"أخفُّ-أخفُّ [خ ف ف] (أَفْعَلُ التفْضِيلِ). 1. ""هَذِه السَّلَّةُ أخَفُّ مِنَ الأُخْرَى"" : أَقَلُّ وَزْناً. 2. ""أَخَفُّ الضَّرَرَيْنِ"" : الأَهْوَنُ وَالأقَلُّ ضَرَرًا."	
266	أَخَافِفُ		خفف		اسم تفضيل			مذكر			جمع																Non		
267	خُفَّى		خفف		اسم تفضيل			مؤنث			مفرد	+ات			Dy	Pf											Non		
268	أَرْدَأَ		ردء		اسم تفضيل			مذكر	رُدْأَى		مفرد				Dz												Non	"أَرْدَأَ-أَرْدَأَ [ر د أ] (أفْعَلُ التَّفْضِيل). 1. ""هَذا الطَّبِيخُ مِنْ أَرْدَإِ مَا أَكَلْتُ"" : مِنْ أَسْوَإِ. 2. ""هُوَ أَرْدَأُ خُلُقًا مِنْ صَاحِبِهِ"" : أَرْذَلُ."	
269	أَرَادِئُ		ردء		اسم تفضيل			مذكر			جمع																Non		
270	رُدْأَى		ردء		اسم تفضيل			مؤنث			مفرد	+ات			Dy	Pf											Non		
271	أوْسَمُ		وسم		اسم تفضيل			مذكر	وُسْمَى		مفرد	+ون			DnN		Pm										Non	"أوْسَمُ-أوْسَمُ [و س م] (أفْعَلُ التَّفْضِيل). ""مِنْ أوْسَمِ أقْرَانِهِ"": مِنْ أجْمَلِهِمْ، مِنْ أحْسَنِهِمْ."	
272	أَوَاسِمُ		وسم		اسم تفضيل			مذكر			جمع																Non		
273	وُسْمَى		وسم		اسم تفضيل			مؤنث			مفرد	+ات			Dy	Pf											Non		
274	أَبْهَى		بهي		اسم تفضيل			مذكر	بُهْيَا		مفرد	+ون			Dy		Pm										Non	"أَبْهَى-أَبْهَى [ب هـ ي] (أفْعَلُ التَّفْضِيلِ).""أَبْهَى وَجْهٍ"": أَجْمَلُ، أَحْسَنُ. ""أَلْطَفُ مِنَ الهَوَاءِ وَأبْهَى مِنَ القَمَرِ"". (التوحيدي)."	
275	أَبَاهِيُ		بهي		اسم تفضيل			مذكر			جمع							Tk									Non		
276	بُهْيَا		بهي		اسم تفضيل			مؤنث			مفرد	+ات			Dy	Pf											Non		
277	أَسْوَأُ		سوء		اسم تفضيل			مذكر	سُوْأَى		مفرد	+ون;مؤ:;سُوْأَى;			Dz		Pm										Non	"(أفْعَلُ التَّفْضِيلِ). 1.""يَسيرُ مِنْ سَيِّىٍء إلى أَسْوَأَ"" : لاَ يُظْهِرُ أَيَّ تَقَدُّمٍ، بَلْ يَتَأَخَّرُ يَوْماً بَعْدَ يَوْمٍ، مِنَ القَبِيحِ إلى ما هُوَ أَقْبَحُ. ""كانَ يَنْتَظِرُ ما هُوَ أَسْوَأُ"". 2.""هُوَ مِنْ أَسْوَإِ ما رَأَيْتُ"" : مِنْ أَرْدَإِ. ""مِنْ أَسْوَإِ خَلْقِ اللَّهِ""."	
278	أَسَاوِئُ		سوء		اسم تفضيل			مذكر			جمع																Non		
279	سُوْأَى		سوء		اسم تفضيل			مؤنث			مفرد	+ات			Dy	Pf											Non		
280	أَصْغَرُ		صغر		اسم تفضيل			مذكر	صُغْرَى		مفرد	+ون;أَصاغِرُ;مؤ:;صُغْرى;صُغْرَياتٌ;			DnN		Pm										Non	"(أفْعَلُ التَّفْضِيلِ). ""هُوَ أَصْغَرُ إِخْوانِهِ"" : سِنُّهُ أَقَلُّ"	
281	أَصاغِرُ		صغر		اسم تفضيل			مذكر			جمع																Non		
282	صُغْرَى		صغر		اسم تفضيل			مؤنث			مفرد	+ات			Dy	Pf											Non	". ""هِيَ صُغْرَى بَنَاتِهِ"" : أَيْ هِيَ أَصْغَرُهُنَّ."	
283	أَضْخَمُ		ضخم		اسم تفضيل			مذكر	ضُخْمَى		مفرد	+ون			DnN		Pm										Non	"أَضْخَمُ-أَضْخَمُ [ض خ م] (أفْعَلُ التَّفْضِيلِ). ""كانَ أَضْخَمَ رَجُلٍ في الحَفْلَةِ"" : عَظِيمَ الْجِسْمِ، أَيْ لَهُ جِسْمٌ ضَخْمٌ."	
284	أَضَاخِمُ		ضخم		اسم تفضيل			مذكر			جمع																Non		
285	ضُخْمَى		ضخم		اسم تفضيل			مؤنث			مفرد	+ات			Dy	Pf											Non		
286	أعْرَفُ		عرف		اسم تفضيل			مذكر			مفرد				DnN		Pm										Non	"(أفْعَلُ التَّفْضِيلِ). ""هُوَ أعْرَفُ مِنْهُ بِطُرُقِ الْمَدِينَةِ"" : أدْرَى."	
287	أعَزُّ		عزز		اسم تفضيل			مذكر	عُزَّى		مفرد	+ون			DnN		Pm										Non	"أعَزُّ-أعَزُّ [ع ز ز] (أفْعَلُ التَّفْضِيلِ). 1. ""هُوَ مِنْ أعَزِّ أصْدِقَائِهِ"" : أغْلَى. 2. ""هَذَا أعَزُّ عَلَيَّ مِنْ نَفْسِي"" : أقْرَبُ، أنْفَسُ، أغْلَى. o ""الزَّمانُ أعَزُّ مِنْ أنْ يُبْذَلَ فِي الأكْلِ وَالشُّرْبِ وَالتَّلَذُّذِ وَالتَّمَتُّعِ"". (التوحيدي)."	
288	أَعَازِزُ		عزز		اسم تفضيل			مذكر			جمع																Non		
289	عُزَّى		عزز		اسم تفضيل			مؤنث			مفرد	+ات			Dy	Pf											Non		
290	أفْضَلُ		فضل		اسم تفضيل			مذكر	فُضْلَى		مفرد	+ون;أفَاضِلُ;مؤ:;فُضْلَى;فُضْلَيَاتٌ;			DnN		Pm										Non	"(أفْعَلُ التَّفْضِيلِ). 1.""هُوَ أفْضَلُ قَوْمِهِ"" : أكْثَرُهُمْ فَضْلاً. 2. ""هِيَ فُضْلَى بَنَاتِ"	
291	أفَاضِلُ		فضل		اسم تفضيل			مذكر			جمع																Non		
292	فُضْلَى		فضل		اسم تفضيل			مؤنث			مفرد	+ات			Dy	Pf											Non		
293	أفْكَهُ		فكه		اسم تفضيل			مذكر	فُكْهَى		مفرد	+ون			DnN		Pm										Non	"أفْكَهُ-أفْكَهُ [ف ك هـ] (أفْعَلُ التَّفْضِيلِ). ""إنَّهُ لَمُمثِّل"	
294	أَفَاكِهُ		فكه		اسم تفضيل			مذكر			جمع																Non		
295	فُكْهَى		فكه		اسم تفضيل			مؤنث			مفرد	+ات			Dy	Pf											Non		
296	أقْدَرُ		قدر		اسم تفضيل			مذكر	قُدْرَى		مفرد	+ون			DnN		Pm										Non	"أقْدَرُ-أقْدَرُ [ق د ر] (أفْعَلُ التَّفْضِيلِ). ""هُوَ أقْدَرُ مِنْ غَيْر"	
297	أَقَادِرُ		قدر		اسم تفضيل			مذكر			جمع																Non		
298	قُدْرَى		قدر		اسم تفضيل			مؤنث			مفرد	+ات			Dy	Pf											Non		
299	أَكْثَرُ		كثر		اسم تفضيل			مذكر	كُثْرَى		مفرد	+ون			DnN		Pm										Non	"أَكْثَرُ-أَكْثَرُ [ك ث ر] (أفْعَلُ التَّفْضِيلِ). 1.""عَدَدُ الغَائِبِينَ اليَوْمَ أكْثَرُ مِن عدَدِ الغائِبِينَ أَمْسِ"" : أعْلَى عَدَداً. 2.""أكْثَرُ النَّاسِ لاَ يَعْلَمُونَ الحَقِيقَةَ"" : أغْلَبُهُمْ.الدخان آي"	
300	أَكَاثِرُ		كثر		اسم تفضيل			مذكر			جمع																Non		
301	كُثْرَى		كثر		اسم تفضيل			مؤنث			مفرد	+ات			Dy	Pf											Non		
302	أكْرَمُ		كرم		اسم تفضيل			مذكر	كُرْمَى		مفرد	+ون;أكَارِمُ;			DnN		Pm										Non	"(أفْعَلُ التَّفْضِيلِ). 1.""أَكْرَمُ مِنْ حَاتِمٍ الطَّائِيِّ"" : أكْثَرُ كَرماً وَعَطَاءً مِنْ... 2. الحجرات آية 13 إنَّ أكْرَمَكُمْ عِنْدَ اللَّهِ أتْقَاكُمْ (قرآن): إِنَّ أَفْضَلَكُمْ فَخْراً وَعَطَاءً وَسَخَاءً..."	
303	أكَارِمُ		كرم		اسم تفضيل			مذكر			جمع																Non		
304	كُرْمَى		كرم		اسم تفضيل			مؤنث			مفرد	+ات			Dy	Pf											Non		
305	أَشْرَفُ		شرف		اسم تفضيل			مذكر	شُرْفَى		مفرد	+ون;شُرْفٌ;مؤ:;شُرْفَى;			DnN		Pm										Non	"(أفْعَلُ التَّفْضيل). ""مِنْ أَشْرَفِ النَّاسِ"" : مِنْ أَفاضِلِهِمْ حَسَباً وَشَرَفاً، مِنْ أَنْبَلِهِمْ."	
306	أَشَارِفُ		شرف		اسم تفضيل			مذكر			جمع																Non		
307	شُرْفٌ		شرف		اسم تفضيل			مذكر			جمع								Tn										
308	شُرْفَى		شرف		اسم تفضيل			مؤنث			مفرد	+ات			Dy	Pf											Non		
309	أشْهَرُ		شهر		اسم تفضيل			مذكر	شُهْرَى		مفرد	+ون			DnN		Pm										Non	"أشْهَرُ-أشْهَرُ [ش هـ ر] (أفْعَلُ التَّفْضيل). 1.""هَوَ أَشْهَرُ لاَعِبٍ دَوْلِيٍّ"": ذَائِعُ الصِّيتِ، مَشْهورٌ. 2.""أَشْهَرُ مِنْ نارٍ على عَلَمٍ"": تَعْبيرٌ يُقالُ عَنِ الْمَشْهورِ وَمَنْ لا يَحْتاجُ إلى تَعْريفٍ."	
310	أَشَاهِرُ		شهر		اسم تفضيل			مذكر			جمع																Non		
311	شُهْرَى		شهر		اسم تفضيل			مؤنث			مفرد	+ات			Dy	Pf											Non		
312	أَصْلَحُ		صلح		اسم تفضيل			مذكر	صُلْحَى		مفرد	+ون			DnN		Pm										Non	"أَصْلَحُ-أَصْلَحُ [ص ل ح] (أفْعَلُ التَّفْضيل). 1."" هُوَ أَصْلَحُ لِيَقومَ بِهَذَا العَمَلِ"" :"	
313	أَصَالِحُ		صلح		اسم تفضيل			مذكر			جمع																Non		
314	صُلْحَى		صلح		اسم تفضيل			مؤنث			مفرد	+ات			Dy	Pf											Non		
315	أعْنَفُ		عنف		اسم تفضيل			مذكر	عُنْفَى		مفرد	+ون			DnN		Pm										Non	"أعْنَفُ-أعْنَفُ [ع ن ف] (أفْعَلُ التَّفْضيل). ""كانَتِ الرِّحْلَةُ أَشَقَّ وَأعْنَفَ"" : أشَدَّ وَأَقْسَى."	
316	أَعَانِفُ		عنف		اسم تفضيل			مذكر			جمع																Non		
317	عُنْفَى		عنف		اسم تفضيل			مؤنث			مفرد	+ات			Dy	Pf											Non		
318	أَغْزَرُ		غزر		اسم تفضيل			مذكر	غُزْرَى		مفرد				DnN												Non	"أَغْزَرُ-أَغْزَرُ [غ ز ر] (أفْعَلُ التَّفْضيل). ""كَانَتْ غَلَّةُ هَذِهِ السَّنَةِ أغْزَرَ مِن غَلَّةِ السَّنَوَاتِ السَّابِقَةِ"" : أكْثَرَ، أوْفَرَ."	
319	أَغَازِرُ		غزر		اسم تفضيل			مذكر			جمع																Non		
320	غُزْرَى		غزر		اسم تفضيل			مؤنث			مفرد	+ات			Dy	Pf											Non		
321	أوْثَقُ		وثق		اسم تفضيل			مذكر	وُثْقَى		مفرد	+ون;مؤ:;وُثْقَى;			DnN		Pm										Non	"(أفْعَلُ التَّفْضيل). 1.""لاَ أوْثَقَ مِنْهُ"" : لاَ أحْكَمَ مِنْهُ، عَلَى جَانِبٍ كَبِيرٍ مِنَ الوُثُوقِ. 2.""وَكَانَتِ العُرْوَةُ الوُثْقَى تَشُدُّهُمَا"" : العُرْوَةُ الصَّلْبَةُ."	
322	أَوَاثِقُ		وثق		اسم تفضيل			مذكر			جمع																Non		
323	وُثْقَى		وثق		اسم تفضيل			مؤنث			مفرد	+ات			Dy	Pf											Non	"وُثْقَى-وُثْقَى [و ث ق] (مُؤَنَّثُ أَوْثَق أَفْعَل التَّفْضِيلِ). ""العُرْوَةُ الوُثْقَى"" : الدِّينُ الْحَنِيفُ فَهُوَ كَالعِقْدِ الْمُحْكَمِ تَشْبِيهاً لَهُ بِالعُرْوَةِ الَّتِي لاَ تَنْقَطِعُ وَلاَ تَنْفَصِمُ. البقرة آية 256فَمَنْ يَكْفُرْ بِالطَّاغُوتِ وَيُؤْمِنْ بِاللَّهِ فَقَدِ اسْتَمْسَكَ بِالعُرْوَةِ الوُثْقَى ( قرآن)."	
324	أَوْفَرُ		وفر		اسم تفضيل			مذكر	وَفْرَاءُ		مفرد	وُفْرٌ;مؤ:;وَفْرَاءُ;															Non	"(أفْعَلُ التَّفْضيل). 1.""قَدَّمَ لَهُ إنَاءً أوْفَرَ"" : مَمْلُوءاً. 2.""كَانَ أوْفَرَ حَظّاً مِنْهُ"" : أكْثَرَ حَظّاً."	
325	وُفْرٌ		وفر		اسم تفضيل			مذكر			جمع								Tn										
326	وَفْرَاءُ		وفر		اسم تفضيل			مؤنث			مفرد																Non		
327	أشْبَهُ		شبه		اسم تفضيل			مذكر	شُبْهَى		مفرد	+ون			DnN		Pm										Non	"أشْبَهُ-أشْبَهُ [ش ب هـ] (أفْعَلُ التَّفْضيلِ). 1.""هُوَ أَشْبَهُ بِأَخِيهِ"": مُماثِلٌ لَهُ. 2.""ما أَشْبَهَ اللَّيْلَةَ بِالبارِحَةِ"". (مثل): هَذِهِ اللَّيْلَةُ مُماثِلَةٌ لِلْبارِحَةِ، وَهُوَ مَثَلٌ ي"	
328	أَشَابِهُ		شبه		اسم تفضيل			مذكر			جمع																Non		
329	شُبْهَى		شبه		اسم تفضيل			مؤنث			مفرد	+ات			Dy	Pf											Non		
330	أَطْوَلُ		طول		اسم تفضيل			مذكر	طُولَى		مفرد	+ون;أَطاوِلُ;مؤ:;طُولى;			DnN		Pm										Non	"(أفْعَلُ التَّفْضيلِ). ""هُوَ أَطْوَلُ لاعِبٍ في الفَريقِ"" : أَكْثَرُهُمْ طولاً."	
331	أَطاوِلُ		طول		اسم تفضيل			مذكر			جمع																Non		
332	طُولَى		طول		اسم تفضيل			مؤنث			مفرد	+ات			Dy	Pf											Non	"طُولَى-طُولَى [ط و ل]. ""لَهُ اليَدُ الطُّولَى فِي هَذَا العَمَلِ"": الفَضْلُ الكَبِيرُ. ""لَهُ يَدٌ طُولَى فِي العَمَلِ""."	
333	أَعَمُّ		عمم		اسم تفضيل			مذكر	عُمَّى		مفرد				DnN												Non	"أَعَمُّ-أَعَمُّ [ع م م] (أفْعَلُ التَّفْضيلِ). ""لَهُ رَأيٌ أعَمُّ"" : أوْسَعُ، أشْمَلُ."	
334	أَعَامِمُ		عمم		اسم تفضيل			مذكر			جمع																Non		
335	عُمَّى		عمم		اسم تفضيل			مؤنث			مفرد	+ات			Dy	Pf											Non		
336	أغْلَى		غلو		اسم تفضيل			مذكر	غُلْيَا		مفرد				DnN												Non	"أغْلَى-أغْلَى [غ ل و] (أفْعَلُ التَّفْضيلِ). 1. ""هُوَ مِنْ أَغْلَى ا"	
337	أَغَالِيُ		غلو		اسم تفضيل			مذكر			جمع							Tk									Non		
338	غُلْيَا		غلو		اسم تفضيل			مؤنث			مفرد	+ات			Dy	Pf											Non		
339	أَمْضى		مضي		اسم تفضيل			مذكر	مُضْيَا		مفرد				Dy												Non	"أَمْضى-أَمْضى [م ض ي] (أفْعَلُ التَّفْضيلِ). ""أَمْضى مِنَ السَّيْفِ"" : أَكْثَرُ حِدَّةً مِنَ السَّيْفِ."	
340	أَمَاضِيُ		مضي		اسم تفضيل			مذكر			جمع							Tk									Non		
341	مُضْيَا		مضي		اسم تفضيل			مؤنث			مفرد	+ات			Dy	Pf											Non		
342	أعْلَى		علو		اسم تفضيل			مذكر	عُلْيَا		مفرد	+ون;عُلاً;مؤ:;عُلْيا;جمع;العاقل;:;الأعْلَوْنَ;أَوِ;الأَعَالِي;لِغَيْرِ;العَاقِلِ			Dy		Pm										Non	"الأَعالِي-الأَعالِي [ع ل و] (أفْعَلُ التَّفْضيلِ) (صف). 1 ""كانَ أَعْلَى مِنْهُ شَرَفاً"" : أَرْفَعَ مِنْهُ شَرَفاً. 2.""وَصَلَ إلى أَعْلَى مَكانٍ فِي الجَبَلِ"" : قِمَّة الجَبَلِ. 3.""مِنْ أَعْلَى الهَرَمِ إلى أَسْفَلِهِ"" : مِنْ فَوْقِهِ. 4. ""كانَ مَثَلاً أعْلَى فِي الصِّدْقِ"" : أسْمَى. 5. ""حَسَبَ مَا وَرَدَ أعْلاَهُ"" : مَا سَبَقَ ذِكْرُهُ فِي السُّطُورِ أوِ الصَّفَحَاتِ السَّابِقَةِ."	
343	عُلاً		علو		اسم تفضيل			مذكر			جمع								Tn										
344	أَعَالِيُ		علو		اسم تفضيل			مذكر			جمع							Tk									Non		
345	عُلْيَا		علو		اسم تفضيل			مؤنث			مفرد	عُلىً;مُؤَنَّثُ;أَعْلَى;															Non	". 1.""حَصَلَ عَلَى مَكَانَةٍ عُلْيَا"" : عَلَى مَكَانَةٍ مَرْمُوقَةٍ. ""لَهُ قِيمَةٌ عُلْيَا"". 2. ""نَالَ شَهَادَةً عُلْيَا"" : شَهَادَةً جَامِعِيَّةً. 3. ""الْيَدُ الْعُلْيَا خَيْرٌ مِنَ الْيَدِ السُّفْلَى"" : الْيَدُ الْمُعْطِيَةُ. 4. ""الْقِيَادَةُ الْعُلْيَا لِلْقُوَّاتِ الْمُسَلَّحَةِ"" : قِيَادَةُ الأَرْكَانِ."	
346	أْفْصَحُ		فصح		اسم تفضيل			مذكر	فُصْحَى		مفرد	+ون;أفاصح;مؤ:;فُصْحَى;+ات;			DnN		Pm										Non	"(أفْعلُ التَّفْضِيلِ). 1.""كانَ أفْصَحَ قَوْمِهِ"" : أبْلَغَهُمْ، أحْسَنَهُمْ لُغَةً وَبَياَناً وَبَلاَغَةً. 2.""يُتْقِنُ ال"	
347	أَفَاصِحُ		فصح		اسم تفضيل			مذكر			جمع																Non		
348	فُصْحَى		فصح		اسم تفضيل			مؤنث			مفرد	+ات			Dy	Pf											Non		". ""يَتَكَلَّمُ بِاللُّغَةِ الْعَرَبِيَّةِ الْفُصْحَى"" : اللُّغَةُ الْعَرَبِيَّةُ الْمُطَاب"
349	أَقْوَمُ		قوم		اسم تفضيل			مذكر	قُومَى		مفرد	+ون			DnN		Pm										Non	"أَقْوَمُ-أَقْوَمُ [ق و م] (أفعَل التَّفْضِيلِ). 1.""هُوَ أقْوَمُ عَمَلاً مِنْ غَيْرِهِ"" : أعْدَلُ، وَأكْمَلُ. 2.الإسراء آية 9 إنّ"	
350	أَقَاوِمُ		قوم		اسم تفضيل			مذكر			جمع																Non		
351	قُومَى		قوم		اسم تفضيل			مؤنث			مفرد	+ات			Dy	Pf											Non		
352	أَدْهَى		دهي		اسم تفضيل			مذكر	دُهْيَا		مفرد	+ون			Dy		Pm										Non	"أَدْهَى-أَدْهَى [د هـ ي] (أفعل التفضيل). 1.""كانَ أَدْهَى وَلَدٍ فِي الفَصْلِ"" : الأكْثَرَ دَهَاءً. 2.""هَذِهِ الْمُصِيبَةُ أَدْهَى وأَمَرُّ"": أَشَدُّ وَأَقْوَى."	
353	أَدَاهِيُ		دهي		اسم تفضيل			مذكر			جمع							Tk									Non		
354	دُهْيَا		دهي		اسم تفضيل			مؤنث			مفرد	+ات			Dy	Pf											Non		
355	أَمْجَدُ		مجد		اسم تفضيل			مذكر	مُجْدَى		مفرد	+ون;أَماجِدُ;			DnN		Pm										Non	"(أَفْعَلُ التَّفْضيل مِنْ مَجُدَ). ""هُوَ مِنَ الأَماجِدِ"" : مِن العُظَماءِ."	
356	أَماجِدُ		مجد		اسم تفضيل			مذكر			جمع																Non		
357	مُجْدَى		مجد		اسم تفضيل			مؤنث			مفرد	+ات			Dy	Pf											Non		
358	أَكْفَأُ		كفء		اسم تفضيل			مذكر	كُفْأَى		مفرد	+ون			Dz		Pm										Non	"أَكْفَأُ-أَكْفَأُ [ك ف ء]. ""مِنْ أَكْفَإِ النَّاسِ"" : مِنْ أقْدَرِ النَّاسِ وَأحْسَنِهِمْ تَصْرِيفاً للأُمُورِ."	
359	أَكَافِئُ		كفء		اسم تفضيل			مذكر			جمع																Non		
360	كُفْأَى		كفء		اسم تفضيل			مؤنث			مفرد	+ات			Dy	Pf											Non		
361	أَوَّلُ		أول		اسم تفضيل			مذكر	أولَى		مفرد	+ون;أوَائِلُ;مؤ:;أولَى;			DnN		Pm										Non	". 1.""أوَّلُ مَا تَبْتَدِئُ بِهِ"" : بادِئَ ذِي بَدْءٍ. 2.""أوَّلُ الأمْرِ"" : فِي البِدَايَةِ. ""أوَّلُ الغَيْثِ قَطْرٌ"" ""قَرَأ الكِتَابَ مِنَ الأوَّلِ إلَى الآخِرِ"". 3.""لَقِيتُهُ أوَّلَ أمْسِ"" : مَا قَبْلَ الأمْسِ. 4.""يَزْرَعُ الأوَّلُونَ وَيَأْكُلُ الآخِرُونَ"" : القُدَمَاءُ. 5.""اللَّهُ هُوَ الأوَّلُ والآخِرُ"" : الخَالِدُ"	
362	أوَائِلُ		أول		اسم تفضيل			مذكر			جمع																Non		
363	أولَى		أول		اسم تفضيل			مؤنث			مفرد	+ات			Dy	Pf											Non		
364	أَسْفَلُ		سفل		اسم تفضيل			مذكر	سُفْلَى		مفرد	+ون;أَسافِلُ;			DnN		Pm										Non	". 1.""كانَ في أَسْفَلِ السُّلَّمِ يَنْتَظِرُ نُزولِي"": تَحْتَ السُّلَّمِ. ""كُنْتُ في أَعْلَى السُّلَّمِ وَكانَ في أَسْفَلِهِ"".التين آية 5 ثُمَّ رَدَدْناهُ أَسْفَل سافِلِينَ (قرآن): "	
365	أَسافِلُ		سفل		اسم تفضيل			مذكر			جمع																Non		
366	سُفْلَى		سفل		اسم تفضيل			مؤنث			مفرد	+ات			Dy	Pf											Non		
367	أقَلُّ		قلل		اسم تفضيل			مذكر	قُلّى		مفرد	+ون			DnN		Pm										Non	"أقَلُّ-أقَلُّ [ق ل ل]. 1.""كانَ عَدَدُ الحَاضِرِينَ اليَوْمَ أقَلَّ مِنَ الأمْسِ"" : أدْنَى عَدَداً. 2.""عَلَى الأقَلِّ كانَ يَنْبَغِي أنْ يَبْعثَ بِبِطَاقَةِ تَهْنِئَةٍ"" : أبْسَطُ مَا كانَ... ""أقَلُّ مَا يُقَالُ فِي هَذِهِ الح"	
368	أَقَالِلُ		قلل		اسم تفضيل			مذكر			جمع																Non		
369	قُلّى		قلل		اسم تفضيل			مؤنث			مفرد	+ات			Dy	Pf											Non		
370	أَصْعَبُ		صعب		اسم تفضيل			مذكر	صُعْبَى		مفرد	أصاعب			DnN												Non	"أَصْعَبُ-أَصْعَبُ [ص ع ب]. ""ما أَصْعَبَ فِراقَهُ"" : ما أَقْساهُ، ما أَشَدَّهُ."	
371	أَصَاعِبُ		صعب		اسم تفضيل			مذكر			جمع																Non		
372	صُعْبَى		صعب		اسم تفضيل			مؤنث			مفرد				Dy	Pf													
